product1_id,product2_id
P022259,P022260
P002927,P002928
P00020993,P00020994
P00003661,P00003662
36861,210442348
P00015723,P00015724
P00013159,P00013160
P00007635,P00007636
P00005551,P00005552
P00012889,P00012890
P00000735,P00000736
P000193,P000194
P00020357,P00020358
B000LJCQRU,B000LJCQRU-reworded
b000in35ho,http://www.google.com/base/feeds/snippets/17101910436938629162
P016491,P016492
P000373,P000374
P024523,P024524
B000634IOK,B000634IOK-reworded
P00001799,P00001800
B000HWV9PG,B000HWV9PG-reworded
P00017241,P00017242
P000905,P000906
b000g7wses,http://www.google.com/base/feeds/snippets/18073883319223617218
38480,204647332
P007711,P007712
P00011599,P00011600
P022923,P022924
P002087,P002088
P007887,P007888
B000OH90W8,B000OH90W8-reworded
P00015387,P00015388
P00002737,P00002738
P00007725,P00007726
b00005auzh,http://www.google.com/base/feeds/snippets/17640225934406949646
22042,202145734
b0001g6q2e,http://www.google.com/base/feeds/snippets/6607475390801476875
P009227,P009228
33643,206928605
b000fowht8,http://www.google.com/base/feeds/snippets/17133221075889749370
B0001YRX5A,B0001YRX5A-reworded
P00005289,P00005290
P015275,P015276
P011587,P011588
B0002TOUUA,B0002TOUUA-reworded
P00006581,P00006582
P017639,P017640
P014691,P014692
P00002941,P00002942
P022439,P022440
b0001wn16m,http://www.google.com/base/feeds/snippets/18372325427432567642
P015179,P015180
P00004625,P00004626
P00008231,P00008232
P001441,P001442
P00005151,P00005152
B0002S5YHE,B0002S5YHE-reworded
P022431,P022432
P00000457,P00000458
B000I535BS,B000I535BS-reworded
P00020483,P00020484
B0000E1PD7,B0000E1PD7-reworded
P00014273,P00014274
P00004065,P00004066
b000pienlo,http://www.google.com/base/feeds/snippets/16974008974544976244
B000JJMOU6,B000JJMOU6-reworded
P007803,P007804
P00006729,P00006730
B0001YIYA8,B0001YIYA8-reworded
B0006ZAT32,B0006ZAT32-reworded
P008371,P008372
P00002141,P00002142
P003411,P003412
B0002MAZBK,B0002MAZBK-reworded
P000611,P000612
P026195,P026196
P025063,P025064
P00012983,P00012984
P004011,P004012
P00008639,P00008640
P000055,P000056
P013371,P013372
P00020441,P00020442
0855983698,0855983698-reworded
b0001xnkoy,http://www.google.com/base/feeds/snippets/17826820522977097999
P011619,P011620
P00016147,P00016148
P00018357,P00018358
P000923,P000924
33455,208033955
P011131,P011132
P007811,P007812
P00002973,P00002974
P00009701,P00009702
P00000581,P00000582
35186,208117919
P021747,P021748
P015159,P015160
23537,203069939
P009079,P009080
P00017647,P00017648
P011023,P011024
P00011761,P00011762
P010547,P010548
B0000AWYEK,B0000AWYEK-reworded
b000fkd3cc,http://www.google.com/base/feeds/snippets/18388829675891326365
P00009541,P00009542
P00002155,P00002156
B00076ZR8C,B00076ZR8C-reworded
B00028NJSU,B00028NJSU-reworded
P003375,P003376
P00012041,P00012042
P019075,P019076
B0002VNQN0,B0002VNQN0-reworded
P00012331,P00012332
P018707,P018708
P00007717,P00007718
P00004185,P00004186
b000g0lkcg,http://www.google.com/base/feeds/snippets/14235968984166622494
P00021021,P00021022
b0009dt87e,http://www.google.com/base/feeds/snippets/12849123232978824729
B0000C3A7H,B0000C3A7H-reworded
P00017077,P00017078
P00011643,P00011644
B0002ZROU2,B0002ZROU2-reworded
P00014445,P00014446
b000j5lgg8,http://www.google.com/base/feeds/snippets/18004448735840625942
P00009543,P00009544
B000I634RC,B000I634RC-reworded
P018243,P018244
P013019,P013020
P00008809,P00008810
P005263,P005264
B000COC3IQ,B000COC3IQ-reworded
b000o39tgo,http://www.google.com/base/feeds/snippets/11742689310169054682
B000EC3ERU,B000EC3ERU-reworded
P00020995,P00020996
B000POJGZG,B000POJGZG-reworded
b000ndid4y,http://www.google.com/base/feeds/snippets/18383405503824080160
B00007AV0G,B00007AV0G-reworded
P00000659,P00000660
B000227NGK,B000227NGK-reworded
P024359,P024360
P006723,P006724
P00012151,P00012152
B000KZ6HES,B000KZ6HES-reworded
P00017133,P00017134
P00013207,P00013208
P004875,P004876
P00012927,P00012928
16877,202434158
P021631,P021632
P00008233,P00008234
P019919,P019920
P016243,P016244
B000ELYDUI,B000ELYDUI-reworded
P00017031,P00017032
P022959,P022960
P00003387,P00003388
b00002s5ig,http://www.google.com/base/feeds/snippets/4015258116571466944
P015427,P015428
P00009059,P00009060
B000FOIK6M,B000FOIK6M-reworded
36718,208930723
P020927,P020928
P000601,P000602
P00017331,P00017332
B0002NYVF0,B0002NYVF0-reworded
P00007031,P00007032
P000167,P000168
B000LHIO4G,B000LHIO4G-reworded
b000l1phg0,http://www.google.com/base/feeds/snippets/18394332776181186072
P00019545,P00019546
B0002NYQSM,B0002NYQSM-reworded
P00009439,P00009440
P000591,P000592
b000b676fa,http://www.google.com/base/feeds/snippets/17982318849719467269
B000RU40V8,B000RU40V8-reworded
B000FAFRFI,B000FAFRFI-reworded
B000ESQ0NE,B000ESQ0NE-reworded
P000419,P000420
P00007299,P00007300
B0006596HM,B0006596HM-reworded
P017211,P017212
P00021089,P00021090
P00013257,P00013258
P004459,P004460
P016079,P016080
B0000AJHZL,B0000AJHZL-reworded
P00015961,P00015962
P00004913,P00004914
B000072RJ6,B000072RJ6-reworded
P00014055,P00014056
P000097,P000098
b000frqfe8,http://www.google.com/base/feeds/snippets/4450102625152904120
34092,210520736
P00017307,P00017308
P008367,P008368
b000gwkol2,http://www.google.com/base/feeds/snippets/18376303388125635572
P00011897,P00011898
P00009511,P00009512
B00006HOD4,B00006HOD4-reworded
P00003765,P00003766
b000hhxeuo,http://www.google.com/base/feeds/snippets/1861020527779170726
P017867,P017868
P00001377,P00001378
B0001JXCIM,B0001JXCIM-reworded
P004671,P004672
P016263,P016264
P00004207,P00004208
B000HOPSVA,B000HOPSVA-reworded
B00066ZP8U,B00066ZP8U-reworded
B000O5L4OM,B000O5L4OM-reworded
P003359,P003360
31970,206419131
P025895,P025896
P00011169,P00011170
P023603,P023604
P00020861,P00020862
P026535,P026536
P00018661,P00018662
P00003289,P00003290
P002235,P002236
B0000DDZZ5,B0000DDZZ5-reworded
P00020769,P00020770
B0002LKNS6,B0002LKNS6-reworded
P00003121,P00003122
P002251,P002252
P00000765,P00000766
P00008167,P00008168
P022279,P022280
P011191,P011192
P00000313,P00000314
P00011965,P00011966
P00012159,P00012160
P018783,P018784
P00004809,P00004810
P005131,P005132
P00014589,P00014590
P00020003,P00020004
P011867,P011868
P00002293,P00002294
P00009789,P00009790
B00007GDAL,B00007GDAL-reworded
P00018075,P00018076
b00065hjvc,http://www.google.com/base/feeds/snippets/17535862274044952617
P00003939,P00003940
P00009333,P00009334
39038,204348269
P00003499,P00003500
P00010979,P00010980
B0002L020A,B0002L020A-reworded
B0000A0MZC,B0000A0MZC-reworded
P00020375,P00020376
B000IXPP9K,B000IXPP9K-reworded
B0002T6EF4,B0002T6EF4-reworded
B000AHOCLQ,B000AHOCLQ-reworded
B0002T6COC,B0002T6COC-reworded
P00009635,P00009636
P00001137,P00001138
B00009OLU0,B00009OLU0-reworded
P00014197,P00014198
B0000CBALY,B0000CBALY-reworded
P00016207,P00016208
P00016923,P00016924
25262,10315184
P00014783,P00014784
P00014565,P00014566
P00019777,P00019778
P00000943,P00000944
P000415,P000416
P019207,P019208
b000ogsyjy,http://www.google.com/base/feeds/snippets/2253075076541338967
P025275,P025276
P00012011,P00012012
P007703,P007704
P00011461,P00011462
B000LWSOZ0,B000LWSOZ0-reworded
36143,207907552
P00006495,P00006496
P00003835,P00003836
P00018359,P00018360
P00016731,P00016732
P00016033,P00016034
P00006191,P00006192
P010995,P010996
B0001YIOD0,B0001YIOD0-reworded
P004839,P004840
P015699,P015700
P00012895,P00012896
P00019491,P00019492
28304,203405814
P00006655,P00006656
b000h0k3zu,http://www.google.com/base/feeds/snippets/2069408671914881522
P006267,P006268
P00015221,P00015222
P003091,P003092
P018903,P018904
34395,206362749
P004859,P004860
P026359,P026360
P024967,P024968
P017503,P017504
b000ndib6y,http://www.google.com/base/feeds/snippets/13659935621775890962
P00002201,P00002202
B0009MZTCS,B0009MZTCS-reworded
B000ID1NMS,B000ID1NMS-reworded
b000egidue,http://www.google.com/base/feeds/snippets/18264347410665748173
P00003057,P00003058
B0000E240O,B0000E240O-reworded
P000659,P000660
P004375,P004376
P023435,P023436
P022895,P022896
P00016609,P00016610
34102,205886768
B00066DAAA,B00066DAAA-reworded
B0006L9ZZY,B0006L9ZZY-reworded
P000115,P000116
B000GPLZFS,B000GPLZFS-reworded
P024963,P024964
P00008973,P00008974
B000234UCO,B000234UCO-reworded
P00005401,P00005402
P001019,P001020
P012115,P012116
P024471,P024472
P00009669,P00009670
P004507,P004508
b000p5in5e,http://www.google.com/base/feeds/snippets/17334196774609191985
B0002VNHX4,B0002VNHX4-reworded
0786192224,0786192224-reworded
P00007247,P00007248
P00009717,P00009718
P00020467,P00020468
P00004423,P00004424
P00020959,P00020960
P00013863,P00013864
38400,209208547
b000nknb26,http://www.google.com/base/feeds/snippets/18407763828897928168
P00006447,P00006448
P00012057,P00012058
P00017527,P00017528
P00019243,P00019244
P026379,P026380
B000KRVKD4,B000KRVKD4-reworded
b000bt8trg,http://www.google.com/base/feeds/snippets/11826731647881867985
P00008435,P00008436
b000ndibkk,http://www.google.com/base/feeds/snippets/4247841323668156699
P00005791,P00005792
P00018867,P00018868
P000127,P000128
P00021031,P00021032
P000129,P000130
B000783GT2,B000783GT2-reworded
P025883,P025884
P004787,P004788
P00009031,P00009032
P008355,P008356
P00008343,P00008344
B000ARB20A,B000ARB20A-reworded
P023515,P023516
b000etjjae,http://www.google.com/base/feeds/snippets/12845228373531717554
29273,202070807
P00016587,P00016588
P001031,P001032
P018843,P018844
P023127,P023128
P00020783,P00020784
b000ovnlxs,http://www.google.com/base/feeds/snippets/12398024089660412056
P003011,P003012
P019887,P019888
B0006ZSPTM,B0006ZSPTM-reworded
b0009y6f0g,http://www.google.com/base/feeds/snippets/18404319188505755669
B000COC8LI,B000COC8LI-reworded
P001409,P001410
P00012359,P00012360
b000bi8m2e,http://www.google.com/base/feeds/snippets/9000601847258285543
P00020365,P00020366
P00000025,P00000026
P00015285,P00015286
P00006067,P00006068
B0002MWKFE,B0002MWKFE-reworded
P00007239,P00007240
P001051,P001052
P025023,P025024
B000EOV4QG,B000EOV4QG-reworded
B000P4W7JI,B000P4W7JI-reworded
P011155,P011156
P016831,P016832
P00002457,P00002458
B0007OVKN0,B0007OVKN0-reworded
b000hbysc8,http://www.google.com/base/feeds/snippets/11343515411965421256
B00008IPLK,B00008IPLK-reworded
13996,203025174
P00009971,P00009972
P00011213,P00011214
P002855,P002856
28963,202106724
P010487,P010488
P00015695,P00015696
P00012051,P00012052
P00001471,P00001472
P00011225,P00011226
B0000D8Q6A,B0000D8Q6A-reworded
P00000099,P00000100
P00012533,P00012534
P00017157,P00017158
P00015381,P00015382
P00001797,P00001798
25291,203308084
P006735,P006736
P00005651,P00005652
P011707,P011708
b000063v0z,http://www.google.com/base/feeds/snippets/3325089562849958903
B000FI2Z50,B000FI2Z50-reworded
P023711,P023712
B000NABEHA,B000NABEHA-reworded
P00001163,P00001164
P00001951,P00001952
P00004647,P00004648
P003447,P003448
P00002473,P00002474
P007231,P007232
P021159,P021160
27739,204644752
P005775,P005776
P00001517,P00001518
P00007427,P00007428
P00016021,P00016022
P00011827,P00011828
P00005571,P00005572
P003035,P003036
P00007273,P00007274
b000nkj29c,http://www.google.com/base/feeds/snippets/17390440905927321212
P00002959,P00002960
P00018379,P00018380
P00002071,P00002072
P021379,P021380
B000BO5UM8,B000BO5UM8-reworded
P00000751,P00000752
b0009qvgeo,http://www.google.com/base/feeds/snippets/17491282253363994324
P006339,P006340
P019019,P019020
P00006113,P00006114
P00006747,P00006748
P00005805,P00005806
P00011711,P00011712
P018503,P018504
P001247,P001248
P00004651,P00004652
P00009909,P00009910
P025671,P025672
P00010899,P00010900
P00005353,P00005354
P00010749,P00010750
P00018279,P00018280
P00014593,P00014594
P022515,P022516
P00016713,P00016714
B00067RI7K,B00067RI7K-reworded
P00006827,P00006828
P00020079,P00020080
P013039,P013040
b000p4v8am,http://www.google.com/base/feeds/snippets/17411076438303340250
B000OZANNA,B000OZANNA-reworded
P018711,P018712
B0001OGHOI,B0001OGHOI-reworded
B000695J9W,B000695J9W-reworded
B0000WLGW4,B0000WLGW4-reworded
B000MWH43M,B000MWH43M-reworded
B0000ZHF9Y,B0000ZHF9Y-reworded
P021643,P021644
b000jx84va,http://www.google.com/base/feeds/snippets/17836395815164917371
B0002VNRSY,B0002VNRSY-reworded
B0001U1B8E,B0001U1B8E-reworded
P00017529,P00017530
P00007091,P00007092
P00017295,P00017296
P020639,P020640
P00004295,P00004296
P026499,P026500
19141,90145586
P00009983,P00009984
P00018041,P00018042
P00001791,P00001792
P00017723,P00017724
B000AD3JC8,B000AD3JC8-reworded
P004503,P004504
P00002159,P00002160
P000881,P000882
P00021105,P00021106
P00011141,P00011142
B000621V8W,B000621V8W-reworded
P00008801,P00008802
B0000WLPR0,B0000WLPR0-reworded
P017987,P017988
b00005atxo,http://www.google.com/base/feeds/snippets/11430069725574750424
P00009499,P00009500
P00010941,P00010942
P00005897,P00005898
B0002TOTT2,B0002TOTT2-reworded
P00016023,P00016024
P011367,P011368
P00004441,P00004442
b0001bfdau,http://www.google.com/base/feeds/snippets/4081985616275580076
P00014263,P00014264
P019359,P019360
P00018861,P00018862
P00013941,P00013942
P00007123,P00007124
B0000WL3CW,B0000WL3CW-reworded
P00006165,P00006166
P010723,P010724
P00010783,P00010784
B0002VN982,B0002VN982-reworded
P011051,P011052
P00014301,P00014302
P00011395,P00011396
P000115,P000116
P00014705,P00014706
b000ffsgga,http://www.google.com/base/feeds/snippets/9487354196638610375
P006583,P006584
28500,203445749
34854,209297157
P00013123,P00013124
B0000ZHCQA,B0000ZHCQA-reworded
B000N0BX26,B000N0BX26-reworded
P00008703,P00008704
P016739,P016740
P002039,P002040
P006283,P006284
P00009077,P00009078
P00019285,P00019286
P026299,P026300
P000031,P000032
P00013729,P00013730
P00009417,P00009418
B000LR3FDQ,B000LR3FDQ-reworded
P026527,P026528
P013663,P013664
B000JW6KIA,B000JW6KIA-reworded
P00005389,P00005390
B0002T6EMW,B0002T6EMW-reworded
P000403,P000404
b0006oei8u,http://www.google.com/base/feeds/snippets/18409822956112890125
P002431,P002432
B0000DIOEK,B0000DIOEK-reworded
B0002GKJIK,B0002GKJIK-reworded
b000j6ddrw,http://www.google.com/base/feeds/snippets/18190371164810858934
b000ofnrhy,http://www.google.com/base/feeds/snippets/5098650180744423847
P00004709,P00004710
P00004389,P00004390
P00004679,P00004680
37856,210252385
B000A81QDC,B000A81QDC-reworded
P000577,P000578
P020263,P020264
B0002ZD9VK,B0002ZD9VK-reworded
P00000239,P00000240
B000J28ILW,B000J28ILW-reworded
P000981,P000982
P000037,P000038
P00014579,P00014580
B000KA98JE,B000KA98JE-reworded
P001347,P001348
P001795,P001796
P00008647,P00008648
B0002J4MKS,B0002J4MKS-reworded
P00008287,P00008288
P013639,P013640
P00008991,P00008992
B00066PIZK,B00066PIZK-reworded
P00013043,P00013044
P00011317,P00011318
b000j6ddrw,http://www.google.com/base/feeds/snippets/18378133609675219667
P00009233,P00009234
b000o3bj3k,http://www.google.com/base/feeds/snippets/12942134175594025487
P00001307,P00001308
P019083,P019084
P00008719,P00008720
P006995,P006996
b0009jhv1s,http://www.google.com/base/feeds/snippets/18080236342166120371
35031,208156878
P023123,P023124
P009547,P009548
P009099,P009100
P001145,P001146
P006135,P006136
P00004525,P00004526
P00015007,P00015008
B0000C3ADC,B0000C3ADC-reworded
B0002FHGBO,B0002FHGBO-reworded
P00019577,P00019578
B000F1RFNE,B000F1RFNE-reworded
P016303,P016304
P00012405,P00012406
P005699,P005700
P013671,P013672
P023587,P023588
P00012947,P00012948
P025431,P025432
b000mz7c36,http://www.google.com/base/feeds/snippets/1209717630190599142
P00006081,P00006082
P005939,P005940
P003199,P003200
P00008515,P00008516
P00019869,P00019870
P00007283,P00007284
30939,205557540
B000MX5YBU,B000MX5YBU-reworded
P00011597,P00011598
P00017441,P00017442
P008135,P008136
P00018501,P00018502
B000IG8FJY,B000IG8FJY-reworded
P00015689,P00015690
P00006797,P00006798
P003127,P003128
B000HKQRWI,B000HKQRWI-reworded
P00008921,P00008922
P020611,P020612
B0000868O2,B0000868O2-reworded
P00008611,P00008612
B0000C3ECV,B0000C3ECV-reworded
0760309752,0760309752-reworded
P019963,P019964
P00002581,P00002582
P00009721,P00009722
P002379,P002380
P00014635,P00014636
P00020489,P00020490
P008395,P008396
P025747,P025748
P018519,P018520
b00030iej6,http://www.google.com/base/feeds/snippets/7742313617688572944
P001133,P001134
P018215,P018216
B000GCOKI0,B000GCOKI0-reworded
P00001055,P00001056
P00019821,P00019822
P00000101,P00000102
P014551,P014552
P021651,P021652
B000E3W3P8,B000E3W3P8-reworded
P00004945,P00004946
P00005043,P00005044
P00012259,P00012260
P022519,P022520
P009031,P009032
P00006061,P00006062
P00007657,P00007658
B000I25JOC,B000I25JOC-reworded
P00012561,P00012562
P010751,P010752
P00011411,P00011412
P00002185,P00002186
B000MSE11O,B000MSE11O-reworded
b000ndibq4,http://www.google.com/base/feeds/snippets/2461116331238857888
P007191,P007192
P00017007,P00017008
P000245,P000246
P00014737,P00014738
P00015215,P00015216
P00012551,P00012552
B000HPKMKQ,B000HPKMKQ-reworded
P00001165,P00001166
P009263,P009264
P001021,P001022
P022143,P022144
38475,10140760
P00000223,P00000224
P014699,P014700
P00007497,P00007498
B00008L1ST,B00008L1ST-reworded
P00020517,P00020518
P001843,P001844
P00003997,P00003998
P00006631,P00006632
P009195,P009196
P00003203,P00003204
P00000687,P00000688
P00001027,P00001028
P00004097,P00004098
P00007823,P00007824
P00020615,P00020616
P00016301,P00016302
P00005583,P00005584
35247,208504407
b000h241zg,http://www.google.com/base/feeds/snippets/18399328874850787866
P00010521,P00010522
34401,208456262
P00013703,P00013704
B000OCMLE2,B000OCMLE2-reworded
P00015671,P00015672
P00006265,P00006266
P00004989,P00004990
P025731,P025732
B0002IW1Y8,B0002IW1Y8-reworded
P00013297,P00013298
38003,210404123
P00015533,P00015534
B0000C2KKE,B0000C2KKE-reworded
P00000879,P00000880
P00000465,P00000466
P001317,P001318
P00008215,P00008216
b000aa87go,http://www.google.com/base/feeds/snippets/1803780371601211439
b0001wn0ky,http://www.google.com/base/feeds/snippets/16388256207576026986
B0002MWKKY,B0002MWKKY-reworded
P00004801,P00004802
P00008839,P00008840
P018531,P018532
B000FMPNH8,B000FMPNH8-reworded
P00013789,P00013790
b0007lw22g,http://www.google.com/base/feeds/snippets/10849068506859926430
0897297067,0897297067-reworded
P00018545,P00018546
P00000555,P00000556
B000B84JJO,B000B84JJO-reworded
B000CODNAS,B000CODNAS-reworded
B000658ZVU,B000658ZVU-reworded
P00014495,P00014496
P00012801,P00012802
P019607,P019608
P00014861,P00014862
P00012109,P00012110
P021459,P021460
P00007415,P00007416
P00019397,P00019398
P005683,P005684
P00020299,P00020300
P025767,P025768
P004431,P004432
P00019143,P00019144
P00010569,P00010570
P00014233,P00014234
P00007581,P00007582
P00016209,P00016210
P00016983,P00016984
P00007489,P00007490
P00010905,P00010906
P021763,P021764
P00011569,P00011570
P00004623,P00004624
b00032hey0,http://www.google.com/base/feeds/snippets/13776469109811872414
36168,208171630
b000trgqqg,http://www.google.com/base/feeds/snippets/16874485945364761422
B00066ZGXY,B00066ZGXY-reworded
P00020259,P00020260
b0000dbykm,http://www.google.com/base/feeds/snippets/18363672170449359273
P00014619,P00014620
P00018515,P00018516
P000715,P000716
P00015389,P00015390
P020283,P020284
P012735,P012736
P00001463,P00001464
P00001449,P00001450
P002479,P002480
P009211,P009212
P00014697,P00014698
P00002261,P00002262
P020539,P020540
P001647,P001648
P010227,P010228
P002511,P002512
P00010315,P00010316
P012779,P012780
P00015989,P00015990
P00012683,P00012684
P008359,P008360
P00006751,P00006752
P016735,P016736
B0002565J8,B0002565J8-reworded
P021491,P021492
P00009949,P00009950
B000R45YQO,B000R45YQO-reworded
B0001LMS4Y,B0001LMS4Y-reworded
B0002TOVVI,B0002TOVVI-reworded
P022827,P022828
P011859,P011860
P022151,P022152
P003371,P003372
b000ndib8m,http://www.google.com/base/feeds/snippets/10834301366840736522
P00017837,P00017838
B0002KW2D6,B0002KW2D6-reworded
P00017413,P00017414
b0001xdysq,http://www.google.com/base/feeds/snippets/10775485982845096156
P00018347,P00018348
B0006V0BBQ,B0006V0BBQ-reworded
B000MVJBQG,B000MVJBQG-reworded
B000KADELM,B000KADELM-reworded
P017923,P017924
P000899,P000900
P00015595,P00015596
P00020043,P00020044
P009207,P009208
P00017069,P00017070
P026635,P026636
B0001KE3VQ,B0001KE3VQ-reworded
P000233,P000234
P00006463,P00006464
B000PEU6OG,B000PEU6OG-reworded
P00003403,P00003404
P00003399,P00003400
P00000869,P00000870
b000u1w4us,http://www.google.com/base/feeds/snippets/17155028207234161100
B000BVNY60,B000BVNY60-reworded
B0006BAR38,B0006BAR38-reworded
P017567,P017568
B0001AURGQ,B0001AURGQ-reworded
P025259,P025260
P00009967,P00009968
P00011329,P00011330
P00007461,P00007462
B000H10X0O,B000H10X0O-reworded
P00018729,P00018730
B00011TKZO,B00011TKZO-reworded
B000HQC8R0,B000HQC8R0-reworded
P00002181,P00002182
P00012143,P00012144
P025103,P025104
b000iwarqw,http://www.google.com/base/feeds/snippets/8805781114218671102
P020411,P020412
P00011601,P00011602
B000079NGO,B000079NGO-reworded
P007979,P007980
P011039,P011040
P025207,P025208
P00006605,P00006606
P00019915,P00019916
P00014869,P00014870
B0001MBJOS,B0001MBJOS-reworded
B000B9O83A,B000B9O83A-reworded
P00009859,P00009860
P00008133,P00008134
B000KBKWYS,B000KBKWYS-reworded
1886284407,1886284407-reworded
P00009387,P00009388
b000o231le,http://www.google.com/base/feeds/snippets/9043771553757075875
P019855,P019856
B0000C3GEK,B0000C3GEK-reworded
P00015835,P00015836
P00017971,P00017972
P020087,P020088
b000k6crb4,http://www.google.com/base/feeds/snippets/14783944613059032198
B00066ZOBI,B00066ZOBI-reworded
P00000215,P00000216
P00014341,P00014342
B000PA030C,B000PA030C-reworded
P023223,P023224
P00005899,P00005900
B000EBN8OK,B000EBN8OK-reworded
P00018289,P00018290
B0000TFZX8,B0000TFZX8-reworded
P00003665,P00003666
b000rlqnr6,http://www.google.com/base/feeds/snippets/16687635820409313347
B0001B9DZG,B0001B9DZG-reworded
P00018537,P00018538
37807,207682397
P019643,P019644
36102,90139585
P000735,P000736
P017899,P017900
P00007917,P00007918
13701,90108521
P00016893,P00016894
P000581,P000582
33053,10221960
b000bezsyi,http://www.google.com/base/feeds/snippets/10911853136488554482
P00015813,P00015814
P014959,P014960
b000nkrj0q,http://www.google.com/base/feeds/snippets/13749047006070540730
P00003249,P00003250
B0000AJHXS,B0000AJHXS-reworded
b000ofnri8,http://www.google.com/base/feeds/snippets/12244614697089679523
P00000851,P00000852
P00008533,P00008534
P00001439,P00001440
P012903,P012904
B000E5E7NM,B000E5E7NM-reworded
36450,209393872
P00001907,P00001908
P00008057,P00008058
B0002OQBH0,B0002OQBH0-reworded
P00008523,P00008524
P00002177,P00002178
P001399,P001400
B0000C2OTM,B0000C2OTM-reworded
P00000063,P00000064
P00011043,P00011044
P00020485,P00020486
b00006sijq,http://www.google.com/base/feeds/snippets/12017561125627261759
P000565,P000566
B000FS2JA6,B000FS2JA6-reworded
26563,202125720
P005507,P005508
B000NKYTAE,B000NKYTAE-reworded
37210,209656961
P007343,P007344
P00006157,P00006158
P024459,P024460
P001431,P001432
P008567,P008568
P00020393,P00020394
B0006IU7QI,B0006IU7QI-reworded
P00018263,P00018264
B0002T6B7U,B0002T6B7U-reworded
26891,202870174
P00004609,P00004610
P00002645,P00002646
P00005433,P00005434
P008339,P008340
B00069T9WA,B00069T9WA-reworded
P004987,P004988
P00000389,P00000390
P000535,P000536
P002019,P002020
b000na1v8w,http://www.google.com/base/feeds/snippets/12662824890153121005
22212,90131741
P019247,P019248
P00010483,P00010484
P00014831,P00014832
P00003045,P00003046
B000N25YH4,B000N25YH4-reworded
P025751,P025752
P00005317,P00005318
B000LDM1AS,B000LDM1AS-reworded
P00004851,P00004852
P00002043,P00002044
P00009033,P00009034
P00014353,P00014354
P00005847,P00005848
B000ORJZFK,B000ORJZFK-reworded
P00005241,P00005242
25113,207910387
P009599,P009600
P010863,P010864
B0002NXSGS,B0002NXSGS-reworded
P00005503,P00005504
B0000864IY,B0000864IY-reworded
33219,205562000
P00018403,P00018404
B000NV8BKW,B000NV8BKW-reworded
P024191,P024192
P019267,P019268
9546,208294904
B0043988I0,B0043988I0-reworded
P00015443,P00015444
b000aoz7hw,http://www.google.com/base/feeds/snippets/10563522754094993865
B0002NZ8CA,B0002NZ8CA-reworded
P026419,P026420
P000023,P000024
35748,210435439
P00004415,P00004416
P021671,P021672
P004911,P004912
B000NML1QW,B000NML1QW-reworded
P00015853,P00015854
26622,203201062
B0002VN9PA,B0002VN9PA-reworded
P003159,P003160
P00004117,P00004118
37340,208890876
P001527,P001528
P00009053,P00009054
b000fqvxf0,http://www.google.com/base/feeds/snippets/9954012264342776691
b000k6b3zu,http://www.google.com/base/feeds/snippets/257434657988780139
34864,208294717
P00003849,P00003850
b000exu99k,http://www.google.com/base/feeds/snippets/17647670175814866187
P003059,P003060
P022015,P022016
37174,209208663
P00002515,P00002516
P00003577,P00003578
B000BJO0CE,B000BJO0CE-reworded
P004355,P004356
P00011321,P00011322
P00004381,P00004382
P009847,P009848
P00017805,P00017806
23635,202900002
P00005533,P00005534
P00006287,P00006288
b000ndid44,http://www.google.com/base/feeds/snippets/1396058941659125307
P00013313,P00013314
P003347,P003348
P00017119,P00017120
P00010579,P00010580
P00007357,P00007358
P00000411,P00000412
B00066PC10,B00066PC10-reworded
P00015173,P00015174
b0001fyrqc,http://www.google.com/base/feeds/snippets/5976779863499710865
P00017563,P00017564
P006031,P006032
P00014359,P00014360
B000G04YY2,B000G04YY2-reworded
P000961,P000962
P00014271,P00014272
P00018227,P00018228
P022763,P022764
B000NKK5HA,B000NKK5HA-reworded
P00002027,P00002028
P001807,P001808
P00008459,P00008460
P011031,P011032
B0002TPA7C,B0002TPA7C-reworded
B0000862WL,B0000862WL-reworded
P00002333,P00002334
33625,207506253
P00007191,P00007192
P001275,P001276
P000369,P000370
B000A3E4AY,B000A3E4AY-reworded
B000HCTT1C,B000HCTT1C-reworded
P00002459,P00002460
P006831,P006832
B00066PCAQ,B00066PCAQ-reworded
P021471,P021472
P00002815,P00002816
P006739,P006740
b00027eqmy,http://www.google.com/base/feeds/snippets/2460101921085498175
B000BUBCOM,B000BUBCOM-reworded
P00005109,P00005110
38500,208787116
P018231,P018232
P00005107,P00005108
b000hlt4tu,http://www.google.com/base/feeds/snippets/18404168006486239466
P011403,P011404
P000321,P000322
P012355,P012356
P00003621,P00003622
B00066PKW6,B00066PKW6-reworded
P00012047,P00012048
35877,204020411
P00002415,P00002416
P00007777,P00007778
P011595,P011596
P006095,P006096
0295974354,0295974354-reworded
b000btac30,http://www.google.com/base/feeds/snippets/16883659993106723886
P022951,P022952
B00030ISTC,B00030ISTC-reworded
P021623,P021624
P00009471,P00009472
B000NV8BNY,B000NV8BNY-reworded
P00001225,P00001226
P00020335,P00020336
b000p9eqva,http://www.google.com/base/feeds/snippets/13127837519859196528
P002103,P002104
P005003,P005004
P006187,P006188
P006979,P006980
P00009011,P00009012
P00010807,P00010808
P00001415,P00001416
b000j6dues,http://www.google.com/base/feeds/snippets/12495037922890432173
P00015015,P00015016
P00008107,P00008108
P021355,P021356
P011431,P011432
P00008427,P00008428
B00011RSNA,B00011RSNA-reworded
P007867,P007868
P00000315,P00000316
P00015655,P00015656
P011987,P011988
P003555,P003556
P023455,P023456
P00006775,P00006776
B000E0K7CC,B000E0K7CC-reworded
P019463,P019464
B000N2JYN4,B000N2JYN4-reworded
P000239,P000240
P020971,P020972
P00000505,P00000506
b0006z16qq,http://www.google.com/base/feeds/snippets/18445827127704822533
P00017245,P00017246
B0002OQTVI,B0002OQTVI-reworded
P004163,P004164
P001531,P001532
b0009yegpc,http://www.google.com/base/feeds/snippets/13834985344480832776
b000h2421o,http://www.google.com/base/feeds/snippets/17262070833319550928
P002091,P002092
37091,207390618
P00009355,P00009356
P00010859,P00010860
P00011119,P00011120
P00007455,P00007456
P00020643,P00020644
P00002937,P00002938
P00014129,P00014130
P009311,P009312
P00009867,P00009868
P00009383,P00009384
P00013965,P00013966
P001335,P001336
b00032hexq,http://www.google.com/base/feeds/snippets/6856336028258284106
P001959,P001960
P00012215,P00012216
P018291,P018292
P005115,P005116
P00009509,P00009510
B000FFIL9W,B000FFIL9W-reworded
P00011773,P00011774
P00009029,P00009030
P00017153,P00017154
20534,203022202
B000IEFW6K,B000IEFW6K-reworded
P00000781,P00000782
P00011819,P00011820
B0002NYPV0,B0002NYPV0-reworded
b000hcz9ac,http://www.google.com/base/feeds/snippets/18394964067436310447
P013483,P013484
P000001,P000002
P00018563,P00018564
b000fzz730,http://www.google.com/base/feeds/snippets/10105070429318394420
P018659,P018660
P000817,P000818
37257,209208719
P00002743,P00002744
B0000CB9UG,B0000CB9UG-reworded
P00008053,P00008054
P00015753,P00015754
B0002V7LUO,B0002V7LUO-reworded
B0000DIOEW,B0000DIOEW-reworded
P00001321,P00001322
P021583,P021584
P024563,P024564
B0007YGBRU,B0007YGBRU-reworded
B00066Q0IY,B00066Q0IY-reworded
P016999,P017000
B000BI8ECW,B000BI8ECW-reworded
B000KHBA0W,B000KHBA0W-reworded
B0002TPCZM,B0002TPCZM-reworded
P010007,P010008
P020567,P020568
P002911,P002912
B0001YS5N4,B0001YS5N4-reworded
P000191,P000192
P00000351,P00000352
P00007641,P00007642
P00000231,P00000232
P024883,P024884
P00002143,P00002144
P001915,P001916
32560,207540310
P012591,P012592
10102,90106210
B0002VNS4M,B0002VNS4M-reworded
P00011373,P00011374
P00020129,P00020130
B000N345UK,B000N345UK-reworded
P00014935,P00014936
B0002VN824,B0002VN824-reworded
B0001YRMZG,B0001YRMZG-reworded
P025167,P025168
B000EA56BY,B000EA56BY-reworded
P021667,P021668
P00012007,P00012008
B0002Z83R0,B0002Z83R0-reworded
P00003087,P00003088
b0009i9tqy,http://www.google.com/base/feeds/snippets/8804538687114603592
P00005235,P00005236
P015719,P015720
P00005875,P00005876
P004107,P004108
P00003383,P00003384
P018387,P018388
B0002TPAPE,B0002TPAPE-reworded
P000349,P000350
P00014333,P00014334
P00010987,P00010988
P00014117,P00014118
B000143DCC,B000143DCC-reworded
P017251,P017252
B0009K5UKG,B0009K5UKG-reworded
P020855,P020856
P00007789,P00007790
P00004429,P00004430
P024707,P024708
P016335,P016336
B00006Y0CG,B00006Y0CG-reworded
P00019741,P00019742
36456,208226692
P018027,P018028
P00020499,P00020500
P011515,P011516
P019243,P019244
P00008781,P00008782
B000J60GT0,B000J60GT0-reworded
P000763,P000764
P00017501,P00017502
P00006435,P00006436
B0000C39JS,B0000C39JS-reworded
b000jf5zec,http://www.google.com/base/feeds/snippets/13629768701500088491
P003915,P003916
P00005989,P00005990
P00000565,P00000566
P00011963,P00011964
P008559,P008560
P00014037,P00014038
P00014061,P00014062
P00002225,P00002226
P00001453,P00001454
P00006357,P00006358
P008767,P008768
P009747,P009748
P00010371,P00010372
P00007149,P00007150
B000214AEO,B000214AEO-reworded
P00006159,P00006160
P019135,P019136
P00008429,P00008430
B0002VNQJE,B0002VNQJE-reworded
P024959,P024960
7195,90105458
P00017399,P00017400
b000edgo2q,http://www.google.com/base/feeds/snippets/7147648211015076337
P025899,P025900
P002219,P002220
P00014587,P00014588
P008255,P008256
P00017665,P00017666
P017775,P017776
P00000815,P00000816
P002119,P002120
B0000DIOER,B0000DIOER-reworded
P00009299,P00009300
P00003595,P00003596
P00019963,P00019964
P00013837,P00013838
b000cs3s2m,http://www.google.com/base/feeds/snippets/17504372812251027705
P019815,P019816
36151,207907558
B0000C3DZQ,B0000C3DZQ-reworded
P011675,P011676
P00008389,P00008390
P00013801,P00013802
P013795,P013796
P003935,P003936
P017351,P017352
B000AXW0WS,B000AXW0WS-reworded
B000IID808,B000IID808-reworded
b000kzf7oo,http://www.google.com/base/feeds/snippets/18395554978346558556
P001271,P001272
P006899,P006900
b000bddf08,http://www.google.com/base/feeds/snippets/11443016597547288676
P022043,P022044
28137,204254634
B000EX9N5Q,B000EX9N5Q-reworded
b000ndibwi,http://www.google.com/base/feeds/snippets/596526892186899957
P00002117,P00002118
P00004371,P00004372
B000FT2O5K,B000FT2O5K-reworded
B000FCUKUS,B000FCUKUS-reworded
B0000AHR9F,B0000AHR9F-reworded
P00003799,P00003800
P007379,P007380
P00002051,P00002052
P00012739,P00012740
P022111,P022112
B0006VP0T4,B0006VP0T4-reworded
P00001735,P00001736
P021999,P022000
P023819,P023820
P000655,P000656
P002775,P002776
P00008969,P00008970
B0002YO8I4,B0002YO8I4-reworded
P012231,P012232
P023135,P023136
B0002CQGKO,B0002CQGKO-reworded
P00010055,P00010056
17094,203151930
P004067,P004068
P00015111,P00015112
P000511,P000512
B0001464LY,B0001464LY-reworded
17372,10363243
P023519,P023520
P021843,P021844
B000MN8PPM,B000MN8PPM-reworded
P006559,P006560
b0001wn0m2,http://www.google.com/base/feeds/snippets/2691848002513611613
P006635,P006636
P012223,P012224
38784,204222897
P00003211,P00003212
P008535,P008536
P014811,P014812
P000739,P000740
P00019669,P00019670
P011395,P011396
P00008579,P00008580
P00003019,P00003020
P013375,P013376
b000ndicqi,http://www.google.com/base/feeds/snippets/9647142668602200141
B00030ISG0,B00030ISG0-reworded
P00005489,P00005490
B000144YOI,B000144YOI-reworded
P00006761,P00006762
B0000C39LU,B0000C39LU-reworded
P023627,P023628
P019291,P019292
P024107,P024108
P013043,P013044
b000twz14o,http://www.google.com/base/feeds/snippets/17467141222535233488
P002359,P002360
P019059,P019060
29464,204793355
P001547,P001548
P00019959,P00019960
B000EANKC6,B000EANKC6-reworded
P00005315,P00005316
B00066Q0QQ,B00066Q0QQ-reworded
33883,208177785
B000815FRO,B000815FRO-reworded
P00013597,P00013598
P00017497,P00017498
B0009SUZ9E,B0009SUZ9E-reworded
B0001MIBJO,B0001MIBJO-reworded
B0000WZQU2,B0000WZQU2-reworded
B0002XSUNY,B0002XSUNY-reworded
B000P0X66K,B000P0X66K-reworded
P000537,P000538
P015115,P015116
P023995,P023996
P001327,P001328
B000NVDGE8,B000NVDGE8-reworded
P00011107,P00011108
P016943,P016944
P001111,P001112
B0006ZM59I,B0006ZM59I-reworded
P004347,P004348
P00017707,P00017708
B0006I3VJ8,B0006I3VJ8-reworded
P00008165,P00008166
P00010917,P00010918
b000ffsgho,http://www.google.com/base/feeds/snippets/4935901327541769811
P00005979,P00005980
B00066ZTCC,B00066ZTCC-reworded
P022703,P022704
P006455,P006456
P006147,P006148
b000aoz7ko,http://www.google.com/base/feeds/snippets/153037367930985749
b000oahvl2,http://www.google.com/base/feeds/snippets/1341133658694254112
P018023,P018024
B0007G96M0,B0007G96M0-reworded
P00016239,P00016240
P00011767,P00011768
P014719,P014720
P00002991,P00002992
b000enucs8,http://www.google.com/base/feeds/snippets/18435241901201099210
P00017653,P00017654
P00006985,P00006986
B000HU0ADA,B000HU0ADA-reworded
P00014639,P00014640
P00017965,P00017966
P00009409,P00009410
B000KCI5KK,B000KCI5KK-reworded
P00009293,P00009294
P00000427,P00000428
P00002131,P00002132
B000R2YR8M,B000R2YR8M-reworded
P024003,P024004
B000FOO2EG,B000FOO2EG-reworded
P00009929,P00009930
P00002239,P00002240
P00014559,P00014560
P001731,P001732
B0000AWKAU,B0000AWKAU-reworded
P00016379,P00016380
B0006B52UG,B0006B52UG-reworded
P006647,P006648
P008739,P008740
P000835,P000836
P00020707,P00020708
P026031,P026032
P006335,P006336
P016923,P016924
P00004267,P00004268
B000078P1O,B000078P1O-reworded
P00008163,P00008164
P009235,P009236
B000147FTO,B000147FTO-reworded
P00004001,P00004002
P00020109,P00020110
B0006596DQ,B0006596DQ-reworded
P00001561,P00001562
P007235,P007236
B00016QOYY,B00016QOYY-reworded
P008539,P008540
P00004155,P00004156
P00007417,P00007418
B00018X3W8,B00018X3W8-reworded
b000oziaz8,http://www.google.com/base/feeds/snippets/15207825953028155236
P005743,P005744
P00019359,P00019360
P006971,P006972
35990,204049431
P00019695,P00019696
P001679,P001680
P00012535,P00012536
P00008195,P00008196
P00004095,P00004096
P012907,P012908
B0002M1XRK,B0002M1XRK-reworded
28149,203131412
B000632Z54,B000632Z54-reworded
P00003485,P00003486
P00010615,P00010616
P025551,P025552
P024399,P024400
b000b5srju,http://www.google.com/base/feeds/snippets/16872612252422367466
P00010661,P00010662
B000NDM4SU,B000NDM4SU-reworded
P005159,P005160
P00009891,P00009892
P00007483,P00007484
b000fzz77q,http://www.google.com/base/feeds/snippets/17008959831760960991
P00013383,P00013384
B0000WLLXS,B0000WLLXS-reworded
P00018691,P00018692
P00016753,P00016754
b000qxdj0y,http://www.google.com/base/feeds/snippets/11808064350838387307
27194,204318283
B0009SAJYU,B0009SAJYU-reworded
P00010423,P00010424
P00010205,P00010206
0471178470,0471178470-reworded
P000367,P000368
P021791,P021792
P003715,P003716
B000074F5L,B000074F5L-reworded
b0000azk3v,http://www.google.com/base/feeds/snippets/8506958797516287357
P006811,P006812
b000itvtqm,http://www.google.com/base/feeds/snippets/3539622760913695235
P00010929,P00010930
P00013629,P00013630
B0000ARCU5,B0000ARCU5-reworded
P001023,P001024
P009155,P009156
B00009XW6A,B00009XW6A-reworded
P00017955,P00017956
P00020057,P00020058
B00062CK9G,B00062CK9G-reworded
P000047,P000048
P00005747,P00005748
P022223,P022224
B0006UZQOO,B0006UZQOO-reworded
P009071,P009072
B000J33U6O,B000J33U6O-reworded
P00004383,P00004384
P002847,P002848
P001025,P001026
P00001705,P00001706
P004295,P004296
P00014975,P00014976
B0002GD3NS,B0002GD3NS-reworded
35052,207897840
P002279,P002280
P004611,P004612
P00006513,P00006514
P00011163,P00011164
P00014227,P00014228
P00004721,P00004722
P00020141,P00020142
B000ES3XBG,B000ES3XBG-reworded
P008071,P008072
P00003625,P00003626
P00015181,P00015182
P004639,P004640
P00008075,P00008076
B0002KR5KG,B0002KR5KG-reworded
P00016041,P00016042
P00000677,P00000678
P014911,P014912
B000F9W9FA,B000F9W9FA-reworded
b00006gxbz,http://www.google.com/base/feeds/snippets/6859916462314032120
P00018939,P00018940
B0002VMT7E,B0002VMT7E-reworded
P00015703,P00015704
P00001447,P00001448
P00004957,P00004958
P00015149,P00015150
P00014603,P00014604
B000NQYZZ2,B000NQYZZ2-reworded
38455,202104453
P00001973,P00001974
P019827,P019828
P019163,P019164
B000E6LD9M,B000E6LD9M-reworded
P025703,P025704
b000fngzs8,http://www.google.com/base/feeds/snippets/3518997692511645502
P00020377,P00020378
P00013685,P00013686
b0009jlux8,http://www.google.com/base/feeds/snippets/4923451909983851979
P00000633,P00000634
P005135,P005136
B000O8MEFW,B000O8MEFW-reworded
P00013199,P00013200
P00000373,P00000374
30134,206362873
b000e136ga,http://www.google.com/base/feeds/snippets/11829938385250188093
P00019925,P00019926
P018315,P018316
B0002YO8RA,B0002YO8RA-reworded
P002551,P002552
33564,208504179
P019491,P019492
P00013901,P00013902
P007275,P007276
P00010333,P00010334
B0002OQDUK,B0002OQDUK-reworded
b000fabege,http://www.google.com/base/feeds/snippets/17453864721509833307
P00000935,P00000936
P00018893,P00018894
P00003709,P00003710
P00020477,P00020478
P009055,P009056
P010399,P010400
B0002L3752,B0002L3752-reworded
P00020635,P00020636
P00001789,P00001790
P023571,P023572
29950,204559210
P012043,P012044
P00004159,P00004160
33950,208456233
38800,207654105
P006011,P006012
B0002XPKRI,B0002XPKRI-reworded
P00020475,P00020476
P00003061,P00003062
P00014911,P00014912
P003583,P003584
P023379,P023380
P00013867,P00013868
P009679,P009680
B0000866CF,B0000866CF-reworded
b000lv6pyi,http://www.google.com/base/feeds/snippets/18367889369421729693
P001521,P001522
b000saufpw,http://www.google.com/base/feeds/snippets/10073523251870401694
P00005729,P00005730
B000KVU3LA,B000KVU3LA-reworded
B000148EOE,B000148EOE-reworded
P007243,P007244
B000HVYPG2,B000HVYPG2-reworded
P00007257,P00007258
P023839,P023840
P018203,P018204
P000487,P000488
P00000527,P00000528
P001717,P001718
P00008207,P00008208
P001995,P001996
P00015851,P00015852
P00019645,P00019646
P020959,P020960
B000KU82CS,B000KU82CS-reworded
P00020131,P00020132
P008079,P008080
B0000862WT,B0000862WT-reworded
19631,202812646
P00005159,P00005160
P00011899,P00011900
P023043,P023044
B0000C350J,B0000C350J-reworded
P015055,P015056
P003267,P003268
P026043,P026044
P001009,P001010
P00014673,P00014674
B000BTD7PK,B000BTD7PK-reworded
33157,207390654
0253213983,0253213983-reworded
P00002313,P00002314
b000cbn9aa,http://www.google.com/base/feeds/snippets/13143355002649939201
P004771,P004772
P00010037,P00010038
B00008EEHG,B00008EEHG-reworded
P00010011,P00010012
P00014489,P00014490
P00001737,P00001738
P00000095,P00000096
P002499,P002500
P00000407,P00000408
B000BU8WHM,B000BU8WHM-reworded
P025283,P025284
37110,209114551
P005207,P005208
B0009PCT46,B0009PCT46-reworded
P000505,P000506
P00005473,P00005474
P000673,P000674
B000FVBPOO,B000FVBPOO-reworded
P018627,P018628
P004599,P004600
P00005035,P00005036
P00009249,P00009250
P005031,P005032
P003135,P003136
B00000K21A,B00000K21A-reworded
P011347,P011348
P00007985,P00007986
B0000861I2,B0000861I2-reworded
P017479,P017480
P00004629,P00004630
P00004859,P00004860
P00020245,P00020246
P00010391,P00010392
P00006657,P00006658
P008847,P008848
B000EX9MUC,B000EX9MUC-reworded
P014575,P014576
P000747,P000748
P00016205,P00016206
P00005501,P00005502
34926,208117932
P002743,P002744
P00004727,P00004728
B00068Y3OK,B00068Y3OK-reworded
P002999,P003000
P00000883,P00000884
P00007261,P00007262
P00014577,P00014578
B0000A7XS1,B0000A7XS1-reworded
P006711,P006712
P00018655,P00018656
B000KHBG4W,B000KHBG4W-reworded
P025243,P025244
P00007759,P00007760
P00000591,P00000592
B0000YDTAE,B0000YDTAE-reworded
P00007501,P00007502
P00003965,P00003966
P00006757,P00006758
P00002873,P00002874
P00006123,P00006124
P001099,P001100
P000697,P000698
P00003343,P00003344
P000051,P000052
P00017531,P00017532
P00015491,P00015492
B00065T8GG,B00065T8GG-reworded
P026099,P026100
P00020823,P00020824
P000143,P000144
b000e8jlbw,http://www.google.com/base/feeds/snippets/3597076779822744306
P00010453,P00010454
P001511,P001512
P00017853,P00017854
P00019539,P00019540
P019371,P019372
b000314vvu,http://www.google.com/base/feeds/snippets/18384366678790095384
34904,208294927
P00000423,P00000424
P00001099,P00001100
B0006L51RK,B0006L51RK-reworded
P00006697,P00006698
P016571,P016572
P00006235,P00006236
P023951,P023952
B0000E241D,B0000E241D-reworded
P003875,P003876
B000EFLT4W,B000EFLT4W-reworded
P00002273,P00002274
P001351,P001352
B0002UUYX6,B0002UUYX6-reworded
22187,204587803
P00000639,P00000640
35022,208117925
P00006647,P00006648
P026071,P026072
P00010185,P00010186
B00027EUXO,B00027EUXO-reworded
P023107,P023108
37183,209656949
P001683,P001684
P00012951,P00012952
B00026T2VA,B00026T2VA-reworded
P016775,P016776
P00016185,P00016186
P025399,P025400
P00010349,P00010350
B000CO9WBM,B000CO9WBM-reworded
P00016331,P00016332
P009443,P009444
P00009275,P00009276
B0002UE6NA,B0002UE6NA-reworded
P00008421,P00008422
B0002T6EAE,B0002T6EAE-reworded
P00003465,P00003466
P007735,P007736
P00013569,P00013570
P00005081,P00005082
P00016925,P00016926
B0002322LK,B0002322LK-reworded
P026467,P026468
B0006G4GYO,B0006G4GYO-reworded
P00010879,P00010880
P00014493,P00014494
B0006I4886,B0006I4886-reworded
P002887,P002888
P00002235,P00002236
B000JCT2OY,B000JCT2OY-reworded
P000539,P000540
B000239E34,B000239E34-reworded
B0000C3A3F,B0000C3A3F-reworded
P012239,P012240
B0000A7XQ4,B0000A7XQ4-reworded
P00008751,P00008752
P023367,P023368
B000308VFI,B000308VFI-reworded
P019791,P019792
P021683,P021684
P00008255,P00008256
P008955,P008956
1564743276,1564743276-reworded
P002535,P002536
P00000071,P00000072
P024215,P024216
P00002759,P00002760
P00002111,P00002112
B000068CSO,B000068CSO-reworded
P008211,P008212
B0000ANF8U,B0000ANF8U-reworded
P00005531,P00005532
P020075,P020076
B0002XPKKU,B0002XPKKU-reworded
P001593,P001594
P012311,P012312
P00017851,P00017852
B000161N40,B000161N40-reworded
b0009yx9bo,http://www.google.com/base/feeds/snippets/14640507864355837784
P026103,P026104
P00018511,P00018512
P00010965,P00010966
b000fmncb2,http://www.google.com/base/feeds/snippets/7928295573107692065
B000ENR09C,B000ENR09C-reworded
P00011293,P00011294
B000NATJUO,B000NATJUO-reworded
B000MNBYIW,B000MNBYIW-reworded
P00010117,P00010118
B000R30IDE,B000R30IDE-reworded
P011139,P011140
P022823,P022824
P00009115,P00009116
P00015841,P00015842
b000ivl050,http://www.google.com/base/feeds/snippets/17758143132560820340
B000P190WS,B000P190WS-reworded
P005327,P005328
P000447,P000448
B000CO83B2,B000CO83B2-reworded
P00013927,P00013928
P015527,P015528
P025503,P025504
P016959,P016960
P00010865,P00010866
P008067,P008068
P00007977,P00007978
P00012775,P00012776
P017659,P017660
P017259,P017260
24346,208972043
B0000AJGP4,B0000AJGP4-reworded
P00008789,P00008790
P00004799,P00004800
P00009975,P00009976
P00018077,P00018078
B000308VEE,B000308VEE-reworded
P00010175,P00010176
b000fzvv3u,http://www.google.com/base/feeds/snippets/9675508034468866052
P013547,P013548
P00012125,P00012126
B0002BIBHG,B0002BIBHG-reworded
B0002NZRDU,B0002NZRDU-reworded
P000455,P000456
P00002023,P00002024
0415920949,0415920949-reworded
b000j4oxf0,http://www.google.com/base/feeds/snippets/16319944090637292990
P00006141,P00006142
P00010681,P00010682
25776,90114631
33765,208455897
P00011625,P00011626
P00016935,P00016936
b000a6na6a,http://www.google.com/base/feeds/snippets/18355630027419003625
b000hlp5yi,http://www.google.com/base/feeds/snippets/9785861434635986999
0875525105,0875525105-reworded
P00020253,P00020254
P009291,P009292
B0009MZVS0,B0009MZVS0-reworded
P002211,P002212
P006399,P006400
P00005509,P00005510
B0009RWKQG,B0009RWKQG-reworded
P00000865,P00000866
B000AXZNW2,B000AXZNW2-reworded
B0000ZHCOC,B0000ZHCOC-reworded
B0002TOZ46,B0002TOZ46-reworded
P00005925,P00005926
B0006HLBTG,B0006HLBTG-reworded
34941,208504307
P000583,P000584
P005979,P005980
P010935,P010936
P00011123,P00011124
33669,206917815
B0001KE3RA,B0001KE3RA-reworded
B0000AHS3E,B0000AHS3E-reworded
P004435,P004436
P00017401,P00017402
B00028NK8O,B00028NK8O-reworded
P00005611,P00005612
P002871,P002872
P00006409,P00006410
B00023QZVS,B00023QZVS-reworded
P00007843,P00007844
P023031,P023032
B0000AX0US,B0000AX0US-reworded
P00001913,P00001914
P00016371,P00016372
P024623,P024624
P019779,P019780
P00008161,P00008162
P00001223,P00001224
B00068RXL0,B00068RXL0-reworded
P008299,P008300
P00000241,P00000242
P009283,P009284
b000hhvb2w,http://www.google.com/base/feeds/snippets/16674697281415587384
P00017721,P00017722
P002099,P002100
B0002JJU4Q,B0002JJU4Q-reworded
B000FJ9WYQ,B000FJ9WYQ-reworded
P000461,P000462
P00004037,P00004038
P00016627,P00016628
33327,208464828
P016487,P016488
P006195,P006196
P008475,P008476
b0006ma3bs,http://www.google.com/base/feeds/snippets/16814254064816255791
P021207,P021208
P00000515,P00000516
33150,208105630
P00001109,P00001110
P014663,P014664
P00018371,P00018372
P00004069,P00004070
b000fnevhk,http://www.google.com/base/feeds/snippets/18358728426530670777
P002987,P002988
P00003483,P00003484
b000eplmpi,http://www.google.com/base/feeds/snippets/13683578637114771147
P00012101,P00012102
P024023,P024024
P00001619,P00001620
B0002VNQZI,B0002VNQZI-reworded
P008835,P008836
P000983,P000984
P00000979,P00000980
P00008399,P00008400
P020975,P020976
b000fdetxq,http://www.google.com/base/feeds/snippets/4834494816656344498
P005579,P005580
P003015,P003016
33938,208464825
P00017429,P00017430
B000Q0N2MC,B000Q0N2MC-reworded
P00010677,P00010678
P00009599,P00009600
9646,203111113
P00019467,P00019468
P00019403,P00019404
P00016861,P00016862
b00062uji0,http://www.google.com/base/feeds/snippets/2604592440966815556
P009819,P009820
P025079,P025080
P00001291,P00001292
P007823,P007824
P00000293,P00000294
P00003301,P00003302
P009787,P009788
P008091,P008092
b000pdnhno,http://www.google.com/base/feeds/snippets/17070501717470514063
P001743,P001744
P000229,P000230
P00018193,P00018194
P006543,P006544
P00020963,P00020964
P008115,P008116
P024163,P024164
P00020359,P00020360
P00018129,P00018130
B00066PG1Q,B00066PG1Q-reworded
P00012563,P00012564
P00012547,P00012548
P008279,P008280
P00002163,P00002164
P021879,P021880
B0002I7ZJO,B0002I7ZJO-reworded
P012275,P012276
P000775,P000776
P00002287,P00002288
B000BM9ALC,B000BM9ALC-reworded
P014851,P014852
b00013wh0w,http://www.google.com/base/feeds/snippets/341468719852005595
P016575,P016576
P00017335,P00017336
P00017559,P00017560
b00004tkvy,http://www.google.com/base/feeds/snippets/18441110047404795849
P00003791,P00003792
P003479,P003480
P00014275,P00014276
B0002ZI3NY,B0002ZI3NY-reworded
B0000C3A31,B0000C3A31-reworded
P00001267,P00001268
B000FMLGBK,B000FMLGBK-reworded
P001215,P001216
P026027,P026028
P00010337,P00010338
B000G82FMM,B000G82FMM-reworded
P011919,P011920
P00014901,P00014902
P00021085,P00021086
B000HATKT0,B000HATKT0-reworded
P006235,P006236
P00004211,P00004212
P00014609,P00014610
P00018665,P00018666
B0000C2KX1,B0000C2KX1-reworded
B0003MUQBI,B0003MUQBI-reworded
P003403,P003404
P00013003,P00013004
B000I7RMT2,B000I7RMT2-reworded
B0000ZH9W2,B0000ZH9W2-reworded
P004627,P004628
P006099,P006100
P026095,P026096
0030210291,0030210291-reworded
P00000903,P00000904
P00015347,P00015348
P00005667,P00005668
P001695,P001696
P00009339,P00009340
P00012261,P00012262
P025907,P025908
P00010517,P00010518
P00017731,P00017732
34927,208117933
P018863,P018864
P00015657,P00015658
P00015619,P00015620
P00002947,P00002948
P025359,P025360
P024463,P024464
P00006225,P00006226
P024015,P024016
P00009071,P00009072
P005103,P005104
P00016789,P00016790
B000H0SYJM,B000H0SYJM-reworded
P014883,P014884
P00018951,P00018952
P00004805,P00004806
P00011633,P00011634
P00006533,P00006534
P00008203,P00008204
B00008WICF,B00008WICF-reworded
B0007XHMN8,B0007XHMN8-reworded
P017627,P017628
P005491,P005492
33801,207544265
P00007637,P00007638
B000B9E5EW,B000B9E5EW-reworded
35693,208184892
P00013571,P00013572
P00003505,P00003506
P000303,P000304
P018031,P018032
P00000927,P00000928
b000io799i,http://www.google.com/base/feeds/snippets/18226456193742595288
P006771,P006772
38457,206671732
P00005147,P00005148
P010495,P010496
P003979,P003980
P014779,P014780
P00008511,P00008512
B0002OQREM,B0002OQREM-reworded
P00011181,P00011182
P00013261,P00013262
P009375,P009376
P00000377,P00000378
B0002T6CVA,B0002T6CVA-reworded
P012183,P012184
P00012779,P00012780
b000fzz76m,http://www.google.com/base/feeds/snippets/9505595690175506725
36931,208370418
B0002YOEYC,B0002YOEYC-reworded
P00012877,P00012878
P022047,P022048
P00017781,P00017782
P019715,P019716
P001143,P001144
P005947,P005948
P00015127,P00015128
P00011591,P00011592
P00016019,P00016020
P00008775,P00008776
b0006ni698,http://www.google.com/base/feeds/snippets/11865417944403325412
P00007583,P00007584
b0009jearq,http://www.google.com/base/feeds/snippets/17196507061828599304
P00019919,P00019920
P00019531,P00019532
P00002651,P00002652
P00009989,P00009990
P003043,P003044
b000fzxipo,http://www.google.com/base/feeds/snippets/12453672105653412076
P011699,P011700
P00014285,P00014286
P011671,P011672
P00009855,P00009856
P023303,P023304
P006591,P006592
P00018587,P00018588
P006355,P006356
0822314282,0822314282-reworded
P00016441,P00016442
P00010241,P00010242
B0002XCHLU,B0002XCHLU-reworded
B000B8975U,B000B8975U-reworded
P004135,P004136
P00005601,P00005602
14563,202870448
P025755,P025756
B000BDG8F2,B000BDG8F2-reworded
b0007yll20,http://www.google.com/base/feeds/snippets/18425596514092797479
B0002UBRXW,B0002UBRXW-reworded
P023363,P023364
B000AYHI9W,B000AYHI9W-reworded
P00015365,P00015366
P00005351,P00005352
B000EPFG6O,B000EPFG6O-reworded
P016091,P016092
P013187,P013188
P00011449,P00011450
23006,204787746
P001615,P001616
P00007647,P00007648
P008291,P008292
P000311,P000312
P00012799,P00012800
P00010925,P00010926
B000N8M60Q,B000N8M60Q-reworded
P006239,P006240
P00017259,P00017260
P00013061,P00013062
P00018157,P00018158
B000L9A23U,B000L9A23U-reworded
P00017315,P00017316
B00062NBO4,B00062NBO4-reworded
P017967,P017968
P002487,P002488
P00005481,P00005482
b00081i6ji,http://www.google.com/base/feeds/snippets/18411096849519146392
P00015569,P00015570
P00003889,P00003890
P00005245,P00005246
P00010387,P00010388
B0002VNBZ8,B0002VNBZ8-reworded
P00012715,P00012716
P00009993,P00009994
36906,208656495
P00009985,P00009986
P020723,P020724
P005435,P005436
36458,208237795
P00016779,P00016780
P010815,P010816
P00017803,P00017804
P002959,P002960
P000423,P000424
P026127,P026128
P007847,P007848
32561,207338879
30590,90138537
P00014767,P00014768
P00020311,P00020312
P012163,P012164
P011339,P011340
P004939,P004940
P014863,P014864
P00006305,P00006306
b0001wn1ee,http://www.google.com/base/feeds/snippets/12776057589362570320
34260,207390507
B000695KY6,B000695KY6-reworded
34968,209297152
30457,207390171
P00004821,P00004822
P00016595,P00016596
P016543,P016544
P00017683,P00017684
B0000C2OAX,B0000C2OAX-reworded
P00020423,P00020424
P00019405,P00019406
P00014045,P00014046
P001129,P001130
P008507,P008508
P00014253,P00014254
P00008125,P00008126
P00004087,P00004088
B000E4AHAA,B000E4AHAA-reworded
P001935,P001936
B0002FHGEG,B0002FHGEG-reworded
B00064A4W4,B00064A4W4-reworded
P003951,P003952
P017651,P017652
P00007001,P00007002
B000AB281I,B000AB281I-reworded
P010855,P010856
P00019589,P00019590
P021307,P021308
P00012603,P00012604
P009323,P009324
P00008819,P00008820
P001049,P001050
P00005361,P00005362
P000171,P000172
b000ghwq7c,http://www.google.com/base/feeds/snippets/2454405441197407300
29880,206728281
P00013777,P00013778
B0002K76YQ,B0002K76YQ-reworded
B000MWH44G,B000MWH44G-reworded
P005687,P005688
B0000C3ES2,B0000C3ES2-reworded
P008779,P008780
P00015421,P00015422
P001515,P001516
P00017779,P00017780
B0008172QQ,B0008172QQ-reworded
P00008473,P00008474
P001783,P001784
b0006g31i6,http://www.google.com/base/feeds/snippets/18405362244680246986
P004279,P004280
P009527,P009528
P023459,P023460
B0009YDKMW,B0009YDKMW-reworded
B00020DJM4,B00020DJM4-reworded
P00005711,P00005712
P00000813,P00000814
B00067ATDA,B00067ATDA-reworded
P00003891,P00003892
B0002Y3P42,B0002Y3P42-reworded
P00001385,P00001386
P00015941,P00015942
P019331,P019332
P002415,P002416
33723,206356234
B00080L48O,B00080L48O-reworded
B000EXK2K6,B000EXK2K6-reworded
P00010743,P00010744
P00000817,P00000818
P001339,P001340
37803,207875395
P00007251,P00007252
P00012901,P00012902
P000597,P000598
B0001468EM,B0001468EM-reworded
P011763,P011764
B000BFLH60,B000BFLH60-reworded
b000piht7e,http://www.google.com/base/feeds/snippets/17817863026849640364
25036,202502745
P000473,P000474
B000MX61XA,B000MX61XA-reworded
P00013283,P00013284
P005575,P005576
B000KI0U4S,B000KI0U4S-reworded
P00004715,P00004716
P001531,P001532
P000679,P000680
P00019851,P00019852
P00005813,P00005814
P00001353,P00001354
P00009645,P00009646
B000JP6G8Q,B000JP6G8Q-reworded
P00015343,P00015344
P013119,P013120
b0001iqnc0,http://www.google.com/base/feeds/snippets/18240279639195527181
31992,203952966
P001341,P001342
P016407,P016408
P005311,P005312
P000865,P000866
P022843,P022844
P00016245,P00016246
b000b6n2o4,http://www.google.com/base/feeds/snippets/18386275313356170584
P00010121,P00010122
B0002PBXYK,B0002PBXYK-reworded
P006299,P006300
P00012853,P00012854
P00010039,P00010040
B000GVCM4K,B000GVCM4K-reworded
P00011553,P00011554
B00062NBDU,B00062NBDU-reworded
P025411,P025412
B000JJBM2M,B000JJBM2M-reworded
P00001909,P00001910
P00010565,P00010566
P00011879,P00011880
P00001367,P00001368
P008063,P008064
P024235,P024236
P023467,P023468
B0001475Z8,B0001475Z8-reworded
B000163G86,B000163G86-reworded
P00016715,P00016716
P00013563,P00013564
P00021069,P00021070
P00004395,P00004396
P00015725,P00015726
B0002IVGC6,B0002IVGC6-reworded
33431,207390644
P00016257,P00016258
27589,204264643
P00003423,P00003424
P025271,P025272
38697,206892248
P002655,P002656
B0002TPD0G,B0002TPD0G-reworded
P001171,P001172
b000bo9rt0,http://www.google.com/base/feeds/snippets/1187936019689259805
P020035,P020036
P006071,P006072
b000mu6mve,http://www.google.com/base/feeds/snippets/5562499905130838466
P00010849,P00010850
P022023,P022024
P00011475,P00011476
P007011,P007012
32416,205664913
P000481,P000482
P000063,P000064
P00004487,P00004488
B0000861Z1,B0000861Z1-reworded
B000G1JZH2,B000G1JZH2-reworded
B000AD3IY2,B000AD3IY2-reworded
P00015119,P00015120
P001295,P001296
P00016217,P00016218
15452,90136420
P00013057,P00013058
P00004807,P00004808
B0001W13TO,B0001W13TO-reworded
P00000191,P00000192
P00000729,P00000730
P00009101,P00009102
P00019947,P00019948
P00016655,P00016656
P00014179,P00014180
P000551,P000552
P00000195,P00000196
P00005031,P00005032
B00078MILO,B00078MILO-reworded
P00001819,P00001820
P00016979,P00016980
B000CCOOA8,B000CCOOA8-reworded
P00002753,P00002754
b000fiej4k,http://www.google.com/base/feeds/snippets/15307043633633162485
P00019601,P00019602
P018515,P018516
P00002539,P00002540
P00014477,P00014478
P00008893,P00008894
P00005017,P00005018
P00020183,P00020184
P024999,P025000
P00004023,P00004024
P00009791,P00009792
P003023,P003024
P022675,P022676
P00012171,P00012172
B000OZZGGO,B000OZZGGO-reworded
P00004973,P00004974
P00006359,P00006360
P007395,P007396
P001283,P001284
P001923,P001924
b000h16p9m,http://www.google.com/base/feeds/snippets/3846293022585027470
P00003401,P00003402
B000O5ID5K,B000O5ID5K-reworded
P00020373,P00020374
P00006491,P00006492
P00002633,P00002634
B0007QMUGO,B0007QMUGO-reworded
P00019885,P00019886
B000NV8A26,B000NV8A26-reworded
P020523,P020524
P00003191,P00003192
P00001387,P00001388
P006223,P006224
P025579,P025580
P00010199,P00010200
P008099,P008100
P023923,P023924
P00011223,P00011224
29231,204206936
35309,208504378
P00005647,P00005648
P002315,P002316
P001895,P001896
b000lozewy,http://www.google.com/base/feeds/snippets/17477502346334387395
P00005177,P00005178
P00003409,P00003410
P000543,P000544
P00008191,P00008192
P00009605,P00009606
P00007533,P00007534
P00010537,P00010538
P018311,P018312
P017851,P017852
P00006575,P00006576
34092,207679756
P00017223,P00017224
B0001IW2P2,B0001IW2P2-reworded
b000ep8oju,http://www.google.com/base/feeds/snippets/17530305432950801722
B000093S95,B000093S95-reworded
P00000333,P00000334
P001497,P001498
B000FON0IA,B000FON0IA-reworded
P016259,P016260
b000bx0006,http://www.google.com/base/feeds/snippets/4621582451171111860
P00013753,P00013754
P005747,P005748
b000aa87pu,http://www.google.com/base/feeds/snippets/18373688292230003205
P00003601,P00003602
P00008063,P00008064
P00017191,P00017192
P024507,P024508
26059,203870569
P000429,P000430
P00018843,P00018844
B000EH6IIW,B000EH6IIW-reworded
P017347,P017348
P006651,P006652
P00000627,P00000628
P011623,P011624
P00003635,P00003636
P00000103,P00000104
P00015581,P00015582
b000b6vlh4,http://www.google.com/base/feeds/snippets/10993073455692001778
P00016649,P00016650
P00017945,P00017946
P00011647,P00011648
P00021017,P00021018
P00001337,P00001338
B0000C3A9F,B0000C3A9F-reworded
P00007575,P00007576
B0002OQCHY,B0002OQCHY-reworded
b0008glg1i,http://www.google.com/base/feeds/snippets/65639973300118271
b0007lw23a,http://www.google.com/base/feeds/snippets/11630432614273539055
P016951,P016952
P00020231,P00020232
P018195,P018196
P012027,P012028
35872,207937885
P013599,P013600
B00066ZHJM,B00066ZHJM-reworded
13700,90111702
B0001FC4MG,B0001FC4MG-reworded
B000ISGBWK,B000ISGBWK-reworded
P024787,P024788
B000E0I580,B000E0I580-reworded
P00000301,P00000302
b000ozibhk,http://www.google.com/base/feeds/snippets/18418631443367666576
P00003333,P00003334
P000467,P000468
B00009HX1R,B00009HX1R-reworded
P00010179,P00010180
P00004307,P00004308
b000h1df7w,http://www.google.com/base/feeds/snippets/17737819843616715912
7936,90104307
b000b5rweg,http://www.google.com/base/feeds/snippets/18360660165216793779
P021939,P021940
P00016513,P00016514
B000EICJWA,B000EICJWA-reworded
P00002725,P00002726
P00020595,P00020596
P00018305,P00018306
P011499,P011500
B000F9YLFQ,B000F9YLFQ-reworded
P00015437,P00015438
P021475,P021476
P025807,P025808
P00019371,P00019372
13954,90128649
B0001D0HCM,B0001D0HCM-reworded
P020715,P020716
P00010225,P00010226
P00016349,P00016350
P00011691,P00011692
P00008925,P00008926
P00004789,P00004790
P00001971,P00001972
P00004865,P00004866
P011035,P011036
P00008617,P00008618
b00020633g,http://www.google.com/base/feeds/snippets/5720091777255380975
P025979,P025980
B0006SQOCE,B0006SQOCE-reworded
30680,207390502
P00013031,P00013032
P025591,P025592
B000B8NI64,B000B8NI64-reworded
P00014949,P00014950
P026399,P026400
B0006596WM,B0006596WM-reworded
P00014017,P00014018
b000ivkrvs,http://www.google.com/base/feeds/snippets/15664992944977677730
P000011,P000012
b00006hvvo,http://www.google.com/base/feeds/snippets/9687887699930800156
35237,207686035
P00002631,P00002632
P00012063,P00012064
P009219,P009220
P00014523,P00014524
b0007sxgn8,http://www.google.com/base/feeds/snippets/13588549604733030954
P00005319,P00005320
P010895,P010896
B000GF3VKK,B000GF3VKK-reworded
P00020293,P00020294
B00012P07U,B00012P07U-reworded
P021095,P021096
P00018897,P00018898
P000019,P000020
B000072K3W,B000072K3W-reworded
P00012553,P00012554
P009807,P009808
B00062MTJC,B00062MTJC-reworded
P00001035,P00001036
P00006549,P00006550
B000M9PJF0,B000M9PJF0-reworded
B000Q0QHMO,B000Q0QHMO-reworded
b000hed3gm,http://www.google.com/base/feeds/snippets/15481209573698256416
B000078RVQ,B000078RVQ-reworded
P00010961,P00010962
P00015685,P00015686
P00017739,P00017740
B0007N2I78,B0007N2I78-reworded
P000263,P000264
B0002PYZU4,B0002PYZU4-reworded
B000922IA4,B000922IA4-reworded
P002055,P002056
P010331,P010332
P008275,P008276
B0002NXT26,B0002NXT26-reworded
P00003653,P00003654
P00004193,P00004194
P021051,P021052
P010211,P010212
P022079,P022080
37934,208710844
P006271,P006272
P001309,P001310
P00007369,P00007370
P025763,P025764
P023771,P023772
P00005567,P00005568
B0000C2VIN,B0000C2VIN-reworded
P00007771,P00007772
P00018253,P00018254
P00005559,P00005560
P00001351,P00001352
P007551,P007552
P00016093,P00016094
33566,207388752
P001595,P001596
P00003769,P00003770
B0001YRJEA,B0001YRJEA-reworded
P00012847,P00012848
P00018935,P00018936
P00013855,P00013856
P00011111,P00011112
b000fjs8sc,http://www.google.com/base/feeds/snippets/65578552457551022
P00013115,P00013116
P016371,P016372
b000ehpzxq,http://www.google.com/base/feeds/snippets/18381050378194058330
P00008561,P00008562
36020,202472204
P017391,P017392
P00004723,P00004724
B00018AA5Q,B00018AA5Q-reworded
P023607,P023608
P000707,P000708
P003775,P003776
P00016687,P00016688
B000OZ2QE4,B000OZ2QE4-reworded
P000929,P000930
P00002353,P00002354
P00010795,P00010796
P012091,P012092
B000EHH8KE,B000EHH8KE-reworded
B00099XBZ8,B00099XBZ8-reworded
P00017591,P00017592
B0000C3XV9,B0000C3XV9-reworded
B00075LOWQ,B00075LOWQ-reworded
P015587,P015588
P00010789,P00010790
P00020545,P00020546
B0002CKGQ4,B0002CKGQ4-reworded
38295,210258472
P023927,P023928
B0000TMPTA,B0000TMPTA-reworded
P00018457,P00018458
P00001857,P00001858
P00008119,P00008120
36722,209656935
P022579,P022580
b000f613x2,http://www.google.com/base/feeds/snippets/18428018889032699615
P000999,P001000
B0002KR9FM,B0002KR9FM-reworded
B00006JP5N,B00006JP5N-reworded
P00018673,P00018674
P000041,P000042
P00002145,P00002146
P018619,P018620
P000083,P000084
33971,207391020
B00008622N,B00008622N-reworded
P00018465,P00018466
P020767,P020768
P00008981,P00008982
P00004559,P00004560
b000k7vinq,http://www.google.com/base/feeds/snippets/16448745536109976455
B00004VVOB,B00004VVOB-reworded
P00006703,P00006704
P00018287,P00018288
34012,207642166
P00018153,P00018154
P00003337,P00003338
P002983,P002984
P00009723,P00009724
P00015319,P00015320
P017127,P017128
P002047,P002048
P015263,P015264
P00008297,P00008298
B0002THYNU,B0002THYNU-reworded
34697,206783262
P012943,P012944
B0006LJ5KO,B0006LJ5KO-reworded
P013539,P013540
P00018171,P00018172
B0001NJSPE,B0001NJSPE-reworded
P00011747,P00011748
b0000vmimw,http://www.google.com/base/feeds/snippets/18364436159487312703
P00009189,P00009190
P00010319,P00010320
P00016551,P00016552
P00016591,P00016592
36097,208131008
P004059,P004060
P004915,P004916
B0006FJPLO,B0006FJPLO-reworded
P007555,P007556
P023471,P023472
B0007YDBDC,B0007YDBDC-reworded
P00000045,P00000046
P00011071,P00011072
B0002ZROGQ,B0002ZROGQ-reworded
P000731,P000732
B0002KV7F0,B0002KV7F0-reworded
34496,207978102
P024311,P024312
P00010219,P00010220
B000ND1YNG,B000ND1YNG-reworded
P00006593,P00006594
P00003559,P00003560
B0002OQPR6,B0002OQPR6-reworded
P00006591,P00006592
P00013721,P00013722
P00008705,P00008706
P025219,P025220
P025891,P025892
B00020O2R0,B00020O2R0-reworded
B000MV543K,B000MV543K-reworded
P009131,P009132
P00014925,P00014926
P000979,P000980
P00014331,P00014332
P00001949,P00001950
P00011261,P00011262
P00002907,P00002908
P00020539,P00020540
P005039,P005040
P007815,P007816
P00008269,P00008270
P00001275,P00001276
P00004263,P00004264
b000exs456,http://www.google.com/base/feeds/snippets/7954126691882273345
P00003385,P00003386
B000GEC7AG,B000GEC7AG-reworded
P00012247,P00012248
P008019,P008020
P018211,P018212
P008523,P008524
0449906671,0449906671-reworded
P022947,P022948
B000F3IH2U,B000F3IH2U-reworded
B0002VN7KC,B0002VN7KC-reworded
P00000115,P00000116
B000AYJ2KK,B000AYJ2KK-reworded
P00014599,P00014600
P00003571,P00003572
P00015345,P00015346
P004659,P004660
33493,206928744
P00015701,P00015702
P001427,P001428
P001831,P001832
37207,209656962
B000052XT0,B000052XT0-reworded
P00014805,P00014806
P00018899,P00018900
P00014829,P00014830
P000647,P000648
P002323,P002324
P013591,P013592
37457,209026634
P00017447,P00017448
B0000C3A7N,B0000C3A7N-reworded
P00013581,P00013582
B000E1EDGC,B000E1EDGC-reworded
P00015449,P00015450
P004579,P004580
P00003655,P00003656
P00007141,P00007142
B0002VN9IM,B0002VN9IM-reworded
P023371,P023372
B0006IXCKG,B0006IXCKG-reworded
P002171,P002172
P00003715,P00003716
P00012361,P00012362
P006495,P006496
b000fvqo0o,http://www.google.com/base/feeds/snippets/4025192676992669735
P00018017,P00018018
P00016567,P00016568
33563,207388760
P000781,P000782
B000E0V5OQ,B000E0V5OQ-reworded
P000769,P000770
B000AHP6XY,B000AHP6XY-reworded
P00006215,P00006216
P00014877,P00014878
B00066ZIAU,B00066ZIAU-reworded
P002739,P002740
P005619,P005620
P023191,P023192
P000189,P000190
P00001047,P00001048
B000E0V2EY,B000E0V2EY-reworded
P00005321,P00005322
P011783,P011784
b000fovsha,http://www.google.com/base/feeds/snippets/17285189275812329124
P007039,P007040
P018039,P018040
P00017279,P00017280
P00003125,P00003126
P010471,P010472
B000A399RC,B000A399RC-reworded
B0002F0JDG,B0002F0JDG-reworded
B0002T6EEK,B0002T6EEK-reworded
P00008559,P00008560
P00005957,P00005958
P00017471,P00017472
P00001653,P00001654
P00014247,P00014248
37231,209114390
b000ivkrww,http://www.google.com/base/feeds/snippets/4158738238286203856
P00015321,P00015322
B000IBBK6O,B000IBBK6O-reworded
b000r1cs5w,http://www.google.com/base/feeds/snippets/17872821788401002421
P009047,P009048
P011047,P011048
P00004791,P00004792
B00009W9HF,B00009W9HF-reworded
b000o3d94m,http://www.google.com/base/feeds/snippets/17453432506391757198
P00011837,P00011838
P00004047,P00004048
P022203,P022204
P013479,P013480
P013363,P013364
P00008147,P00008148
P00017445,P00017446
P003271,P003272
28272,206160056
P00002585,P00002586
B000F6NFRY,B000F6NFRY-reworded
P00019647,P00019648
P00008447,P00008448
P012579,P012580
P00015809,P00015810
P008611,P008612
P00003629,P00003630
P00009857,P00009858
P00007199,P00007200
b0000c7gep,http://www.google.com/base/feeds/snippets/18343959075631403504
P00005005,P00005006
P00012117,P00012118
B000N55MHI,B000N55MHI-reworded
B000O7XQXM,B000O7XQXM-reworded
P020827,P020828
P000341,P000342
P00001209,P00001210
P004567,P004568
P001735,P001736
P00005013,P00005014
P017275,P017276
B000COC1UG,B000COC1UG-reworded
P00003287,P00003288
P00014451,P00014452
B0000AWGUF,B0000AWGUF-reworded
P00002731,P00002732
P00003195,P00003196
B0000C46FH,B0000C46FH-reworded
P00009433,P00009434
P00001299,P00001300
P00013683,P00013684
B000QWDR1G,B000QWDR1G-reworded
P00018067,P00018068
P023099,P023100
P023707,P023708
P00010295,P00010296
b000056b63,http://www.google.com/base/feeds/snippets/17180557293748751234
P00000473,P00000474
P00011539,P00011540
P00018583,P00018584
P007931,P007932
P004363,P004364
P00013745,P00013746
P00016673,P00016674
B000F1TJL0,B000F1TJL0-reworded
P00013455,P00013456
B0007NOX8A,B0007NOX8A-reworded
P025647,P025648
P00020127,P00020128
P00018045,P00018046
P00018251,P00018252
b000afkxso,http://www.google.com/base/feeds/snippets/1611810981921795487
P00010289,P00010290
B000H1SEPK,B000H1SEPK-reworded
P00011981,P00011982
P00015425,P00015426
P006159,P006160
P00008285,P00008286
36471,209208661
B0000D8Q13,B0000D8Q13-reworded
P00010183,P00010184
B000FMTOAA,B000FMTOAA-reworded
b0009mg80a,http://www.google.com/base/feeds/snippets/11063455580387217522
P00009585,P00009586
P00006669,P00006670
P00012001,P00012002
P00015083,P00015084
b0001gu7di,http://www.google.com/base/feeds/snippets/1035187390817409083
P00016857,P00016858
B000146EUA,B000146EUA-reworded
P00001425,P00001426
P00017865,P00017866
P00020791,P00020792
P00011057,P00011058
B00016BGPG,B00016BGPG-reworded
P00005679,P00005680
P00010549,P00010550
P00006029,P00006030
B0002M5B32,B0002M5B32-reworded
P00009803,P00009804
P00015447,P00015448
P00000647,P00000648
P019843,P019844
P015491,P015492
P00002253,P00002254
P00010957,P00010958
P023983,P023984
P00011129,P00011130
P010743,P010744
B00062NR8E,B00062NR8E-reworded
P024403,P024404
P026491,P026492
P003319,P003320
P013511,P013512
B0000ZKCPI,B0000ZKCPI-reworded
P004383,P004384
P006139,P006140
P00012703,P00012704
P00016451,P00016452
P00004483,P00004484
P000525,P000526
P00014217,P00014218
b000bckm7i,http://www.google.com/base/feeds/snippets/7704167897291051109
B000PRZH42,B000PRZH42-reworded
P021647,P021648
P008103,P008104
P00004489,P00004490
P00003611,P00003612
P019255,P019256
P00002665,P00002666
36345,204407682
P009307,P009308
B0009F4FAM,B0009F4FAM-reworded
P013071,P013072
B000147IH8,B000147IH8-reworded
P005439,P005440
34960,208455896
P011603,P011604
P00016961,P00016962
18960,202067544
P00015213,P00015214
P00010435,P00010436
P00018609,P00018610
P00020445,P00020446
P021727,P021728
P00009829,P00009830
P004843,P004844
P00001087,P00001088
P004243,P004244
P00005257,P00005258
P00004499,P00004500
P00016211,P00016212
B0001W12VI,B0001W12VI-reworded
B0002T6EFY,B0002T6EFY-reworded
P002531,P002532
P00015503,P00015504
B0002XSVVU,B0002XSVVU-reworded
B00062N8E2,B00062N8E2-reworded
B0000ZK5JG,B0000ZK5JG-reworded
P00008135,P00008136
P019439,P019440
P011331,P011332
B0000ATELP,B0000ATELP-reworded
P000071,P000072
B0007ZCFCO,B0007ZCFCO-reworded
B0000D8Q1R,B0000D8Q1R-reworded
P00019793,P00019794
P00002065,P00002066
B0002KV72I,B0002KV72I-reworded
24493,202900030
P00010223,P00010224
P00008783,P00008784
B000147792,B000147792-reworded
P00014641,P00014642
P00020323,P00020324
P00015307,P00015308
B0002VNU22,B0002VNU22-reworded
P002923,P002924
36364,208226700
P00005089,P00005090
B0002TP9E6,B0002TP9E6-reworded
P012143,P012144
B0002MGM4Y,B0002MGM4Y-reworded
P00018527,P00018528
P00014283,P00014284
36746,208930717
P00008035,P00008036
B0000AHS3I,B0000AHS3I-reworded
B00017AAPM,B00017AAPM-reworded
P00006129,P00006130
B0008G1PYG,B0008G1PYG-reworded
P00011147,P00011148
P021527,P021528
P013167,P013168
P00018555,P00018556
P005463,P005464
b000v7vz1u,http://www.google.com/base/feeds/snippets/17615743519264436737
B000E17792,B000E17792-reworded
P025615,P025616
P00001343,P00001344
P00019287,P00019288
P00002341,P00002342
P00005607,P00005608
B0002NZP6Y,B0002NZP6Y-reworded
P000337,P000338
P00004111,P00004112
B0002G8JGY,B0002G8JGY-reworded
P00018105,P00018106
P00003817,P00003818
P00016429,P00016430
P00016413,P00016414
P018839,P018840
P00013631,P00013632
P00008637,P00008638
P00014751,P00014752
P006291,P006292
P00010877,P00010878
P00002733,P00002734
P00001115,P00001116
P00002699,P00002700
P00011933,P00011934
P007795,P007796
P000605,P000606
35060,207653535
B0000ZHAV2,B0000ZHAV2-reworded
P017731,P017732
P00007429,P00007430
b0001an1n2,http://www.google.com/base/feeds/snippets/14758105640999079833
b000h14rr4,http://www.google.com/base/feeds/snippets/12837108039205076533
B0001MICF2,B0001MICF2-reworded
P00016613,P00016614
P005451,P005452
P006247,P006248
P00018933,P00018934
b000kbszns,http://www.google.com/base/feeds/snippets/17967900865986277130
P000735,P000736
P00005857,P00005858
P00006353,P00006354
B0000ATHHQ,B0000ATHHQ-reworded
P000623,P000624
B000CO9VUY,B000CO9VUY-reworded
B0001MIB30,B0001MIB30-reworded
b000fp0k0u,http://www.google.com/base/feeds/snippets/716894577224484053
P004559,P004560
b000ivkrww,http://www.google.com/base/feeds/snippets/747800619686534084
P003307,P003308
B0002PNUKA,B0002PNUKA-reworded
P00020575,P00020576
B0006LVYH6,B0006LVYH6-reworded
P00017827,P00017828
B000NDKXR4,B000NDKXR4-reworded
31397,202870172
P00000079,P00000080
33562,207542597
P00014731,P00014732
P00021003,P00021004
P024843,P024844
P00019941,P00019942
38876,210634625
P016843,P016844
P013227,P013228
P004247,P004248
B00014767K,B00014767K-reworded
B000PHS3OS,B000PHS3OS-reworded
P013051,P013052
B000NX0XZ6,B000NX0XZ6-reworded
P00005237,P00005238
P00000665,P00000666
B000147NAA,B000147NAA-reworded
b00099e4ya,http://www.google.com/base/feeds/snippets/16750826951044664483
P00020627,P00020628
P00014237,P00014238
P00002913,P00002914
P002635,P002636
B000DN7GG0,B000DN7GG0-reworded
P018807,P018808
P025627,P025628
P00003523,P00003524
P011231,P011232
B000QW1GXC,B000QW1GXC-reworded
B000QCM7MG,B000QCM7MG-reworded
P016987,P016988
P004331,P004332
P008263,P008264
P020691,P020692
P00000329,P00000330
P00003899,P00003900
B00066ZIBE,B00066ZIBE-reworded
P00005799,P00005800
P00006263,P00006264
P008615,P008616
P00013397,P00013398
P00009713,P00009714
B000PHMZE2,B000PHMZE2-reworded
P023399,P023400
B000K9QNVG,B000K9QNVG-reworded
P001689,P001690
P00003789,P00003790
33467,207542599
P001569,P001570
P012203,P012204
P00019637,P00019638
B000P10RX4,B000P10RX4-reworded
P00016151,P00016152
P00000897,P00000898
B000G6U1YI,B000G6U1YI-reworded
P024567,P024568
P00019609,P00019610
P00019485,P00019486
P008827,P008828
P004795,P004796
B000BPWP2K,B000BPWP2K-reworded
B0001B9DS8,B0001B9DS8-reworded
b000hbys5k,http://www.google.com/base/feeds/snippets/5250375660251099807
B000P0SJB2,B000P0SJB2-reworded
16309,203022472
P000603,P000604
P000797,P000798
P00000663,P00000664
B000ID4HNK,B000ID4HNK-reworded
P022871,P022872
P022287,P022288
P00007705,P00007706
P00014915,P00014916
P00015147,P00015148
37623,208809705
P000917,P000918
34860,208114664
P019651,P019652
P00019787,P00019788
P00013619,P00013620
P00002245,P00002246
B0002OQ1XE,B0002OQ1XE-reworded
B0002VN9UA,B0002VN9UA-reworded
B000AS2EPQ,B000AS2EPQ-reworded
P020203,P020204
P00002903,P00002904
P004703,P004704
P00006721,P00006722
P00011951,P00011952
B00020O3R4,B00020O3R4-reworded
P014967,P014968
P019027,P019028
P017023,P017024
B0002Y4KX2,B0002Y4KX2-reworded
P00020849,P00020850
B000BLFEDQ,B000BLFEDQ-reworded
P000657,P000658
P020083,P020084
B000PWUM4W,B000PWUM4W-reworded
B0007OW7ZA,B0007OW7ZA-reworded
B000ICZF6Y,B000ICZF6Y-reworded
B000JL8M00,B000JL8M00-reworded
P000919,P000920
P00014549,P00014550
P000407,P000408
P00013653,P00013654
P006547,P006548
P012611,P012612
P00018989,P00018990
b0002al1z6,http://www.google.com/base/feeds/snippets/15577341303347278445
P007239,P007240
b000bx0006,http://www.google.com/base/feeds/snippets/17214545032473425136
P001247,P001248
b0001wn18u,http://www.google.com/base/feeds/snippets/664913958514106734
B0001N7ZOA,B0001N7ZOA-reworded
B000237FH6,B000237FH6-reworded
P00014817,P00014818
b000h24200,http://www.google.com/base/feeds/snippets/4675262861576384624
P001167,P001168
b000gwfgqk,http://www.google.com/base/feeds/snippets/13692542638505368471
B0000ASNNK,B0000ASNNK-reworded
P00018137,P00018138
P00019259,P00019260
P00006351,P00006352
P00007359,P00007360
P010683,P010684
B0002TP9U0,B0002TP9U0-reworded
P011151,P011152
P00008861,P00008862
P002335,P002336
P00013999,P00014000
P00004781,P00004782
26617,201692705
P00006653,P00006654
B0006TSIUO,B0006TSIUO-reworded
P018135,P018136
P00006137,P00006138
P00003593,P00003594
P00016501,P00016502
B0001NPWV8,B0001NPWV8-reworded
b000om8fba,http://www.google.com/base/feeds/snippets/10686405526722482213
P00008313,P00008314
B0000CBXK7,B0000CBXK7-reworded
P00017337,P00017338
P00010629,P00010630
B000IVFYM0,B000IVFYM0-reworded
P00006523,P00006524
18837,203155653
P00006543,P00006544
P009391,P009392
P00002559,P00002560
P000211,P000212
P002971,P002972
P00012355,P00012356
b0000azvvs,http://www.google.com/base/feeds/snippets/2914315195947217599
P00017171,P00017172
P00000767,P00000768
P00012717,P00012718
P00014675,P00014676
P00008089,P00008090
P00005187,P00005188
P00004017,P00004018
P00017885,P00017886
P000009,P000010
P00000857,P00000858
B000PFJQQO,B000PFJQQO-reworded
P00011319,P00011320
B0002TPCYS,B0002TPCYS-reworded
B000CEQVZW,B000CEQVZW-reworded
P013467,P013468
B000BPF1T4,B000BPF1T4-reworded
P008859,P008860
P003203,P003204
P020603,P020604
P00019035,P00019036
P00006471,P00006472
P00003277,P00003278
28059,205592435
P026351,P026352
B0006B5116,B0006B5116-reworded
P00009793,P00009794
P00017765,P00017766
P00016523,P00016524
P000217,P000218
P001607,P001608
P020859,P020860
B00017C12C,B00017C12C-reworded
35415,206827757
35475,208670546
P009063,P009064
P00000829,P00000830
P002275,P002276
B0002YO7Z8,B0002YO7Z8-reworded
b000hcxklc,http://www.google.com/base/feeds/snippets/9255722138583214734
B000GFGE6I,B000GFGE6I-reworded
B0007XHMSS,B0007XHMSS-reworded
B000147LR0,B000147LR0-reworded
B000CO88LC,B000CO88LC-reworded
B000ITQ4DK,B000ITQ4DK-reworded
P002363,P002364
B0001B9E8W,B0001B9E8W-reworded
P004995,P004996
P019219,P019220
P000259,P000260
B0002ZES7E,B0002ZES7E-reworded
P00012195,P00012196
P00013559,P00013560
P00015349,P00015350
P00006663,P00006664
P00008283,P00008284
P00006335,P00006336
P00010815,P00010816
P019351,P019352
P00013987,P00013988
P00017775,P00017776
P00004685,P00004686
P00001477,P00001478
P00019003,P00019004
P00009005,P00009006
P00012189,P00012190
10101,90106172
P017515,P017516
B000E605NC,B000E605NC-reworded
P00003349,P00003350
P020811,P020812
P023847,P023848
P003699,P003700
P00000297,P00000298
P00015455,P00015456
16003,208226458
P009843,P009844
B000090MJF,B000090MJF-reworded
B000KHDHXK,B000KHDHXK-reworded
B000CNRF1W,B000CNRF1W-reworded
P00011787,P00011788
P023083,P023084
P00006881,P00006882
P00016159,P00016160
P025407,P025408
P003667,P003668
P00015633,P00015634
34640,206120294
P00016281,P00016282
P00010351,P00010352
B0001OGHNY,B0001OGHNY-reworded
B000COC31S,B000COC31S-reworded
0787948594,0787948594-reworded
P00005535,P00005536
P00019081,P00019082
P00004569,P00004570
P00003251,P00003252
B000219LL6,B000219LL6-reworded
36249,208504437
P000319,P000320
P00017509,P00017510
P016419,P016420
P013811,P013812
35983,206854534
P018787,P018788
B000OY8D9C,B000OY8D9C-reworded
b000ixvqk2,http://www.google.com/base/feeds/snippets/2284241765475162173
0783225938,0783225938-reworded
P018919,P018920
P00003113,P00003114
P022603,P022604
P000879,P000880
P000051,P000052
P00017629,P00017630
P019367,P019368
P007271,P007272
B0000ASPO9,B0000ASPO9-reworded
b000byr41s,http://www.google.com/base/feeds/snippets/825708128584676723
P00002477,P00002478
b000ayxld4,http://www.google.com/base/feeds/snippets/13230504925826567019
B0000AHR9C,B0000AHR9C-reworded
P00016343,P00016344
P00002885,P00002886
P013195,P013196
P00003425,P00003426
24034,50017228
B000EHOD34,B000EHOD34-reworded
B0002OQ1WU,B0002OQ1WU-reworded
P00011911,P00011912
P015035,P015036
P00008555,P00008556
B0001430WA,B0001430WA-reworded
B000KL0CR0,B000KL0CR0-reworded
B00066ZNAK,B00066ZNAK-reworded
P012639,P012640
P005107,P005108
P00012651,P00012652
P000087,P000088
P00012205,P00012206
P000315,P000316
34829,207682340
B00063329M,B00063329M-reworded
B00066PF9O,B00066PF9O-reworded
P00006983,P00006984
32055,210206538
P000451,P000452
P009675,P009676
P014879,P014880
P00014929,P00014930
B000NMHKLC,B000NMHKLC-reworded
B000GEA802,B000GEA802-reworded
B000F2IMX0,B000F2IMX0-reworded
B000I2505K,B000I2505K-reworded
B00008RSAZ,B00008RSAZ-reworded
P001495,P001496
P025115,P025116
B000E4BYZC,B000E4BYZC-reworded
B000144MW2,B000144MW2-reworded
P00016067,P00016068
P00015101,P00015102
P022795,P022796
B00016PPQC,B00016PPQC-reworded
B0001HYQ2U,B0001HYQ2U-reworded
P009975,P009976
b00007e8bi,http://www.google.com/base/feeds/snippets/18286585073343765950
P00011001,P00011002
B000OS5ZPS,B000OS5ZPS-reworded
B0000ASQ9C,B0000ASQ9C-reworded
B000E3O1BC,B000E3O1BC-reworded
P00012251,P00012252
P012923,P012924
P00008251,P00008252
P00018941,P00018942
B0002VNAW2,B0002VNAW2-reworded
P022591,P022592
P00007569,P00007570
35810,10326220
P00004413,P00004414
B000A3YSSC,B000A3YSSC-reworded
B0002Y0YJQ,B0002Y0YJQ-reworded
B000651K0S,B000651K0S-reworded
B00065TD84,B00065TD84-reworded
P026443,P026444
B0006FTOF6,B0006FTOF6-reworded
P011839,P011840
P00002811,P00002812
b0000dk573,http://www.google.com/base/feeds/snippets/17077922689318325801
P022935,P022936
P00020763,P00020764
P00010081,P00010082
B0002VNTM8,B0002VNTM8-reworded
P00008721,P00008722
b000kmehfw,http://www.google.com/base/feeds/snippets/18362060657249986591
B000H7KB8W,B000H7KB8W-reworded
b0009yn1ks,http://www.google.com/base/feeds/snippets/17450858518393943272
b0009yx9by,http://www.google.com/base/feeds/snippets/5238862557893361196
B0002TOPI2,B0002TOPI2-reworded
B000QCOF1M,B000QCOF1M-reworded
P00020413,P00020414
P00015199,P00015200
B0001YIY8A,B0001YIY8A-reworded
b0006nkbn2,http://www.google.com/base/feeds/snippets/8709560014305112537
P00019579,P00019580
B0002VMLRW,B0002VMLRW-reworded
P00020403,P00020404
P00003847,P00003848
P026343,P026344
P00000911,P00000912
P00014059,P00014060
P020771,P020772
P018639,P018640
P005395,P005396
P020595,P020596
P00002189,P00002190
P008119,P008120
P00008615,P00008616
P000153,P000154
b000hctysa,http://www.google.com/base/feeds/snippets/13321642681501377375
P00016749,P00016750
b00032heyk,http://www.google.com/base/feeds/snippets/14100958400236899770
P00000277,P00000278
34361,207642497
P020743,P020744
P00009111,P00009112
B0001JALUY,B0001JALUY-reworded
P00017169,P00017170
P00003767,P00003768
P00009475,P00009476
P00008141,P00008142
P000411,P000412
33161,207390656
P007015,P007016
B000KGOOHY,B000KGOOHY-reworded
P026723,P026724
P00002057,P00002058
P007315,P007316
B0002E1O9A,B0002E1O9A-reworded
P00000405,P00000406
P010127,P010128
P000747,P000748
P007967,P007968
b00061m0qk,http://www.google.com/base/feeds/snippets/15404585187042606500
b000bd1ad2,http://www.google.com/base/feeds/snippets/17267430885978125860
P00004195,P00004196
P00018395,P00018396
P007939,P007940
B0002I7ZBC,B0002I7ZBC-reworded
B000N31OJK,B000N31OJK-reworded
P004619,P004620
P00008541,P00008542
B0002UBSAE,B0002UBSAE-reworded
P003231,P003232
B000002RY2,B000002RY2-reworded
P00009933,P00009934
B00020DJ6K,B00020DJ6K-reworded
P016107,P016108
36808,210399818
P00017995,P00017996
B0006TI1JW,B0006TI1JW-reworded
P00005221,P00005222
P00006361,P00006362
34300,207543192
P00016917,P00016918
P00000923,P00000924
P00015797,P00015798
P00002497,P00002498
P022767,P022768
B00066PJC2,B00066PJC2-reworded
B0007WDCO2,B0007WDCO2-reworded
B0009W2SNG,B0009W2SNG-reworded
B000637UB8,B000637UB8-reworded
P014767,P014768
P023483,P023484
P023415,P023416
P018723,P018724
P00016955,P00016956
B0007IBYO6,B0007IBYO6-reworded
P016915,P016916
B000GPWTJY,B000GPWTJY-reworded
P00013063,P00013064
P024923,P024924
P003739,P003740
P00020113,P00020114
P018139,P018140
B0002D7Z6W,B0002D7Z6W-reworded
B000FIA2TG,B000FIA2TG-reworded
29339,203888987
P012375,P012376
B0002TP9SW,B0002TP9SW-reworded
P00002495,P00002496
P00005477,P00005478
P011743,P011744
P00014119,P00014120
P003299,P003300
P00009463,P00009464
P008311,P008312
P005655,P005656
B000MS8F2U,B000MS8F2U-reworded
P024175,P024176
b0007sxglk,http://www.google.com/base/feeds/snippets/12109861711097484827
P00007055,P00007056
B0000A0MZ7,B0000A0MZ7-reworded
B001G9CNOU,B001G9CNOU-reworded
33045,203514304
37558,205690063
B0001X7SOW,B0001X7SOW-reworded
P00004659,P00004660
30955,205852387
P003415,P003416
b00062ujhg,http://www.google.com/base/feeds/snippets/14762714779654278826
P023555,P023556
38106,202026554
P006259,P006260
B0000ZHOCM,B0000ZHOCM-reworded
P00020195,P00020196
B000JCNMBS,B000JCNMBS-reworded
P00002315,P00002316
P00009263,P00009264
P00006389,P00006390
B00095M9QO,B00095M9QO-reworded
B0001MICQG,B0001MICQG-reworded
P00007733,P00007734
P00004779,P00004780
P006179,P006180
P00004465,P00004466
P001799,P001800
P022383,P022384
P00013323,P00013324
P006067,P006068
P026531,P026532
B000KK1RES,B000KK1RES-reworded
P000161,P000162
P010955,P010956
P00003979,P00003980
P006911,P006912
P017291,P017292
B00013PFW4,B00013PFW4-reworded
P00004845,P00004846
B000G0HSBI,B000G0HSBI-reworded
B0000DB9DG,B0000DB9DG-reworded
P00007167,P00007168
B000IB9Q1A,B000IB9Q1A-reworded
B0001YRPEO,B0001YRPEO-reworded
P00006995,P00006996
P012631,P012632
B0006FKF4K,B0006FKF4K-reworded
b000ieaplw,http://www.google.com/base/feeds/snippets/9847776401829585115
P00005731,P00005732
P007427,P007428
b000oqjdna,http://www.google.com/base/feeds/snippets/17165631569540488376
b0009y6f56,http://www.google.com/base/feeds/snippets/13392915442415544255
P00001177,P00001178
P001631,P001632
P004159,P004160
B000NIC2T6,B000NIC2T6-reworded
34002,208105467
B0002TOTJ2,B0002TOTJ2-reworded
B000695LK4,B000695LK4-reworded
P00008817,P00008818
B0000C350C,B0000C350C-reworded
P023599,P023600
P013767,P013768
P011379,P011380
P00015705,P00015706
P020255,P020256
P00015755,P00015756
P001647,P001648
P004051,P004052
P023327,P023328
B0001MICKC,B0001MICKC-reworded
P003019,P003020
P009223,P009224
P023715,P023716
38574,210190784
P00015481,P00015482
P00006929,P00006930
P024927,P024928
B0006I60LO,B0006I60LO-reworded
37421,209896693
B0000BKDJS,B0000BKDJS-reworded
P002671,P002672
P00007781,P00007782
b000hlr9my,http://www.google.com/base/feeds/snippets/18368153783802816439
P001325,P001326
P00014021,P00014022
P00006975,P00006976
b000hi1i9c,http://www.google.com/base/feeds/snippets/8050702989930375401
P003251,P003252
P015695,P015696
B000FZ2HOM,B000FZ2HOM-reworded
P00020551,P00020552
P007699,P007700
P024799,P024800
P00018747,P00018748
P010643,P010644
P025819,P025820
P00018063,P00018064
P003723,P003724
35925,202592699
P00006227,P00006228
B0002VNRIE,B0002VNRIE-reworded
P00005423,P00005424
P000283,P000284
P005431,P005432
P00008821,P00008822
B000PC42T8,B000PC42T8-reworded
33159,206725196
P006655,P006656
P00004963,P00004964
B000FPVZ2W,B000FPVZ2W-reworded
P00021139,P00021140
P00020569,P00020570
18524,90145909
B0002M1MW6,B0002M1MW6-reworded
B000KJX26K,B000KJX26K-reworded
P00013219,P00013220
B0000AWKCO,B0000AWKCO-reworded
B0002YOF7I,B0002YOF7I-reworded
P00007325,P00007326
29806,202755491
P018507,P018508
P000847,P000848
P000363,P000364
P010119,P010120
P011639,P011640
P00003719,P00003720
P001623,P001624
27840,203379249
B000FLF0M2,B000FLF0M2-reworded
P00015635,P00015636
B0001B9DIS,B0001B9DIS-reworded
P020175,P020176
B0001X7T4G,B0001X7T4G-reworded
P00019235,P00019236
B0000C3EU3,B0000C3EU3-reworded
P00018551,P00018552
P00010525,P00010526
P015963,P015964
P00004335,P00004336
P001255,P001256
P024199,P024200
P00011557,P00011558
P00007377,P00007378
P025095,P025096
b000hedyio,http://www.google.com/base/feeds/snippets/16622880533554607802
P000779,P000780
P00014547,P00014548
B000NZS9AK,B000NZS9AK-reworded
P012795,P012796
P00018623,P00018624
P009171,P009172
P00001001,P00001002
B00021NY6Y,B00021NY6Y-reworded
P00001747,P00001748
P003819,P003820
b0007sxgmo,http://www.google.com/base/feeds/snippets/12250274471957898660
P018131,P018132
P00020487,P00020488
P00006281,P00006282
P00002063,P00002064
B0006C7884,B0006C7884-reworded
b0000990y7,http://www.google.com/base/feeds/snippets/13833576505530604294
P00015791,P00015792
P00020525,P00020526
P00009727,P00009728
P001537,P001538
P001031,P001032
P001047,P001048
P005551,P005552
P00020045,P00020046
P001543,P001544
P007299,P007300
P024503,P024504
B0006TO67I,B0006TO67I-reworded
P00009587,P00009588
P00017057,P00017058
28433,203142438
P014667,P014668
B00011SUQY,B00011SUQY-reworded
P00004939,P00004940
P017939,P017940
B0002VNQJ4,B0002VNQJ4-reworded
B0002TOWZS,B0002TOWZS-reworded
P00002797,P00002798
P00001003,P00001004
P00015681,P00015682
P001535,P001536
P00008293,P00008294
P000991,P000992
P00015399,P00015400
P00001141,P00001142
b000fn6c2c,http://www.google.com/base/feeds/snippets/7893604833764557727
30093,205467942
P002807,P002808
P00017911,P00017912
P007575,P007576
B0000C2SHR,B0000C2SHR-reworded
P00016291,P00016292
B0000C395J,B0000C395J-reworded
P00001397,P00001398
P022387,P022388
P009727,P009728
P001301,P001302
P006879,P006880
P00009213,P00009214
P00003413,P00003414
B00008JQDP,B00008JQDP-reworded
P007779,P007780
P00013883,P00013884
P00010491,P00010492
B000BJT39E,B000BJT39E-reworded
P00020417,P00020418
P00019421,P00019422
P016863,P016864
B0002E1O6I,B0002E1O6I-reworded
b0000ak7c5,http://www.google.com/base/feeds/snippets/18424334149556003404
P025459,P025460
P023859,P023860
P000993,P000994
P00004373,P00004374
P001735,P001736
P00011269,P00011270
P001367,P001368
P006211,P006212
B000JGLJ5K,B000JGLJ5K-reworded
P00006271,P00006272
B0002VNSHE,B0002VNSHE-reworded
0472107313,0472107313-reworded
P023815,P023816
P00004081,P00004082
B0002321L6,B0002321L6-reworded
b000ldqs9s,http://www.google.com/base/feeds/snippets/17666397403215916975
B0002T689G,B0002T689G-reworded
B000E84Z3Q,B000E84Z3Q-reworded
B000G2JQNE,B000G2JQNE-reworded
P00021097,P00021098
P023667,P023668
P002343,P002344
P011591,P011592
P012979,P012980
b000jf5zec,http://www.google.com/base/feeds/snippets/13368045031336320583
P00012335,P00012336
P00010477,P00010478
B000EVIDX6,B000EVIDX6-reworded
P00020879,P00020880
P015123,P015124
b000tme1ke,http://www.google.com/base/feeds/snippets/16965466141678042659
B0000DEJ9G,B0000DEJ9G-reworded
P00016905,P00016906
P016015,P016016
P00018679,P00018680
P001979,P001980
P024151,P024152
P00007775,P00007776
P00017543,P00017544
P00017263,P00017264
P00016489,P00016490
P00013743,P00013744
B0000A0MZI,B0000A0MZI-reworded
P005267,P005268
b000gkshi6,http://www.google.com/base/feeds/snippets/8354689508970608357
P00011291,P00011292
P00011113,P00011114
P00013557,P00013558
P010563,P010564
P016011,P016012
P00012501,P00012502
b0007iqg2q,http://www.google.com/base/feeds/snippets/18383108968754488314
P024499,P024500
P026631,P026632
29902,205665803
P00019067,P00019068
P00004917,P00004918
B000H4U3TM,B000H4U3TM-reworded
P00010499,P00010500
B0002YO8XE,B0002YO8XE-reworded
P00012177,P00012178
P00019471,P00019472
P00003613,P00003614
B0006SCZRC,B0006SCZRC-reworded
P005831,P005832
P003503,P003504
P003167,P003168
P00006111,P00006112
P00015631,P00015632
P009239,P009240
P00006953,P00006954
P00007197,P00007198
P007799,P007800
B000667D5I,B000667D5I-reworded
29827,205664963
P000145,P000146
B00061OD74,B00061OD74-reworded
P00010075,P00010076
P00011885,P00011886
B0009KZA4W,B0009KZA4W-reworded
P00003189,P00003190
B000R36CDO,B000R36CDO-reworded
B000A3E4BS,B000A3E4BS-reworded
P011283,P011284
P000103,P000104
P00013525,P00013526
P00005761,P00005762
P007623,P007624
b000edvrtq,http://www.google.com/base/feeds/snippets/14326164391298371952
P024247,P024248
34557,207907559
P00016391,P00016392
P017519,P017520
P009647,P009648
P001165,P001166
P00008067,P00008068
P00005069,P00005070
P015375,P015376
P00009765,P00009766
P009499,P009500
P010531,P010532
P002875,P002876
P00005101,P00005102
B0002MC3TW,B0002MC3TW-reworded
B00031XFKS,B00031XFKS-reworded
P00009777,P00009778
b0001nm7zm,http://www.google.com/base/feeds/snippets/8829327324895223617
P00013879,P00013880
B0000AHR4T,B0000AHR4T-reworded
P023955,P023956
b0006g2vk0,http://www.google.com/base/feeds/snippets/18365507478568694929
P00006247,P00006248
P00012619,P00012620
B0001LV6RO,B0001LV6RO-reworded
P001585,P001586
P00020965,P00020966
P00002635,P00002636
P020319,P020320
P001487,P001488
B000J1G26Q,B000J1G26Q-reworded
B000POL2FS,B000POL2FS-reworded
P000325,P000326
B000PDXVKS,B000PDXVKS-reworded
B0002UD48S,B0002UD48S-reworded
B0007W4SEK,B0007W4SEK-reworded
P011607,P011608
P00009191,P00009192
b0007lw230,http://www.google.com/base/feeds/snippets/10628460274071713512
P00015591,P00015592
P00001071,P00001072
b000hlp5wa,http://www.google.com/base/feeds/snippets/8519495523069900652
B0002Z832K,B0002Z832K-reworded
B000KVPJM8,B000KVPJM8-reworded
P00011409,P00011410
P019871,P019872
P00003329,P00003330
P001191,P001192
B0002OQ4BS,B0002OQ4BS-reworded
P001511,P001512
P00010583,P00010584
P00000479,P00000480
P00000305,P00000306
B00031XD46,B00031XD46-reworded
B0002TPAR2,B0002TPAR2-reworded
34135,207900170
P00013171,P00013172
P00006095,P00006096
B0009GHIV4,B0009GHIV4-reworded
P00005815,P00005816
P00018197,P00018198
P00017979,P00017980
B0001QUJSG,B0001QUJSG-reworded
P00011209,P00011210
B000Q9O21S,B000Q9O21S-reworded
P00006417,P00006418
P00013305,P00013306
P000757,P000758
P021783,P021784
P00004797,P00004798
P006539,P006540
B0002LIU0O,B0002LIU0O-reworded
P006307,P006308
P018647,P018648
36381,208226695
B000N9E608,B000N9E608-reworded
P005599,P005600
P00019569,P00019570
P003095,P003096
P026751,P026752
P001491,P001492
P024887,P024888
P026067,P026068
P016199,P016200
P009883,P009884
P005531,P005532
P005583,P005584
B0002Z83O8,B0002Z83O8-reworded
P00017139,P00017140
P00020689,P00020690
b000hcv1ky,http://www.google.com/base/feeds/snippets/16905793691117512235
B00066PCBU,B00066PCBU-reworded
P00015335,P00015336
P025295,P025296
P00005203,P00005204
P00016049,P00016050
P00007853,P00007854
P00015627,P00015628
P001883,P001884
B0002VA3EK,B0002VA3EK-reworded
P00012957,P00012958
P00011987,P00011988
34476,206888012
P006063,P006064
b000hc0m36,http://www.google.com/base/feeds/snippets/12949835105262366018
P00008387,P00008388
P00015357,P00015358
P00008317,P00008318
P002043,P002044
B0006899VC,B0006899VC-reworded
B000PX2N70,B000PX2N70-reworded
P00002191,P00002192
P00010665,P00010666
P00017771,P00017772
P006499,P006500
26117,204587909
18040,203151779
P00013755,P00013756
b000brczzk,http://www.google.com/base/feeds/snippets/15013560737417394943
P015207,P015208
P00001859,P00001860
P00002887,P00002888
P00020513,P00020514
P00016363,P00016364
b0006a5iwe,http://www.google.com/base/feeds/snippets/2275328841264109872
P003795,P003796
P00014481,P00014482
P014727,P014728
P003943,P003944
B000LWAZN4,B000LWAZN4-reworded
P00008335,P00008336
P00005919,P00005920
P00000605,P00000606
P009255,P009256
P00006261,P00006262
b000fm18vi,http://www.google.com/base/feeds/snippets/3620383930983735395
P025635,P025636
b000e0v924,http://www.google.com/base/feeds/snippets/385281297660428617
P00015041,P00015042
P006843,P006844
P00012859,P00012860
b0009n4gx0,http://www.google.com/base/feeds/snippets/8968352871606641625
B0000936XF,B0000936XF-reworded
25788,203396327
P00019117,P00019118
P00009575,P00009576
P00006393,P00006394
B000OZCD5Q,B000OZCD5Q-reworded
P00006893,P00006894
B000H82NK0,B000H82NK0-reworded
P00016767,P00016768
28982,204559208
P00014713,P00014714
27729,203379250
B0001YRA3K,B0001YRA3K-reworded
P00005451,P00005452
P00018823,P00018824
B000MYKTG4,B000MYKTG4-reworded
P00019845,P00019846
P003999,P004000
P012839,P012840
B0001KE3Q6,B0001KE3Q6-reworded
P022359,P022360
P00016243,P00016244
B000P0SIQ8,B000P0SIQ8-reworded
P003475,P003476
B0001OOAII,B0001OOAII-reworded
36962,207899814
B000BBF2PG,B000BBF2PG-reworded
P00000833,P00000834
B000FI64T8,B000FI64T8-reworded
P001579,P001580
P00008155,P00008156
P014595,P014596
P00004573,P00004574
P002167,P002168
P00016945,P00016946
P025119,P025120
P019415,P019416
B0002UZ8ZU,B0002UZ8ZU-reworded
P00007643,P00007644
P013827,P013828
P00012243,P00012244
P00011429,P00011430
P002715,P002716
P00011007,P00011008
P00012487,P00012488
P00017075,P00017076
B00067MDO8,B00067MDO8-reworded
P011083,P011084
P00006037,P00006038
P00014137,P00014138
B0008EO96Y,B0008EO96Y-reworded
35467,201699873
B0007YY9HE,B0007YY9HE-reworded
P000063,P000064
P00005725,P00005726
P00019981,P00019982
P00017633,P00017634
P006479,P006480
P00011211,P00011212
P023887,P023888
b000nkfee4,http://www.google.com/base/feeds/snippets/10699505690150129858
P005855,P005856
P00017303,P00017304
P003471,P003472
P001127,P001128
P00016855,P00016856
P00018533,P00018534
P00014797,P00014798
P00013035,P00013036
P00005935,P00005936
P00019091,P00019092
b000eezn2c,http://www.google.com/base/feeds/snippets/12329058540425314571
20458,201953021
B000EKGAGY,B000EKGAGY-reworded
33471,208294727
P00008491,P00008492
B000LH7WS0,B000LH7WS0-reworded
P007139,P007140
P00011045,P00011046
P008867,P008868
P015431,P015432
B000N33O52,B000N33O52-reworded
P00020291,P00020292
P008551,P008552
P00004693,P00004694
P007043,P007044
P00020277,P00020278
P00020395,P00020396
P022335,P022336
P005227,P005228
P004543,P004544
P000371,P000372
P00010531,P00010532
P00006185,P00006186
B0002NXSYK,B0002NXSYK-reworded
B0002YLB4S,B0002YLB4S-reworded
P003487,P003488
P00000617,P00000618
P000671,P000672
P023427,P023428
B000ANQ4PM,B000ANQ4PM-reworded
B000LGMRRW,B000LGMRRW-reworded
B000662ELG,B000662ELG-reworded
P00020677,P00020678
P00009977,P00009978
P00007209,P00007210
B000O1D0JI,B000O1D0JI-reworded
P000983,P000984
P021195,P021196
b000o3d9ce,http://www.google.com/base/feeds/snippets/14007918865629410175
b000hbxjt6,http://www.google.com/base/feeds/snippets/18387306349260922373
P00000345,P00000346
P001391,P001392
B0009U7QLW,B0009U7QLW-reworded
B0007KLD40,B0007KLD40-reworded
P000935,P000936
P00013691,P00013692
P026259,P026260
B0001HEW7O,B0001HEW7O-reworded
B00008662T,B00008662T-reworded
B000HVYP3U,B000HVYP3U-reworded
P00011969,P00011970
P00006521,P00006522
P00016535,P00016536
B000099PY5,B000099PY5-reworded
P018155,P018156
B000BNS05S,B000BNS05S-reworded
P00008729,P00008730
P022831,P022832
b000ndibge,http://www.google.com/base/feeds/snippets/1227473479709404023
P017195,P017196
18087,203150909
B0001LMRPE,B0001LMRPE-reworded
P002063,P002064
B0009MZVVW,B0009MZVVW-reworded
P022411,P022412
P000075,P000076
P00018143,P00018144
P001907,P001908
P00007233,P00007234
P005935,P005936
P00016505,P00016506
P00009763,P00009764
P00014627,P00014628
P00009597,P00009598
b00009v7hf,http://www.google.com/base/feeds/snippets/18373045261595979693
P00009147,P00009148
P006447,P006448
P00020951,P00020952
P000423,P000424
P00017209,P00017210
33536,206898357
b000ecyp0k,http://www.google.com/base/feeds/snippets/3704829860217910239
P006375,P006376
P00002863,P00002864
P00015979,P00015980
P00013907,P00013908
P007279,P007280
B0002NZ8HU,B0002NZ8HU-reworded
P00016351,P00016352
P00003513,P00003514
B0007657DM,B0007657DM-reworded
P00017499,P00017500
29612,205106045
P018779,P018780
B0000C2MQ6,B0000C2MQ6-reworded
P00011253,P00011254
B0002YLQGG,B0002YLQGG-reworded
P003811,P003812
P000801,P000802
P00013047,P00013048
P00013071,P00013072
B0002Y4KXM,B0002Y4KXM-reworded
33664,205520997
P016655,P016656
b000ecoami,http://www.google.com/base/feeds/snippets/18389952572089446651
b0007r7e7i,http://www.google.com/base/feeds/snippets/18118065911754783035
P000547,P000548
B0001YS77I,B0001YS77I-reworded
B00005O68K,B00005O68K-reworded
B0002Y7I8Q,B0002Y7I8Q-reworded
P022507,P022508
P006367,P006368
P020607,P020608
P00009023,P00009024
P013275,P013276
B00027EV74,B00027EV74-reworded
P023003,P023004
29238,204206937
P00020885,P00020886
P00015955,P00015956
B000N0FGCO,B000N0FGCO-reworded
P00017511,P00017512
B0002T67QK,B0002T67QK-reworded
P00018881,P00018882
B000AM4ONC,B000AM4ONC-reworded
28175,204318286
P023911,P023912
B000FPGXGK,B000FPGXGK-reworded
P000811,P000812
P001169,P001170
P015043,P015044
P00015467,P00015468
B000FOHC70,B000FOHC70-reworded
P00018187,P00018188
P002643,P002644
P00016819,P00016820
b00019tb00,http://www.google.com/base/feeds/snippets/251538724524961694
31374,208455792
b0008glg1i,http://www.google.com/base/feeds/snippets/1496374872690142682
b000m9c70k,http://www.google.com/base/feeds/snippets/18227817484834707150
B000ND3I6M,B000ND3I6M-reworded
P005479,P005480
P00005455,P00005456
P00006501,P00006502
P00020699,P00020700
P00019229,P00019230
P022583,P022584
P021079,P021080
P00012115,P00012116
P009091,P009092
P005959,P005960
P000649,P000650
P000527,P000528
P00010853,P00010854
P006659,P006660
B0006UZXMO,B0006UZXMO-reworded
B0007IQLRQ,B0007IQLRQ-reworded
P00012783,P00012784
P003939,P003940
P00007245,P00007246
P025831,P025832
P00008495,P00008496
P00004515,P00004516
P00012163,P00012164
P00016295,P00016296
P018815,P018816
P007739,P007740
P00020523,P00020524
P00004365,P00004366
b0007sxglk,http://www.google.com/base/feeds/snippets/17762641182538089473
P000523,P000524
P00019771,P00019772
P006819,P006820
P00001161,P00001162
P023787,P023788
P00017575,P00017576
B0000C3AE9,B0000C3AE9-reworded
P00008761,P00008762
P00010293,P00010294
B00068V6VS,B00068V6VS-reworded
P002683,P002684
P00000807,P00000808
P018979,P018980
b000lu89yi,http://www.google.com/base/feeds/snippets/18089023914130738551
B0002QVHKO,B0002QVHKO-reworded
P023387,P023388
P00013549,P00013550
P012099,P012100
B0006FK1D0,B0006FK1D0-reworded
B0000X11R8,B0000X11R8-reworded
P00003105,P00003106
P00000023,P00000024
P00006237,P00006238
b000q1pyv8,http://www.google.com/base/feeds/snippets/18171290245464117932
P00010231,P00010232
P00010833,P00010834
P00018605,P00018606
P009835,P009836
B0000ASO04,B0000ASO04-reworded
P021099,P021100
B000QAO208,B000QAO208-reworded
P009363,P009364
P00006199,P00006200
P00010063,P00010064
P016579,P016580
9312,90114398
P00005573,P00005574
P021015,P021016
P00006035,P00006036
P00015223,P00015224
P018119,P018120
P001379,P001380
P012835,P012836
P004143,P004144
P00003237,P00003238
P00009491,P00009492
P00007675,P00007676
29338,202143947
B000IX4J38,B000IX4J38-reworded
P018715,P018716
P00016589,P00016590
P00003079,P00003080
P00005213,P00005214
34065,207643194
P00012861,P00012862
P00017211,P00017212
P00018759,P00018760
P00018155,P00018156
b000nkklwy,http://www.google.com/base/feeds/snippets/18277858650749573891
P00009043,P00009044
P003119,P003120
P000501,P000502
B000687MUM,B000687MUM-reworded
P009831,P009832
P00020027,P00020028
34934,208117929
31596,204587971
b0008ewsf8,http://www.google.com/base/feeds/snippets/10087092539211280139
P021391,P021392
P00013509,P00013510
B000K9C5KO,B000K9C5KO-reworded
38127,209720586
P006431,P006432
P00012751,P00012752
B00066ZRVA,B00066ZRVA-reworded
P00000409,P00000410
P008047,P008048
P00000331,P00000332
P00004839,P00004840
P001403,P001404
P001763,P001764
B0000BN987,B0000BN987-reworded
P00013917,P00013918
B0000C2N4X,B0000C2N4X-reworded
P00000243,P00000244
B0000AHR5Y,B0000AHR5Y-reworded
P001013,P001014
P025495,P025496
B0002YO8QQ,B0002YO8QQ-reworded
P00015927,P00015928
P001407,P001408
b000h6d2do,http://www.google.com/base/feeds/snippets/9639435771556038530
P00006637,P00006638
P024851,P024852
B000QUJ7CG,B000QUJ7CG-reworded
b000btas3y,http://www.google.com/base/feeds/snippets/18393736281334607132
29892,208715736
P00000083,P00000084
P000895,P000896
B0006UZXWO,B0006UZXWO-reworded
P00003733,P00003734
P008051,P008052
P00013707,P00013708
P00014543,P00014544
B0001YS4ZS,B0001YS4ZS-reworded
P017831,P017832
P00020991,P00020992
P00009555,P00009556
P016239,P016240
P00017267,P00017268
P019751,P019752
P014939,P014940
P00008085,P00008086
P00018061,P00018062
P001063,P001064
P00008455,P00008456
P00011485,P00011486
P00000957,P00000958
P00012905,P00012906
P00000459,P00000460
P005459,P005460
P013259,P013260
b0006aao96,http://www.google.com/base/feeds/snippets/15911936238938935149
P00016843,P00016844
P023503,P023504
P001231,P001232
P00000035,P00000036
P00002751,P00002752
B000144VJQ,B000144VJQ-reworded
P00016025,P00016026
P00000105,P00000106
b000098xjo,http://www.google.com/base/feeds/snippets/16361312648941715869
P004499,P004500
B00066ZPBW,B00066ZPBW-reworded
B000OELR8G,B000OELR8G-reworded
P008647,P008648
P00012167,P00012168
P00005465,P00005466
B000H6YP9E,B000H6YP9E-reworded
P001319,P001320
B0000DE29B,B0000DE29B-reworded
P023495,P023496
B0000AJHY3,B0000AJHY3-reworded
P008043,P008044
P005447,P005448
P023315,P023316
26615,203329569
P00009649,P00009650
P00012615,P00012616
P021943,P021944
P00000717,P00000718
P00013803,P00013804
P001287,P001288
P00019343,P00019344
P00002927,P00002928
P00014995,P00014996
P00018997,P00018998
B00022OU70,B00022OU70-reworded
B000FK20VW,B000FK20VW-reworded
P00009425,P00009426
P00003887,P00003888
B000FOHC84,B000FOHC84-reworded
5644,203023505
P00015971,P00015972
P00017229,P00017230
36556,209891040
P00008625,P00008626
P007591,P007592
P00019551,P00019552
B0000C2VLZ,B0000C2VLZ-reworded
P010423,P010424
35900,208190046
P020583,P020584
B000ME7D3Q,B000ME7D3Q-reworded
P00020817,P00020818
B000ESREQ6,B000ESREQ6-reworded
B0001MICHU,B0001MICHU-reworded
P007631,P007632
P015683,P015684
P00021133,P00021134
P00003739,P00003740
P00017867,P00017868
B000PWT6CG,B000PWT6CG-reworded
P00004979,P00004980
B0002THW46,B0002THW46-reworded
P00016631,P00016632
P001361,P001362
P000703,P000704
P012643,P012644
P00016181,P00016182
P00012673,P00012674
P00018413,P00018414
B00076ZQVA,B00076ZQVA-reworded
P013551,P013552
B000078P8Q,B000078P8Q-reworded
P00007301,P00007302
23347,50012453
P00013189,P00013190
B0000UQRU2,B0000UQRU2-reworded
b00006rgnx,http://www.google.com/base/feeds/snippets/6732814497585724663
P00008501,P00008502
P00001605,P00001606
B0002NZH3U,B0002NZH3U-reworded
P006103,P006104
P00009067,P00009068
P00012647,P00012648
B0002OQRGA,B0002OQRGA-reworded
P017547,P017548
P00002809,P00002810
B0006FJOL0,B0006FJOL0-reworded
P010159,P010160
P024719,P024720
B0006SQOJM,B0006SQOJM-reworded
P006767,P006768
P024283,P024284
P00021071,P00021072
P00019565,P00019566
37403,209705777
b000jgqt28,http://www.google.com/base/feeds/snippets/18282499725938188855
33298,206526266
B000NR041A,B000NR041A-reworded
P002967,P002968
B0001KV8GE,B0001KV8GE-reworded
38231,201744288
P00006519,P00006520
P00017117,P00017118
P011243,P011244
P00016835,P00016836
P00010161,P00010162
P018907,P018908
P00011471,P00011472
P004991,P004992
P001363,P001364
P00017861,P00017862
B000OWNWC2,B000OWNWC2-reworded
P026555,P026556
b000o39u8q,http://www.google.com/base/feeds/snippets/12958721621590299185
P00011377,P00011378
P003923,P003924
P00015713,P00015714
P00008275,P00008276
P003111,P003112
P00019755,P00019756
P00011967,P00011968
P008895,P008896
P000339,P000340
P000569,P000570
P00018835,P00018836
P00014401,P00014402
P00001947,P00001948
6284,202812567
P00005247,P00005248
B0000A09GV,B0000A09GV-reworded
B0007V62WM,B0007V62WM-reworded
P00009515,P00009516
B000I1MWXY,B000I1MWXY-reworded
P00000499,P00000500
P026147,P026148
b000skvy20,http://www.google.com/base/feeds/snippets/11359745283620291559
P00001021,P00001022
B000ATIRAQ,B000ATIRAQ-reworded
P009319,P009320
P002895,P002896
P00001063,P00001064
P001123,P001124
P001073,P001074
B0001B9E0A,B0001B9E0A-reworded
P003155,P003156
P025611,P025612
P00010915,P00010916
B000G6T3F6,B000G6T3F6-reworded
B000NP19KM,B000NP19KM-reworded
b000162zp6,http://www.google.com/base/feeds/snippets/18423412970630780827
P00003901,P00003902
P016035,P016036
P00004161,P00004162
P00004089,P00004090
B000PARSJG,B000PARSJG-reworded
P023835,P023836
P024619,P024620
P00005907,P00005908
P00001195,P00001196
B0002VNAVS,B0002VNAVS-reworded
17479,90145972
P021899,P021900
P005191,P005192
33026,204230770
P00016699,P00016700
P004763,P004764
P021663,P021664
36001,208504423
P010703,P010704
P00012519,P00012520
P024715,P024716
P00013065,P00013066
B000MWEH96,B000MWEH96-reworded
P016295,P016296
P015975,P015976
P00004283,P00004284
B0002K76X2,B0002K76X2-reworded
P00019095,P00019096
P00001461,P00001462
P00007861,P00007862
P00011823,P00011824
B0000C3964,B0000C3964-reworded
B00076SSU6,B00076SSU6-reworded
B000EX8U6O,B000EX8U6O-reworded
P00017619,P00017620
P021179,P021180
P00006153,P00006154
34895,208504345
30734,207907430
P00002445,P00002446
P008055,P008056
b000pg7ha0,http://www.google.com/base/feeds/snippets/15026147703472509135
P00004141,P00004142
B000BTOAU6,B000BTOAU6-reworded
P00004135,P00004136
P004571,P004572
6302897432,6302897432-reworded
33581,207388759
P00015499,P00015500
P004603,P004604
b000bwa1jw,http://www.google.com/base/feeds/snippets/9029108187932664886
B0007VW1SG,B0007VW1SG-reworded
B0002OQOXG,B0002OQOXG-reworded
P00007837,P00007838
34000,207934192
P00006571,P00006572
P007291,P007292
P026463,P026464
P006163,P006164
B0001MXWL6,B0001MXWL6-reworded
P001483,P001484
P022299,P022300
P026643,P026644
P00014131,P00014132
P000663,P000664
B000072RHJ,B000072RHJ-reworded
B000OWGJK4,B000OWGJK4-reworded
18516,202045875
P00018953,P00018954
P020091,P020092
P006199,P006200
B0000WLGLU,B0000WLGLU-reworded
P012887,P012888
P025387,P025388
B0002XT8OO,B0002XT8OO-reworded
B0000VIKRY,B0000VIKRY-reworded
B00066ZH2Y,B00066ZH2Y-reworded
P00012009,P00012010
P00002531,P00002532
B0002NZPQ4,B0002NZPQ4-reworded
P00008687,P00008688
P00004927,P00004928
B0002TI6YQ,B0002TI6YQ-reworded
P010123,P010124
P00007549,P00007550
P021087,P021088
P019399,P019400
P004879,P004880
P00009583,P00009584
P00020747,P00020748
P003175,P003176
32034,10333368
P000271,P000272
B000NZWHDU,B000NZWHDU-reworded
b000jx1kgq,http://www.google.com/base/feeds/snippets/18234349657423202538
P004547,P004548
B000KBCQ74,B000KBCQ74-reworded
P00008589,P00008590
P002719,P002720
P00004147,P00004148
P006511,P006512
P001595,P001596
P00003239,P00003240
P00007111,P00007112
P00006103,P00006104
31956,206356229
B000GFCNNG,B000GFCNNG-reworded
P009387,P009388
B0006SQOF6,B0006SQOF6-reworded
P00003193,P00003194
P00011781,P00011782
P003387,P003388
B0000WLGY2,B0000WLGY2-reworded
P007147,P007148
B000NZW9NS,B000NZW9NS-reworded
B0002T6CTC,B0002T6CTC-reworded
B0006G4BWQ,B0006G4BWQ-reworded
P00009953,P00009954
B0001YS39A,B0001YS39A-reworded
P00018233,P00018234
P002135,P002136
P005427,P005428
P014755,P014756
P011207,P011208
P00020309,P00020310
B0002TP9BO,B0002TP9BO-reworded
P00014147,P00014148
P004215,P004216
P008607,P008608
34937,208114670
B000A6CXUO,B000A6CXUO-reworded
P00010567,P00010568
B0001FUYGO,B0001FUYGO-reworded
P009503,P009504
P004903,P004904
P005535,P005536
P00008551,P00008552
B000L9UY2E,B000L9UY2E-reworded
B0002M5AGK,B0002M5AGK-reworded
P00006733,P00006734
P00000165,P00000166
P024907,P024908
P003647,P003648
B0002SEFE2,B0002SEFE2-reworded
P00018297,P00018298
b0000959kx,http://www.google.com/base/feeds/snippets/6052848636732301170
P00002781,P00002782
B0002VN87E,B0002VN87E-reworded
P022427,P022428
B000C9SMRC,B000C9SMRC-reworded
P00006231,P00006232
P023235,P023236
P025659,P025660
P00007421,P00007422
P00018649,P00018650
P00018763,P00018764
34136,207900171
P021375,P021376
P004495,P004496
b000bx441w,http://www.google.com/base/feeds/snippets/6376971851371386778
P00002007,P00002008
P007767,P007768
38773,210441166
P00018111,P00018112
P004463,P004464
B00066ZJ0E,B00066ZJ0E-reworded
b000b6n2lw,http://www.google.com/base/feeds/snippets/4747185109584668947
MB009,MB009-alt
33671,206917816
B00004SR94,B00004SR94-reworded
P00009925,P00009926
P009607,P009608
35485,206901613
P00012433,P00012434
P003767,P003768
P00004543,P00004544
B0009GGZS6,B0009GGZS6-reworded
P00018531,P00018532
P00008539,P00008540
P00011889,P00011890
38522,210267015
P00005827,P00005828
P000059,P000060
P00008419,P00008420
b000frs438,http://www.google.com/base/feeds/snippets/16940097910559500208
B0002CX8ZA,B0002CX8ZA-reworded
P004923,P004924
P008095,P008096
34945,208114674
P00003921,P00003922
P004111,P004112
b000088ner,http://www.google.com/base/feeds/snippets/1347968736695236641
P00001781,P00001782
P00005061,P00005062
P000915,P000916
B000067PTB,B000067PTB-reworded
25814,202973396
P00017913,P00017914
P00010419,P00010420
P003527,P003528
b000jjrwas,http://www.google.com/base/feeds/snippets/18400264612493053038
P023307,P023308
B00008EYAE,B00008EYAE-reworded
b000pihtbk,http://www.google.com/base/feeds/snippets/9522193715675586199
P00017381,P00017382
P00019529,P00019530
P026759,P026760
P019879,P019880
P025575,P025576
P009535,P009536
P00016293,P00016294
P008727,P008728
P00003775,P00003776
P00020581,P00020582
P00014429,P00014430
P003607,P003608
P00019813,P00019814
b000e6q3em,http://www.google.com/base/feeds/snippets/18435517580056006507
b0009ren8e,http://www.google.com/base/feeds/snippets/18152695793777845265
P00019333,P00019334
P00015677,P00015678
B00022EJV2,B00022EJV2-reworded
P023567,P023568
P00014339,P00014340
26346,202537962
P00011361,P00011362
B000J3B24G,B000J3B24G-reworded
32625,201935116
P016747,P016748
b000fncrto,http://www.google.com/base/feeds/snippets/9167720084838534914
P00005139,P00005140
B000BNGJVA,B000BNGJVA-reworded
P00000525,P00000526
b000cc22ys,http://www.google.com/base/feeds/snippets/13711624573601150378
B000AXQVPK,B000AXQVPK-reworded
P006867,P006868
B0006OHWZ6,B0006OHWZ6-reworded
P000169,P000170
B000KGJAFK,B000KGJAFK-reworded
P00000839,P00000840
B000ID3A38,B000ID3A38-reworded
P015511,P015512
B0001HA8HW,B0001HA8HW-reworded
P006955,P006956
P009471,P009472
B000P30732,B000P30732-reworded
P00013121,P00013122
B0000AWMAU,B0000AWMAU-reworded
B00007IYOL,B00007IYOL-reworded
P008451,P008452
37716,207899810
P00014537,P00014538
P00018059,P00018060
P003791,P003792
37915,207465595
B000COC0Z2,B000COC0Z2-reworded
P025603,P025604
P00014077,P00014078
P004583,P004584
P003967,P003968
P00008017,P00008018
P003171,P003172
B000JFKRO0,B000JFKRO0-reworded
P003139,P003140
B0002VN9FA,B0002VN9FA-reworded
P00009041,P00009042
P00017177,P00017178
b000sqnbp2,http://www.google.com/base/feeds/snippets/18309926777977827139
P002507,P002508
P00014959,P00014960
36383,208226699
B0002VN48W,B0002VN48W-reworded
P024095,P024096
P00020101,P00020102
33440,207464921
P00009175,P00009176
P006515,P006516
P008383,P008384
P017007,P017008
B000308MSE,B000308MSE-reworded
P001383,P001384
P00009051,P00009052
P024347,P024348
P002423,P002424
P017483,P017484
P010039,P010040
P023879,P023880
P00016145,P00016146
P008315,P008316
B000H88R9Q,B000H88R9Q-reworded
P00002953,P00002954
P00021109,P00021110
P012911,P012912
B00066N32U,B00066N32U-reworded
B0001YLFA4,B0001YLFA4-reworded
P026699,P026700
P000291,P000292
P00017685,P00017686
P00012645,P00012646
P001495,P001496
P00000853,P00000854
P00019099,P00019100
27975,10360978
P00018677,P00018678
P00000545,P00000546
P00012329,P00012330
b000v7v2uo,http://www.google.com/base/feeds/snippets/18218026817519050250
P00000109,P00000110
P00006565,P00006566
P011627,P011628
b0002oqy1i,http://www.google.com/base/feeds/snippets/15832790434131694955
B0001YRN8M,B0001YRN8M-reworded
B0000AHR43,B0000AHR43-reworded
P00006765,P00006766
P009511,P009512
P00019887,P00019888
b000gaqlxe,http://www.google.com/base/feeds/snippets/13825743693732119715
P00005057,P00005058
P00015233,P00015234
P00003871,P00003872
P001659,P001660
P018943,P018944
B000308VJ4,B000308VJ4-reworded
b000ndicpy,http://www.google.com/base/feeds/snippets/4287560991242110323
P00007601,P00007602
P016659,P016660
34648,207919773
P010087,P010088
P00001717,P00001718
P00008295,P00008296
P00000245,P00000246
P00004253,P00004254
P00005861,P00005862
P00013731,P00013732
P00014747,P00014748
B000GJTUC4,B000GJTUC4-reworded
P00000283,P00000284
P00006003,P00006004
P00014827,P00014828
B0002NZONS,B0002NZONS-reworded
B0002V7I52,B0002V7I52-reworded
P026423,P026424
P007563,P007564
32150,207390506
P000831,P000832
P000419,P000420
P00009809,P00009810
B0001MICE8,B0001MICE8-reworded
B000086562,B000086562-reworded
P006059,P006060
P00020167,P00020168
P00013203,P00013204
P024055,P024056
P00013337,P00013338
P001197,P001198
P00013385,P00013386
37825,205505156
P00009841,P00009842
B0002ZJ3N8,B0002ZJ3N8-reworded
38208,207527632
B0002OQV20,B0002OQV20-reworded
P005887,P005888
P018463,P018464
P000669,P000670
P021635,P021636
b0007lw22g,http://www.google.com/base/feeds/snippets/18398718226932431716
25905,202479418
P005767,P005768
P000967,P000968
B000L4EGFU,B000L4EGFU-reworded
P00014791,P00014792
P00015547,P00015548
b000b6n2m6,http://www.google.com/base/feeds/snippets/12929795214910360357
P00018971,P00018972
B000KBHLYM,B000KBHLYM-reworded
P00009001,P00009002
P003099,P003100
P00009655,P00009656
P000869,P000870
P00001643,P00001644
P00011059,P00011060
P00004729,P00004730
36084,205664938
P00006821,P00006822
P00000469,P00000470
B000CD87EQ,B000CD87EQ-reworded
B000B4XFG6,B000B4XFG6-reworded
P020995,P020996
B0002JKQNA,B0002JKQNA-reworded
P00006897,P00006898
B00012U2PU,B00012U2PU-reworded
P00001843,P00001844
P00009931,P00009932
P00020953,P00020954
P00002391,P00002392
P006303,P006304
P013223,P013224
P00009943,P00009944
B0000C3ERR,B0000C3ERR-reworded
P00007375,P00007376
P00000495,P00000496
P00001393,P00001394
B0002NZP14,B0002NZP14-reworded
P008815,P008816
P00012837,P00012838
P003755,P003756
P005355,P005356
P00001755,P00001756
B000NQZ02E,B000NQZ02E-reworded
P00011447,P00011448
b000bcz8ng,http://www.google.com/base/feeds/snippets/3077454195131808819
P004699,P004700
28180,202916534
B0002LYLXE,B0002LYLXE-reworded
B000I3FA5O,B000I3FA5O-reworded
B0002OQRF6,B0002OQRF6-reworded
P00002529,P00002530
P00019047,P00019048
P00018855,P00018856
B0002YO2TY,B0002YO2TY-reworded
P008471,P008472
P00005379,P00005380
B0002XPKJQ,B0002XPKJQ-reworded
P00016833,P00016834
P00020427,P00020428
P00012207,P00012208
P001215,P001216
B0000AWJNK,B0000AWJNK-reworded
P00017915,P00017916
P001137,P001138
P00007383,P00007384
P00020307,P00020308
P00019263,P00019264
B0000CB9UH,B0000CB9UH-reworded
P023447,P023448
P00015871,P00015872
B00066ZPB2,B00066ZPB2-reworded
P003971,P003972
P00012671,P00012672
P00002047,P00002048
B00070PGAM,B00070PGAM-reworded
B000DLB5XM,B000DLB5XM-reworded
P00019249,P00019250
25813,202973389
P00010029,P00010030
B0002TI4WU,B0002TI4WU-reworded
P00006613,P00006614
B0006B5FC6,B0006B5FC6-reworded
P000845,P000846
B000FA3D2M,B000FA3D2M-reworded
P00008325,P00008326
B000EA3V6Q,B000EA3V6Q-reworded
B0006NMB5I,B0006NMB5I-reworded
P008855,P008856
B0006IXB3O,B0006IXB3O-reworded
P00018975,P00018976
P015467,P015468
P000779,P000780
P003507,P003508
B00026QFGU,B00026QFGU-reworded
P00007945,P00007946
P011967,P011968
P00000061,P00000062
B00062NN6A,B00062NN6A-reworded
B0002VMMKS,B0002VMMKS-reworded
P00001331,P00001332
B0000AFHM0,B0000AFHM0-reworded
P00009697,P00009698
P00014659,P00014660
P00007577,P00007578
P002747,P002748
B0007ZPYEK,B0007ZPYEK-reworded
34286,207945552
P026315,P026316
P00006063,P00006064
P00006963,P00006964
P00000625,P00000626
P009215,P009216
B0001NJSRM,B0001NJSRM-reworded
P00003141,P00003142
P00007925,P00007926
P00005719,P00005720
P00005083,P00005084
P00003539,P00003540
P00018921,P00018922
0892817887,0892817887-reworded
P013219,P013220
P013619,P013620
B0002A1UAW,B0002A1UAW-reworded
B000JUGPJ6,B000JUGPJ6-reworded
P00003433,P00003434
P001439,P001440
B000H48G96,B000H48G96-reworded
P00006461,P00006462
P00020507,P00020508
P00010265,P00010266
P00007223,P00007224
P00019999,P00020000
P013011,P013012
P021255,P021256
B0002NYU3S,B0002NYU3S-reworded
P000589,P000590
B000FJCQVM,B000FJCQVM-reworded
b000o39u8q,http://www.google.com/base/feeds/snippets/5609692463569230619
B000PHS70S,B000PHS70S-reworded
P00004319,P00004320
24572,202537969
P009507,P009508
P00006883,P00006884
P008087,P008088
P026155,P026156
P00019203,P00019204
B0001W13PI,B0001W13PI-reworded
P00004585,P00004586
B000PL3WJA,B000PL3WJA-reworded
P017875,P017876
B000R30I70,B000R30I70-reworded
P019907,P019908
b000f7gysa,http://www.google.com/base/feeds/snippets/16702887737767240197
P00002119,P00002120
P00010751,P00010752
P00019401,P00019402
P00003473,P00003474
P000457,P000458
P00005853,P00005854
34966,207965387
P00008169,P00008170
P00007529,P00007530
P004271,P004272
P001329,P001330
P00003001,P00003002
23837,202635467
P00016637,P00016638
P00003291,P00003292
P008215,P008216
P00001139,P00001140
P018167,P018168
P00004733,P00004734
P00013395,P00013396
P018163,P018164
P00017107,P00017108
P000275,P000276
B000E1WBKW,B000E1WBKW-reworded
P00017217,P00017218
P010339,P010340
P00013143,P00013144
P00013087,P00013088
P007523,P007524
P00019073,P00019074
P00011247,P00011248
P024083,P024084
B0006TNOYO,B0006TNOYO-reworded
P00002171,P00002172
P012219,P012220
26082,204274660
P011539,P011540
P008931,P008932
P00017605,P00017606
P00017219,P00017220
P007155,P007156
P00013713,P00013714
P00008879,P00008880
P026019,P026020
P007159,P007160
P015595,P015596
P00003477,P00003478
P00004405,P00004406
P00000571,P00000572
P00017931,P00017932
P016679,P016680
P00002233,P00002234
P00010481,P00010482
P00018505,P00018506
P022571,P022572
P007831,P007832
P000723,P000724
P00017687,P00017688
P00020691,P00020692
P019379,P019380
B0002SSQGA,B0002SSQGA-reworded
P009851,P009852
P00001313,P00001314
b000098xiy,http://www.google.com/base/feeds/snippets/12991839860010855049
B000145UIC,B000145UIC-reworded
P007999,P008000
P00003197,P00003198
P021739,P021740
P00004603,P00004604
B0002VN6YY,B0002VN6YY-reworded
P00012509,P00012510
P00009113,P00009114
B000KFXJGW,B000KFXJGW-reworded
24386,203340101
B000MTEIMA,B000MTEIMA-reworded
27778,205844282
B0000AELG3,B0000AELG3-reworded
P009295,P009296
P00020361,P00020362
P00009353,P00009354
b00006sijq,http://www.google.com/base/feeds/snippets/14902598566526934218
P00018643,P00018644
P00000153,P00000154
P00001895,P00001896
P00015863,P00015864
P00001817,P00001818
P00014421,P00014422
P005627,P005628
P00019059,P00019060
P00020969,P00020970
P00019063,P00019064
B000AMW0XS,B000AMW0XS-reworded
P00004855,P00004856
P00008413,P00008414
34379,208112355
B0002NZ8FM,B0002NZ8FM-reworded
P000599,P000600
P004931,P004932
P00009427,P00009428
B0002NZGEK,B0002NZGEK-reworded
P00020801,P00020802
P00015465,P00015466
B0000AFRVU,B0000AFRVU-reworded
33057,208033806
34125,203165921
33472,205777549
P010867,P010868
P00006163,P00006164
P00008095,P00008096
P00003381,P00003382
P010107,P010108
P00010823,P00010824
P001479,P001480
P00018647,P00018648
B0002Z82AI,B0002Z82AI-reworded
P022095,P022096
B000G7IGVC,B000G7IGVC-reworded
P011423,P011424
P003067,P003068
P00010659,P00010660
P006475,P006476
P024223,P024224
b00007bguc,http://www.google.com/base/feeds/snippets/17967569973770560353
P00010827,P00010828
P011143,P011144
B0002NZSOS,B0002NZSOS-reworded
P000603,P000604
P022007,P022008
P001699,P001700
P00018965,P00018966
B000QBO2KW,B000QBO2KW-reworded
P012935,P012936
B000AP1NWY,B000AP1NWY-reworded
P00011869,P00011870
30343,205121310
P00014293,P00014294
B00029BHE2,B00029BHE2-reworded
P00004667,P00004668
B0000ZHCOM,B0000ZHCOM-reworded
B0009RWL3I,B0009RWL3I-reworded
P00017755,P00017756
P016163,P016164
P00008273,P00008274
38001,209871973
P024615,P024616
P00014277,P00014278
P00019385,P00019386
P00013381,P00013382
P00003107,P00003108
P00010367,P00010368
P002347,P002348
P001709,P001710
B000N8Q292,B000N8Q292-reworded
P00000769,P00000770
B0002LIMJS,B0002LIMJS-reworded
P010167,P010168
P00020435,P00020436
P00020001,P00020002
P001415,P001416
P00011831,P00011832
P00019137,P00019138
35853,208085175
P00014985,P00014986
P024331,P024332
P00003805,P00003806
B0007OV4RC,B0007OV4RC-reworded
P00019267,P00019268
P020955,P020956
P001119,P001120
P004927,P004928
P00011067,P00011068
B0006TJEG6,B0006TJEG6-reworded
P005359,P005360
P015083,P015084
1557287813,1557287813-reworded
B000IDGF5I,B000IDGF5I-reworded
B000KGLF58,B000KGLF58-reworded
P025379,P025380
b000ro5o78,http://www.google.com/base/feeds/snippets/4827955808966376315
P015687,P015688
P010783,P010784
B000F3L5ZQ,B000F3L5ZQ-reworded
P00014355,P00014356
P00006847,P00006848
P00014919,P00014920
P005875,P005876
B000F9WJZK,B000F9WJZK-reworded
P000899,P000900
P00003639,P00003640
B000EZYYCQ,B000EZYYCQ-reworded
P019131,P019132
P020231,P020232
P014687,P014688
B00026UM5A,B00026UM5A-reworded
P00019499,P00019500
P00020465,P00020466
B000093S96,B000093S96-reworded
P00005499,P00005500
P023139,P023140
B0002JUMPC,B0002JUMPC-reworded
37054,208941074
P00018199,P00018200
P00009199,P00009200
P00018161,P00018162
P00001607,P00001608
P00008949,P00008950
P00001559,P00001560
P00011803,P00011804
B000OBSFQQ,B000OBSFQQ-reworded
P003863,P003864
B000KWV2ZK,B000KWV2ZK-reworded
P00013177,P00013178
P00001893,P00001894
b000b85aag,http://www.google.com/base/feeds/snippets/2233807276870300519
P00018425,P00018426
28256,204563763
P000191,P000192
P024731,P024732
P00019425,P00019426
B000CBIIME,B000CBIIME-reworded
b000ogsh3c,http://www.google.com/base/feeds/snippets/2640184679506710701
P001771,P001772
P002523,P002524
P007399,P007400
P00014399,P00014400
P001651,P001652
P00012091,P00012092
P000203,P000204
b000i84dsy,http://www.google.com/base/feeds/snippets/18427191929555331953
P00004297,P00004298
P007131,P007132
B000MSE13W,B000MSE13W-reworded
P000223,P000224
P00005033,P00005034
P00013249,P00013250
P00017565,P00017566
B00066PEP4,B00066PEP4-reworded
B000JLB3E2,B000JLB3E2-reworded
33452,207667994
P00009705,P00009706
B000HI7C3I,B000HI7C3I-reworded
P017591,P017592
P00002375,P00002376
B0002OURCK,B0002OURCK-reworded
P00014433,P00014434
P00013649,P00013650
P018199,P018200
P00017679,P00017680
P009347,P009348
P013507,P013508
B000148I0E,B000148I0E-reworded
P00016793,P00016794
P020711,P020712
P00011821,P00011822
P00004689,P00004690
P009087,P009088
B0002M5BDW,B0002M5BDW-reworded
B00027FWJA,B00027FWJA-reworded
P00002385,P00002386
P00005877,P00005878
P00018117,P00018118
P002591,P002592
B000BFVPVW,B000BFVPVW-reworded
B0009G9JKC,B0009G9JKC-reworded
B0007DOMTA,B0007DOMTA-reworded
P009551,P009552
b000g80lqo,http://www.google.com/base/feeds/snippets/18441188461196475272
B0002YOERO,B0002YOERO-reworded
b000083k83,http://www.google.com/base/feeds/snippets/18439030063794622523
P00014193,P00014194
P009455,P009456
P007579,P007580
0071364447,0071364447-reworded
33637,207391015
B000676E8E,B000676E8E-reworded
B0000868SD,B0000868SD-reworded
P00009743,P00009744
B0000DDI9K,B0000DDI9K-reworded
P020643,P020644
B0001YR9WW,B0001YR9WW-reworded
B0000CBAKL,B0000CBAKL-reworded
b0002ip4lu,http://www.google.com/base/feeds/snippets/16739935323659993586
P00011937,P00011938
B000FGHVW4,B000FGHVW4-reworded
P00003297,P00003298
P000071,P000072
P021191,P021192
P00006717,P00006718
B000GEC7K6,B000GEC7K6-reworded
b000epcfz4,http://www.google.com/base/feeds/snippets/13118744398423334173
P00008205,P00008206
P00014855,P00014856
b000hlt57q,http://www.google.com/base/feeds/snippets/18385266399097496621
36305,202899626
B000002TU1,B000002TU1-reworded
B0000E240P,B0000E240P-reworded
P00008795,P00008796
P00016421,P00016422
P00013963,P00013964
P005299,P005300
P00007201,P00007202
P00004579,P00004580
B00008ID0Q,B00008ID0Q-reworded
P000635,P000636
P008831,P008832
P00001509,P00001510
P00001007,P00001008
P00020533,P00020534
P00016957,P00016958
P014587,P014588
P013527,P013528
P006903,P006904
P005423,P005424
P00008301,P00008302
P00013915,P00013916
34278,207934190
P00019023,P00019024
P006319,P006320
B000E2EX9S,B000E2EX9S-reworded
P00014617,P00014618
P020791,P020792
B000PH6TEE,B000PH6TEE-reworded
P00012831,P00012832
P00012467,P00012468
P007439,P007440
P00003525,P00003526
P00014845,P00014846
P00019225,P00019226
P008839,P008840
P00003707,P00003708
B00015HKGG,B00015HKGG-reworded
P00018883,P00018884
P00009609,P00009610
P001209,P001210
P024511,P024512
P00005301,P00005302
P018347,P018348
20459,201953025
P009267,P009268
P00015039,P00015040
B0000C2SIJ,B0000C2SIJ-reworded
B000GABYSQ,B000GABYSQ-reworded
B0001YRW5Q,B0001YRW5Q-reworded
P00015515,P00015516
B000FPVSVU,B000FPVSVU-reworded
P000415,P000416
P00007639,P00007640
P00019763,P00019764
b000fzz73u,http://www.google.com/base/feeds/snippets/11404711258824251475
b000qd9f5w,http://www.google.com/base/feeds/snippets/16981277851522177810
B00079P82O,B00079P82O-reworded
b000fzxiou,http://www.google.com/base/feeds/snippets/12642359421626863460
P00002405,P00002406
B000BQGRYG,B000BQGRYG-reworded
P00015977,P00015978
P00004873,P00004874
P022979,P022980
35276,208084021
b000gcd6lw,http://www.google.com/base/feeds/snippets/3011334164286500167
P011275,P011276
P004403,P004404
P018615,P018616
35024,208156876
B0001464IW,B0001464IW-reworded
P00002015,P00002016
P00020053,P00020054
33966,205561996
P00014517,P00014518
B0002VNQV2,B0002VNQV2-reworded
P000783,P000784
P021231,P021232
B0001G6WIM,B0001G6WIM-reworded
P00016729,P00016730
B0002LKTM6,B0002LKTM6-reworded
P00015761,P00015762
P00020789,P00020790
b000he9pr8,http://www.google.com/base/feeds/snippets/7349023854495904300
P00015139,P00015140
P009059,P009060
37648,209122921
P00001827,P00001828
P00014581,P00014582
P017095,P017096
P021063,P021064
P00003167,P00003168
P00016747,P00016748
B000O50JHA,B000O50JHA-reworded
P00014381,P00014382
B0006J1EC8,B0006J1EC8-reworded
P001421,P001422
P00005049,P00005050
P00020217,P00020218
B0002YEGCC,B0002YEGCC-reworded
P009119,P009120
B000BJ5M4Y,B000BJ5M4Y-reworded
P00015585,P00015586
P025759,P025760
P012899,P012900
P016563,P016564
P019831,P019832
P00017189,P00017190
b000dinb4g,http://www.google.com/base/feeds/snippets/13769671790180310327
P000607,P000608
P00001399,P00001400
P019571,P019572
P00010739,P00010740
P000955,P000956
37650,209122924
P00015637,P00015638
P00011547,P00011548
P009303,P009304
B000QC3R1Q,B000QC3R1Q-reworded
B0002885I4,B0002885I4-reworded
P010659,P010660
P024675,P024676
P000297,P000298
P009343,P009344
P00013039,P00013040
B0006FTDG6,B0006FTDG6-reworded
32688,208033808
P00009477,P00009478
b000ivfciq,http://www.google.com/base/feeds/snippets/12151689484559213261
P021275,P021276
P00019759,P00019760
P002759,P002760
P003291,P003292
P00005795,P00005796
B0002YIHM2,B0002YIHM2-reworded
28225,205592439
b0006nkbn2,http://www.google.com/base/feeds/snippets/13986409474793202514
P025007,P025008
P025795,P025796
B0001MICKM,B0001MICKM-reworded
P009927,P009928
P00012213,P00012214
P008723,P008724
B0002NZC7Q,B0002NZC7Q-reworded
P021723,P021724
B0000AHQUP,B0000AHQUP-reworded
b00083czbg,http://www.google.com/base/feeds/snippets/15052254484804072386
P00019433,P00019434
P00002133,P00002134
P00005209,P00005210
P00001673,P00001674
B000KD7A78,B000KD7A78-reworded
B0000YKEXO,B0000YKEXO-reworded
P00007879,P00007880
P026695,P026696
P00005579,P00005580
b0009zhg8k,http://www.google.com/base/feeds/snippets/18403568462989725383
P020683,P020684
B00006RGI4,B00006RGI4-reworded
P00006891,P00006892
P020323,P020324
P00008037,P00008038
P00018797,P00018798
B000N25A3W,B000N25A3W-reworded
30957,202046565
P00010003,P00010004
P00007503,P00007504
P005967,P005968
P022783,P022784
P000789,P000790
P012583,P012584
P00010671,P00010672
P010279,P010280
P001581,P001582
38798,205852250
B0002LI798,B0002LI798-reworded
P002783,P002784
B000BZA130,B000BZA130-reworded
P013739,P013740
B000E9ZG4M,B000E9ZG4M-reworded
P000309,P000310
P003295,P003296
P00015645,P00015646
B0002UCES4,B0002UCES4-reworded
P00005311,P00005312
23097,202515446
P00013545,P00013546
P00000859,P00000860
B00008664L,B00008664L-reworded
P00009843,P00009844
b000h13a2w,http://www.google.com/base/feeds/snippets/9946072379807963307
P00013351,P00013352
P019719,P019720
B0000CEUJF,B0000CEUJF-reworded
P00015271,P00015272
B0002TPBNA,B0002TPBNA-reworded
B0001D0HN6,B0001D0HN6-reworded
P009015,P009016
P00010727,P00010728
P00012977,P00012978
b0001ipy66,http://www.google.com/base/feeds/snippets/17321125761149481127
P013247,P013248
P00015601,P00015602
P00017673,P00017674
P00004581,P00004582
P024379,P024380
P00015613,P00015614
P00004485,P00004486
P021019,P021020
P024431,P024432
P00005637,P00005638
B000RZ484C,B000RZ484C-reworded
P00008927,P00008928
33769,208504099
P014631,P014632
P001475,P001476
P024695,P024696
P019899,P019900
B0002ZI7JY,B0002ZI7JY-reworded
B0002T67RO,B0002T67RO-reworded
P00002077,P00002078
P023179,P023180
B000JWNKDI,B000JWNKDI-reworded
B0006596PE,B0006596PE-reworded
B0002I1IBU,B0002I1IBU-reworded
P00009313,P00009314
B0000AHR4X,B0000AHR4X-reworded
B0009PCTUA,B0009PCTUA-reworded
B001B8XRAK,B001B8XRAK-reworded
P008499,P008500
P00006101,P00006102
P026199,P026200
P00019595,P00019596
B0001YR4RW,B0001YR4RW-reworded
P011235,P011236
P017975,P017976
B00065IA24,B00065IA24-reworded
P00015055,P00015056
P00001359,P00001360
P001243,P001244
B0000AHR6I,B0000AHR6I-reworded
B0002VN9T6,B0002VN9T6-reworded
b000ndibci,http://www.google.com/base/feeds/snippets/5536147337142384196
B000BHIEXM,B000BHIEXM-reworded
P00005449,P00005450
b000hed3f8,http://www.google.com/base/feeds/snippets/15401280256033043239
P008591,P008592
38473,10333846
P00008409,P00008410
B0002YLB7K,B0002YLB7K-reworded
P00009625,P00009626
P024803,P024804
39175,204822679
P00009307,P00009308
P00020639,P00020640
P00000803,P00000804
B000AAWCCY,B000AAWCCY-reworded
P00011427,P00011428
P00011369,P00011370
b00006sijr,http://www.google.com/base/feeds/snippets/5585715428749582523
b0002ce0v6,http://www.google.com/base/feeds/snippets/17297585967951704634
P00020085,P00020086
P00008365,P00008366
P00015107,P00015108
P025875,P025876
P00017789,P00017790
P002615,P002616
b000ro5o7s,http://www.google.com/base/feeds/snippets/7129140322149464777
P000227,P000228
P017959,P017960
P00007189,P00007190
P00007803,P00007804
P00020981,P00020982
P00010167,P00010168
33458,210401450
P00018805,P00018806
P010359,P010360
b000h2can6,http://www.google.com/base/feeds/snippets/866471509127749885
P00017375,P00017376
P025367,P025368
P016235,P016236
B0000C3EQL,B0000C3EQL-reworded
23864,204636071
B000086981,B000086981-reworded
P023855,P023856
P00009413,P00009414
P00021001,P00021002
P000025,P000026
P00005819,P00005820
B000GUSL5U,B000GUSL5U-reworded
B000NDQO0E,B000NDQO0E-reworded
P00017623,P00017624
B000JME8U2,B000JME8U2-reworded
B0006I59OI,B0006I59OI-reworded
P009903,P009904
P001291,P001292
P00003093,P00003094
P00013615,P00013616
P00018467,P00018468
P020071,P020072
P00015747,P00015748
16112,202900041
B0001A1BK2,B0001A1BK2-reworded
P00003377,P00003378
B00008IOIQ,B00008IOIQ-reworded
P017907,P017908
b000ivjsb8,http://www.google.com/base/feeds/snippets/17787032142812456248
P023755,P023756
P001443,P001444
P008147,P008148
b000jz4hqo,http://www.google.com/base/feeds/snippets/18441480711193821750
P002367,P002368
B0000C3A45,B0000C3A45-reworded
P006371,P006372
b000gcgqd2,http://www.google.com/base/feeds/snippets/13759883185832377445
B0006DIQNE,B0006DIQNE-reworded
P023647,P023648
31030,205557530
P002595,P002596
P021979,P021980
P022123,P022124
P00014653,P00014654
b000i2qubi,http://www.google.com/base/feeds/snippets/12835181529749808477
P00011273,P00011274
P00019113,P00019114
P00020199,P00020200
B000Q589EI,B000Q589EI-reworded
B0000DB9GR,B0000DB9GR-reworded
B0001FXLW8,B0001FXLW8-reworded
P009875,P009876
P020843,P020844
35525,207543201
P013159,P013160
P00015577,P00015578
P013367,P013368
P008247,P008248
B000OE16WI,B000OE16WI-reworded
P00018271,P00018272
P00019911,P00019912
B000JVY1PA,B000JVY1PA-reworded
P00013909,P00013910
P00008715,P00008716
B000ND3H5O,B000ND3H5O-reworded
P00021129,P00021130
P00016921,P00016922
P00017313,P00017314
B0001B990K,B0001B990K-reworded
P008439,P008440
P00015727,P00015728
36502,209306029
P00011185,P00011186
P00013849,P00013850
B0000C3XYE,B0000C3XYE-reworded
P00007331,P00007332
b000v809mk,http://www.google.com/base/feeds/snippets/17424435152951418977
B000IN58HY,B000IN58HY-reworded
P00010203,P00010204
P005695,P005696
P004999,P005000
P00014497,P00014498
P00012707,P00012708
P00012443,P00012444
P006091,P006092
P023659,P023660
B0007YPE8M,B0007YPE8M-reworded
P00019795,P00019796
P00016543,P00016544
P00013495,P00013496
P008075,P008076
P025251,P025252
P00001065,P00001066
P009035,P009036
P00007939,P00007940
P024759,P024760
P00016223,P00016224
P00006825,P00006826
P00008069,P00008070
B00080QBGO,B00080QBGO-reworded
P017247,P017248
b000o8gs3g,http://www.google.com/base/feeds/snippets/4395553239306869895
P00008101,P00008102
P00019893,P00019894
P00010883,P00010884
P00001937,P00001938
P007163,P007164
P007819,P007820
P021715,P021716
P00015493,P00015494
P00000385,P00000386
P00003865,P00003866
P00015775,P00015776
P013035,P013036
P023131,P023132
P00007115,P00007116
P00000693,P00000694
b000bx5ggy,http://www.google.com/base/feeds/snippets/12226449661661559282
P00014123,P00014124
B000F65RF2,B000F65RF2-reworded
P005047,P005048
P000389,P000390
P00010033,P00010034
P003439,P003440
24648,203491687
B0000WKZIA,B0000WKZIA-reworded
P00009827,P00009828
P00008999,P00009000
P00007597,P00007598
P00015203,P00015204
P025491,P025492
P011095,P011096
P00012223,P00012224
P00002741,P00002742
P00014099,P00014100
P00016633,P00016634
P00000739,P00000740
P00015777,P00015778
P008179,P008180
P001035,P001036
P00020557,P00020558
35519,208289950
0471230111,0471230111-reworded
b000eiau3u,http://www.google.com/base/feeds/snippets/18396389648150219430
b00007g3ai,http://www.google.com/base/feeds/snippets/10901373095934236651
P00002695,P00002696
B000090NDB,B000090NDB-reworded
b000o27rgy,http://www.google.com/base/feeds/snippets/3109934347512360013
B000OZE57A,B000OZE57A-reworded
P00002603,P00002604
P024955,P024956
36023,202451162
P00011923,P00011924
B0000ANF7N,B0000ANF7N-reworded
P00010385,P00010386
P00011385,P00011386
P002627,P002628
P00008139,P00008140
P00013957,P00013958
P000199,P000200
P007327,P007328
P002035,P002036
B000MN492A,B000MN492A-reworded
P00008601,P00008602
P018187,P018188
P00017423,P00017424
P008871,P008872
P010871,P010872
P00020089,P00020090
B0002VNJ5K,B0002VNJ5K-reworded
B0002TOXU2,B0002TOXU2-reworded
P016447,P016448
P00014605,P00014606
P00005173,P00005174
P003623,P003624
B000R7WJS2,B000R7WJS2-reworded
B000A3NQ7G,B000A3NQ7G-reworded
B000PWW6LY,B000PWW6LY-reworded
P00008995,P00008996
B0002G8JLY,B0002G8JLY-reworded
B00080YE0O,B00080YE0O-reworded
P00015091,P00015092
P024087,P024088
P001007,P001008
P00007825,P00007826
P00003359,P00003360
B00020ZWOM,B00020ZWOM-reworded
34301,206615080
P00018519,P00018520
b000bgpqr0,http://www.google.com/base/feeds/snippets/12737245292905990966
P006295,P006296
P021415,P021416
P00019605,P00019606
B0002E4Z9Q,B0002E4Z9Q-reworded
P021359,P021360
B0002VN4YG,B0002VN4YG-reworded
P00000323,P00000324
P00020315,P00020316
B00008IO80,B00008IO80-reworded
P00018517,P00018518
P003779,P003780
P000463,P000464
P020347,P020348
b000fdetxq,http://www.google.com/base/feeds/snippets/1327096272598550732
P00020683,P00020684
B000IK8RNO,B000IK8RNO-reworded
P000967,P000968
P00007567,P00007568
b000ndicpy,http://www.google.com/base/feeds/snippets/13125236767288549966
P00006011,P00006012
b000b63xha,http://www.google.com/base/feeds/snippets/14798220155665223365
P00016661,P00016662
P006415,P006416
P00019833,P00019834
P00020225,P00020226
P00004305,P00004306
P005987,P005988
P00005999,P00006000
P00012631,P00012632
P00011671,P00011672
P010735,P010736
P016723,P016724
B0007PBX5O,B0007PBX5O-reworded
P00006365,P00006366
b000lxdrjm,http://www.google.com/base/feeds/snippets/6524009149304761284
P00008361,P00008362
P013203,P013204
P00009707,P00009708
P022659,P022660
P00015241,P00015242
P023151,P023152
B000F8LUJ2,B000F8LUJ2-reworded
P00017063,P00017064
P00020275,P00020276
P024855,P024856
P004371,P004372
P026159,P026160
b000fvqo0o,http://www.google.com/base/feeds/snippets/2209370345378693785
P00019423,P00019424
P00004461,P00004462
P007771,P007772
B0002VMSES,B0002VMSES-reworded
P008287,P008288
b00009l1hv,http://www.google.com/base/feeds/snippets/15203735208016659510
P00009441,P00009442
P018799,P018800
P00004925,P00004926
33767,208112357
33763,208112356
P00001847,P00001848
b0006g2wke,http://www.google.com/base/feeds/snippets/18422068306669698354
P00000651,P00000652
P00008021,P00008022
P00009671,P00009672
B0006ZRY8K,B0006ZRY8K-reworded
B000ED2ASI,B000ED2ASI-reworded
P00015301,P00015302
P010095,P010096
P00017265,P00017266
P017839,P017840
B0002VNBF8,B0002VNBF8-reworded
P00008663,P00008664
P003559,P003560
B0002X4FQA,B0002X4FQA-reworded
P00005665,P00005666
P00013585,P00013586
B0000C37QN,B0000C37QN-reworded
P00016249,P00016250
P00011945,P00011946
P00008417,P00008418
P00014127,P00014128
P019799,P019800
B000P555BE,B000P555BE-reworded
P002839,P002840
P00014921,P00014922
P00004359,P00004360
P00006371,P00006372
P025539,P025540
P00012587,P00012588
B00016QPBQ,B00016QPBQ-reworded
P010635,P010636
B0002OQ4AY,B0002OQ4AY-reworded
P00012357,P00012358
P00018023,P00018024
P008603,P008604
P001701,P001702
P005895,P005896
P00000841,P00000842
B0007NIGHO,B0007NIGHO-reworded
P017019,P017020
P00003257,P00003258
B0002VNIKQ,B0002VNIKQ-reworded
B0009GAW94,B0009GAW94-reworded
P00006651,P00006652
36803,207469300
B0009HAOGO,B0009HAOGO-reworded
P011759,P011760
P00014167,P00014168
b000fdetx6,http://www.google.com/base/feeds/snippets/1298387803049191225
P00006913,P00006914
P021071,P021072
P00003819,P00003820
P00012321,P00012322
P019127,P019128
P00006433,P00006434
P007123,P007124
b000gi7itw,http://www.google.com/base/feeds/snippets/17322311354110627719
P00001075,P00001076
P00001631,P00001632
33271,206808431
P001433,P001434
P002819,P002820
B0000CFV5D,B0000CFV5D-reworded
P00019427,P00019428
P00013503,P00013504
B00030ISYM,B00030ISYM-reworded
P005611,P005612
P00000749,P00000750
36149,207907550
P00001231,P00001232
B00062NRL6,B00062NRL6-reworded
P00008665,P00008666
P00007385,P00007386
B000K396XO,B000K396XO-reworded
B0000C2U8U,B0000C2U8U-reworded
P00002463,P00002464
B0000AAF84,B0000AAF84-reworded
P00011459,P00011460
P00010863,P00010864
B0006U68YQ,B0006U68YQ-reworded
B000EO5AK2,B000EO5AK2-reworded
b000p9cr66,http://www.google.com/base/feeds/snippets/13212739364324191667
P00012297,P00012298
37145,208941080
P022455,P022456
P00001575,P00001576
P00005171,P00005172
b000aa8796,http://www.google.com/base/feeds/snippets/13804410937823415271
b000brm3xe,http://www.google.com/base/feeds/snippets/18396085441922746096
P000815,P000816
P00007543,P00007544
P011799,P011800
B0002OQCGU,B0002OQCGU-reworded
P00009151,P00009152
P015987,P015988
P006419,P006420
P00016679,P00016680
P020359,P020360
B00008RWB4,B00008RWB4-reworded
30951,205599984
P005975,P005976
P00007231,P00007232
B000FW16W4,B000FW16W4-reworded
P00014345,P00014346
P024547,P024548
P00013401,P00013402
B000JIOKCM,B000JIOKCM-reworded
P001175,P001176
P00014857,P00014858
P018331,P018332
B0002ZRTMU,B0002ZRTMU-reworded
P018887,P018888
P00006181,P00006182
P018359,P018360
P00010369,P00010370
B0001IMKRC,B0001IMKRC-reworded
P00015831,P00015832
P004531,P004532
P00016611,P00016612
P00018541,P00018542
P022379,P022380
B0002XPKKA,B0002XPKKA-reworded
b000fk8b42,http://www.google.com/base/feeds/snippets/15528939772983751628
b00022ptru,http://www.google.com/base/feeds/snippets/8761785470712681109
B0002VN5O0,B0002VN5O0-reworded
P010543,P010544
P00019953,P00019954
P00007525,P00007526
b000a3ky4e,http://www.google.com/base/feeds/snippets/18356638685856745200
B00062NNVU,B00062NNVU-reworded
P00006999,P00007000
P00009365,P00009366
P00015969,P00015970
P003763,P003764
P00019255,P00019256
B0008EOTAK,B0008EOTAK-reworded
b000bndgzw,http://www.google.com/base/feeds/snippets/6327594211039677778
P000519,P000520
B0000ASOSS,B0000ASOSS-reworded
P00005699,P00005700
P00000251,P00000252
P000131,P000132
P00007403,P00007404
P011079,P011080
P00001751,P00001752
b000e3fn4g,http://www.google.com/base/feeds/snippets/9584209186514584056
P018667,P018668
P023563,P023564
B000OZ8FI0,B000OZ8FI0-reworded
P00008543,P00008544
P008903,P008904
b000ndibh8,http://www.google.com/base/feeds/snippets/2261905427242154693
P00017151,P00017152
b0007lw22g,http://www.google.com/base/feeds/snippets/4539901557040997564
P022119,P022120
P024415,P024416
P00017431,P00017432
P00016621,P00016622
0273675281,0273675281-reworded
P00002617,P00002618
P00012679,P00012680
1888992174,1888992174-reworded
P022811,P022812
b00097iaym,http://www.google.com/base/feeds/snippets/18354270349835110075
P00009257,P00009258
B000FOOYN0,B000FOOYN0-reworded
P021451,P021452
P008027,P008028
P00012425,P00012426
P017411,P017412
P00009135,P00009136
P00006769,P00006770
P026307,P026308
30058,209028436
33965,206780877
P00004877,P00004878
P00015227,P00015228
P00017583,P00017584
P005011,P005012
b000gcgq82,http://www.google.com/base/feeds/snippets/16921328283361819228
P00009549,P00009550
P00006689,P00006690
P001575,P001576
P00013843,P00013844
P023431,P023432
P009367,P009368
b000om7diq,http://www.google.com/base/feeds/snippets/17708766593513600591
P018959,P018960
P008683,P008684
P001747,P001748
P00014545,P00014546
P000011,P000012
P001975,P001976
P00002093,P00002094
P00005905,P00005906
B000EUKA88,B000EUKA88-reworded
P00001443,P00001444
P017555,P017556
P00013869,P00013870
P00012451,P00012452
b000fc4du6,http://www.google.com/base/feeds/snippets/534612205120966482
P008875,P008876
P005151,P005152
P00015567,P00015568
B000308VWQ,B000308VWQ-reworded
P00014765,P00014766
P00004271,P00004272
P00012027,P00012028
37311,209901963
B00008DH2G,B00008DH2G-reworded
P00000519,P00000520
P00020241,P00020242
P00006771,P00006772
P00010083,P00010084
36309,208409785
P00014931,P00014932
P00019543,P00019544
P00011949,P00011950
B0002VN950,B0002VN950-reworded
B00075ZXGO,B00075ZXGO-reworded
P00014177,P00014178
b0000dzfvd,http://www.google.com/base/feeds/snippets/18398703861878507186
P00002105,P00002106
P000619,P000620
P00012795,P00012796
B0000AWOE2,B0000AWOE2-reworded
P001161,P001162
P00003879,P00003880
P006279,P006280
P009107,P009108
P022607,P022608
B0002ZIE5Q,B0002ZIE5Q-reworded
P00004635,P00004636
P00013445,P00013446
P020299,P020300
P021443,P021444
P00011977,P00011978
P00004215,P00004216
P00003007,P00003008
B0002ODXU8,B0002ODXU8-reworded
P004315,P004316
P017423,P017424
P00002249,P00002250
P00002931,P00002932
P00016193,P00016194
P00019973,P00019974
P00019043,P00019044
P00012021,P00012022
b000ndibhi,http://www.google.com/base/feeds/snippets/8042583218932085904
P00000931,P00000932
P00014933,P00014934
P00004871,P00004872
P00003137,P00003138
P00005909,P00005910
P00008891,P00008892
B000OOM8Q6,B000OOM8Q6-reworded
P00015001,P00015002
P010259,P010260
P000761,P000762
P00018275,P00018276
B000L9Y664,B000L9Y664-reworded
P00010943,P00010944
P005483,P005484
P007491,P007492
P00019661,P00019662
P00005755,P00005756
B000AHOW3O,B000AHOW3O-reworded
P015067,P015068
P00007989,P00007990
P010951,P010952
P00012191,P00012192
37150,208791918
P00019509,P00019510
B000A7PFNU,B000A7PFNU-reworded
B0006I5E3O,B0006I5E3O-reworded
P006051,P006052
B000NVBY1U,B000NVBY1U-reworded
B0001ZRXLI,B0001ZRXLI-reworded
B000G7CHQM,B000G7CHQM-reworded
B0002YOEVK,B0002YOEVK-reworded
P024187,P024188
P004483,P004484
P00009009,P00009010
P006391,P006392
P000679,P000680
38640,209890560
P00004653,P00004654
P001819,P001820
P00010327,P00010328
P020431,P020432
P008351,P008352
B000IDCWZ0,B000IDCWZ0-reworded
23325,204787744
P001463,P001464
P00008557,P00008558
P010663,P010664
P00020985,P00020986
B00030IRWA,B00030IRWA-reworded
B0006TSFXO,B0006TSFXO-reworded
b0006g2tum,http://www.google.com/base/feeds/snippets/18352674914916743912
B0002M0C7C,B0002M0C7C-reworded
B000FNBOES,B000FNBOES-reworded
P007895,P007896
P00012613,P00012614
P000347,P000348
b000gkpe14,http://www.google.com/base/feeds/snippets/6596219200360663289
P017695,P017696
P00017255,P00017256
b000pienka,http://www.google.com/base/feeds/snippets/17520994730465780544
P001069,P001070
B0000AAUKJ,B0000AAUKJ-reworded
B0001KDUFQ,B0001KDUFQ-reworded
B00078MK26,B00078MK26-reworded
B000CCFLO6,B000CCFLO6-reworded
B0002M5AEM,B0002M5AEM-reworded
P00008895,P00008896
P021119,P021120
B000N4U01W,B000N4U01W-reworded
P00008217,P00008218
B000A399R2,B000A399R2-reworded
P005915,P005916
P025955,P025956
P00004539,P00004540
P00010157,P00010158
33175,207542598
26805,203900180
B000HGP92G,B000HGP92G-reworded
B000NMQXBA,B000NMQXBA-reworded
P000247,P000248
P014839,P014840
B0006U6DI2,B0006U6DI2-reworded
P00017737,P00017738
b000v05f4k,http://www.google.com/base/feeds/snippets/18304228419567401310
B0000C3E1W,B0000C3E1W-reworded
P00019365,P00019366
B000ASKQGA,B000ASKQGA-reworded
P00003017,P00003018
B0001B9DII,B0001B9DII-reworded
P00016827,P00016828
B000E159K6,B000E159K6-reworded
P00011343,P00011344
P004303,P004304
P001533,P001534
b0000afu4e,http://www.google.com/base/feeds/snippets/10376000923691891679
P014751,P014752
P00002871,P00002872
B0009S5X14,B0009S5X14-reworded
P007755,P007756
P00004621,P00004622
P018411,P018412
P00021145,P00021146
b000hvtk9e,http://www.google.com/base/feeds/snippets/18400163697429940544
P00014221,P00014222
P021411,P021412
B0002NYVN2,B0002NYVN2-reworded
P007959,P007960
38345,208890628
P00000777,P00000778
P025395,P025396
B00078SI86,B00078SI86-reworded
B0001YRA44,B0001YRA44-reworded
P00016055,P00016056
P007255,P007256
P013623,P013624
32986,206179521
P00005055,P00005056
b0001wn0li,http://www.google.com/base/feeds/snippets/18379653518269884966
0521605865,0521605865-reworded
P00004385,P00004386
P00015029,P00015030
34174,205817784
B000R2YY6M,B000R2YY6M-reworded
P001343,P001344
P000439,P000440
P001665,P001666
P00009921,P00009922
P00020515,P00020516
B000FAGTZ0,B000FAGTZ0-reworded
P00016341,P00016342
35111,201701865
B000LJB7J8,B000LJB7J8-reworded
B003YVP5FM,B003YVP5FM-reworded
P000323,P000324
P00004903,P00004904
P006427,P006428
P00000653,P00000654
P00018977,P00018978
P003275,P003276
b000gcd73y,http://www.google.com/base/feeds/snippets/18135578158357182921
P00014255,P00014256
B0000WKZLM,B0000WKZLM-reworded
P00013119,P00013120
P012079,P012080
P012763,P012764
B0000867LX,B0000867LX-reworded
P00013783,P00013784
28397,203087319
P017571,P017572
B0000AJHQC,B0000AJHQC-reworded
b0007znn48,http://www.google.com/base/feeds/snippets/7744305702477366904
P000665,P000666
P000737,P000738
P00004857,P00004858
P000061,P000062
B0000861PC,B0000861PC-reworded
P009411,P009412
P010271,P010272
37686,208893667
P00005843,P00005844
P014703,P014704
P00003833,P00003834
P00017393,P00017394
B0002I7ZBW,B0002I7ZBW-reworded
P004675,P004676
P00019899,P00019900
B000MVMZHI,B000MVMZHI-reworded
P00001985,P00001986
b000pgvk5s,http://www.google.com/base/feeds/snippets/3286136250930686353
B000MMHANG,B000MMHANG-reworded
P021419,P021420
P014887,P014888
P00000985,P00000986
P022475,P022476
P00011137,P00011138
b000egwc42,http://www.google.com/base/feeds/snippets/18427221955987040627
P001507,P001508
b0001wn16m,http://www.google.com/base/feeds/snippets/14391445631859374347
P00013935,P00013936
32323,204222207
B000283CKU,B000283CKU-reworded
P019431,P019432
36969,203474227
P014715,P014716
P00004397,P00004398
P00017823,P00017824
P013819,P013820
B00066PG52,B00066PG52-reworded
P017611,P017612
B0002TOZ1E,B0002TOZ1E-reworded
P010263,P010264
P012119,P012120
b000hbvvg4,http://www.google.com/base/feeds/snippets/4699273716641936158
B0000A0MYQ,B0000A0MYQ-reworded
P00015793,P00015794
B0002RIFQM,B0002RIFQM-reworded
P021483,P021484
P00004273,P00004274
P024071,P024072
P019723,P019724
B0000ASRQK,B0000ASRQK-reworded
B000KI87IO,B000KI87IO-reworded
P00004447,P00004448
P00012397,P00012398
P00001667,P00001668
P004167,P004168
B000R3653G,B000R3653G-reworded
P002979,P002980
P024899,P024900
P00012271,P00012272
P00007741,P00007742
P00007267,P00007268
b000h241zg,http://www.google.com/base/feeds/snippets/11611566315397308287
P001227,P001228
P020007,P020008
27964,203136103
P010055,P010056
P023167,P023168
P00000321,P00000322
P00017533,P00017534
26525,203921172
P00015171,P00015172
P002451,P002452
B00066MM1I,B00066MM1I-reworded
P00008023,P00008024
P021895,P021896
B000KJXKTE,B000KJXKTE-reworded
P00010409,P00010410
B00062NBHQ,B00062NBHQ-reworded
P021027,P021028
B00066ZL3Y,B00066ZL3Y-reworded
P012015,P012016
b000e8jlai,http://www.google.com/base/feeds/snippets/18364244585954350504
P00011515,P00011516
b000h3lza4,http://www.google.com/base/feeds/snippets/13919947739364726744
P00012525,P00012526
b000e2d3lc,http://www.google.com/base/feeds/snippets/16769449274864717899
B00066ZPD0,B00066ZPD0-reworded
P012519,P012520
P00006121,P00006122
P00015185,P00015186
34007,207660497
P00013981,P00013982
P00009935,P00009936
B000NF7ZAU,B000NF7ZAU-reworded
P019807,P019808
P005819,P005820
34559,207907557
P021311,P021312
37646,209122918
B0002YLB66,B0002YLB66-reworded
B0000AHPHQ,B0000AHPHQ-reworded
P011887,P011888
P00018613,P00018614
B0000ZKCPS,B0000ZKCPS-reworded
P018479,P018480
38826,208294970
P00016251,P00016252
P00010889,P00010890
P003179,P003180
P00019933,P00019934
b000bgpqos,http://www.google.com/base/feeds/snippets/11029185598470444071
P001063,P001064
P00015593,P00015594
P00015143,P00015144
P015611,P015612
B0009IOIMY,B0009IOIMY-reworded
P021947,P021948
P005271,P005272
38507,206181767
B000HEJERO,B000HEJERO-reworded
P004427,P004428
P017407,P017408
b000ofnri8,http://www.google.com/base/feeds/snippets/2217167988787223405
31373,208455791
b000exs47y,http://www.google.com/base/feeds/snippets/16633280530608162098
P019775,P019776
P017599,P017600
B000PGOS02,B000PGOS02-reworded
36052,90142591
b0009hl34q,http://www.google.com/base/feeds/snippets/11654629063147846560
P00011611,P00011612
B0006FJPAK,B0006FJPAK-reworded
P010455,P010456
P009983,P009984
b000e8jl7q,http://www.google.com/base/feeds/snippets/4682448981783641744
P015903,P015904
P00017849,P00017850
P00000369,P00000370
B000H10WUU,B000H10WUU-reworded
P00020347,P00020348
P013391,P013392
B000791CM4,B000791CM4-reworded
P00004829,P00004830
B0002TVS6E,B0002TVS6E-reworded
P022035,P022036
B000LUORB2,B000LUORB2-reworded
P015991,P015992
b000m6xk4k,http://www.google.com/base/feeds/snippets/7516347790713287981
P019991,P019992
B000BJT0OM,B000BJT0OM-reworded
P00003855,P00003856
P00004827,P00004828
P00014989,P00014990
P015655,P015656
P000651,P000652
B00065WF3O,B00065WF3O-reworded
P000435,P000436
P00004361,P00004362
P013427,P013428
P00011517,P00011518
b0006aaoiw,http://www.google.com/base/feeds/snippets/18106742966338682113
P008415,P008416
P016799,P016800
B000068OT2,B000068OT2-reworded
P005407,P005408
36451,208237792
P00011135,P00011136
P002691,P002692
b00007eegy,http://www.google.com/base/feeds/snippets/3997486488729671932
P00008701,P00008702
P00016657,P00016658
P00003967,P00003968
P001117,P001118
P00003451,P00003452
38751,204389692
P00006283,P00006284
P00000029,P00000030
P011215,P011216
P002851,P002852
P009479,P009480
P021043,P021044
P025947,P025948
P001431,P001432
P00016403,P00016404
P00005995,P00005996
P009763,P009764
P020303,P020304
P005899,P005900
P020815,P020816
b000q1n7du,http://www.google.com/base/feeds/snippets/10720887667449998069
P002763,P002764
P00011413,P00011414
B0001HN0FE,B0001HN0FE-reworded
P00009467,P00009468
P008399,P008400
B000QU2WHI,B000QU2WHI-reworded
B00022EJXU,B00022EJXU-reworded
P008003,P008004
P00004399,P00004400
P00016373,P00016374
P00018417,P00018418
P007091,P007092
B000LGN8AM,B000LGN8AM-reworded
P00013579,P00013580
P011059,P011060
P00020757,P00020758
P004299,P004300
B0002VNBXU,B0002VNBXU-reworded
b00004ochj,http://www.google.com/base/feeds/snippets/5722368875390495429
P00014065,P00014066
P005735,P005736
B0001MPX68,B0001MPX68-reworded
b000cpshia,http://www.google.com/base/feeds/snippets/14493833507639383996
b000mfgx7w,http://www.google.com/base/feeds/snippets/18416264451031093966
P00005387,P00005388
P022063,P022064
P00005217,P00005218
P009095,P009096
B0002Z82BW,B0002Z82BW-reworded
35738,208688474
P005811,P005812
P00012299,P00012300
P00010149,P00010150
b000jx5rz6,http://www.google.com/base/feeds/snippets/17634318125830822917
P00013925,P00013926
P00017403,P00017404
P00002127,P00002128
B000GLQJGW,B000GLQJGW-reworded
P00017825,P00017826
P00002227,P00002228
P009631,P009632
33160,207390655
P00017639,P00017640
P001859,P001860
P00011895,P00011896
P000275,P000276
B00075ZVDE,B00075ZVDE-reworded
P00014575,P00014576
P002427,P002428
B0001YIY6C,B0001YIY6C-reworded
B000GUDAC4,B000GUDAC4-reworded
P00017147,P00017148
b0002itt84,http://www.google.com/base/feeds/snippets/5505866551596188643
B000ND1ZIA,B000ND1ZIA-reworded
P00001409,P00001410
B00008WICJ,B00008WICJ-reworded
P00008305,P00008306
P005927,P005928
P004047,P004048
P00004643,P00004644
b000ra5bmk,http://www.google.com/base/feeds/snippets/16908015325729489564
P00001411,P00001412
b000ijngeu,http://www.google.com/base/feeds/snippets/17208172489316783816
P00021015,P00021016
P00010061,P00010062
b000gihfyu,http://www.google.com/base/feeds/snippets/9859735236279839568
P001395,P001396
29823,204792884
P00009411,P00009412
P000575,P000576
P001017,P001018
B0002TP9W8,B0002TP9W8-reworded
B0001YS6V0,B0001YS6V0-reworded
b000bhq5jw,http://www.google.com/base/feeds/snippets/18436637620422411542
P00019587,P00019588
B0000AABY6,B0000AABY6-reworded
P00020955,P00020956
P010719,P010720
P008467,P008468
B000L3LG2C,B000L3LG2C-reworded
P018587,P018588
P00011973,P00011974
P000469,P000470
B000NGC1C6,B000NGC1C6-reworded
B0001B98Y2,B0001B98Y2-reworded
P00017017,P00017018
B000PC44IW,B000PC44IW-reworded
B002DKGWXO,B002DKGWXO-reworded
P00006379,P00006380
P011723,P011724
B0001MIB2G,B0001MIB2G-reworded
P00013669,P00013670
P005679,P005680
P00003303,P00003304
b000gpsz42,http://www.google.com/base/feeds/snippets/17546591632033422235
33439,207464920
B0000AWYGZ,B0000AWYGZ-reworded
P00002641,P00002642
P005251,P005252
B0006VWU06,B0006VWU06-reworded
B000BFUILU,B000BFUILU-reworded
P008887,P008888
b0007sxglk,http://www.google.com/base/feeds/snippets/18405058220481329541
P000141,P000142
P00019191,P00019192
P00013371,P00013372
P008655,P008656
P00000449,P00000450
B000CO9TRO,B000CO9TRO-reworded
b000egoe9s,http://www.google.com/base/feeds/snippets/450727896245374226
P00019451,P00019452
P00007907,P00007908
P001991,P001992
P022559,P022560
P005727,P005728
P00003253,P00003254
B000H25S9E,B000H25S9E-reworded
P004975,P004976
P00000401,P00000402
P016031,P016032
P00013107,P00013108
P00014743,P00014744
P00001975,P00001976
P00001849,P00001850
B000G5TQ86,B000G5TQ86-reworded
P00010935,P00010936
P00001363,P00001364
P00006859,P00006860
b00004nhn7,http://www.google.com/base/feeds/snippets/18434385825570199468
P013335,P013336
P011323,P011324
P025163,P025164
P00012781,P00012782
B000KHVOPI,B000KHVOPI-reworded
0895779382,0895779382-reworded
P025031,P025032
B0002VN536,B0002VN536-reworded
P00013147,P00013148
P016715,P016716
B0006FYRF8,B0006FYRF8-reworded
P007907,P007908
P006155,P006156
P00005281,P00005282
B000NM8PBQ,B000NM8PBQ-reworded
P005519,P005520
P000451,P000452
P016255,P016256
B000C02JD4,B000C02JD4-reworded
B00069IP2A,B00069IP2A-reworded
P00020295,P00020296
P007247,P007248
P00013811,P00013812
P020887,P020888
P00020491,P00020492
b000bb7fjw,http://www.google.com/base/feeds/snippets/17614065814468597783
P010463,P010464
P015503,P015504
b00002s8if,http://www.google.com/base/feeds/snippets/17110430434010171078
P014743,P014744
P00019145,P00019146
b000lrdlia,http://www.google.com/base/feeds/snippets/13830033675761129549
P017175,P017176
P00008667,P00008668
P00013759,P00013760
P00010255,P00010256
P00017611,P00017612
P00008277,P00008278
B000A8MTC4,B000A8MTC4-reworded
P025515,P025516
P00002337,P00002338
P00002505,P00002506
b000qv5xqy,http://www.google.com/base/feeds/snippets/18391914133104937904
b000tilkpc,http://www.google.com/base/feeds/snippets/1081494753292983123
P004523,P004524
P00002507,P00002508
34770,207959798
B000O7NCWC,B000O7NCWC-reworded
P00012725,P00012726
P007227,P007228
b0007lw22q,http://www.google.com/base/feeds/snippets/10939909441298262260
P00004575,P00004576
P00012317,P00012318
P00016703,P00016704
P00019135,P00019136
P00011649,P00011650
32630,207554111
P00012005,P00012006
P00016395,P00016396
P00011655,P00011656
B000LGIXH0,B000LGIXH0-reworded
P00006553,P00006554
P00004509,P00004510
P001147,P001148
P00000845,P00000846
34976,208504300
P00021083,P00021084
B000I8K1F8,B000I8K1F8-reworded
B0002VMMX0,B0002VMMX0-reworded
P020187,P020188
P00004549,P00004550
P00013891,P00013892
P025315,P025316
P00013857,P00013858
P025667,P025668
P00019025,P00019026
P00004227,P00004228
P00017961,P00017962
B0008EOA68,B0008EOA68-reworded
B000783QVA,B000783QVA-reworded
B0006I8E5O,B0006I8E5O-reworded
B0000A0MYP,B0000A0MYP-reworded
B0002UE6PI,B0002UE6PI-reworded
P00012461,P00012462
P006323,P006324
B000M3HTCM,B000M3HTCM-reworded
B0002OQVBG,B0002OQVBG-reworded
B0002VMT88,B0002VMT88-reworded
P00011199,P00011200
P00004713,P00004714
P00019705,P00019706
P001375,P001376
b0009yegpc,http://www.google.com/base/feeds/snippets/18259447335875519213
P017447,P017448
P00020971,P00020972
B000II066M,B000II066M-reworded
P00000077,P00000078
B0000W40VS,B0000W40VS-reworded
P018095,P018096
P00019625,P00019626
P009043,P009044
B0006B51L6,B0006B51L6-reworded
P002011,P002012
P013403,P013404
P008191,P008192
P007403,P007404
b000hcqqmc,http://www.google.com/base/feeds/snippets/17192874868577413898
P00014413,P00014414
P025555,P025556
P00019163,P00019164
P022075,P022076
P00001295,P00001296
P00008185,P00008186
P014579,P014580
P00010519,P00010520
P00011779,P00011780
P022787,P022788
b000hlr9my,http://www.google.com/base/feeds/snippets/2255189038262879768
P00018475,P00018476
B000KVP1KS,B000KVP1KS-reworded
35033,208156877
P00020797,P00020798
P00010999,P00011000
B000HGGUJW,B000HGGUJW-reworded
B0000864LC,B0000864LC-reworded
P00012265,P00012266
P000705,P000706
17067,90140498
P00012967,P00012968
P004407,P004408
P00018235,P00018236
P00000261,P00000262
32546,202003159
P001851,P001852
P00007785,P00007786
P00012597,P00012598
P00012691,P00012692
P000379,P000380
P00004013,P00004014
33490,207502093
P022499,P022500
P00016469,P00016470
b000qs8n64,http://www.google.com/base/feeds/snippets/18422266773656246362
P020783,P020784
B000PDW546,B000PDW546-reworded
P001399,P001400
B000IEJ4CS,B000IEJ4CS-reworded
P000323,P000324
b0001mbatc,http://www.google.com/base/feeds/snippets/17075992384109050018
P00001915,P00001916
P00018891,P00018892
29574,204559209
P00014567,P00014568
P00015331,P00015332
P00001045,P00001046
B000EVE1NM,B000EVE1NM-reworded
P000251,P000252
B000JU0QKA,B000JU0QKA-reworded
P00019823,P00019824
P023183,P023184
P00000753,P00000754
P002571,P002572
B000F7AR6U,B000F7AR6U-reworded
B000KJ57UO,B000KJ57UO-reworded
P001723,P001724
P00017247,P00017248
P00000593,P00000594
P00009167,P00009168
P00005797,P00005798
B0000AHP9P,B0000AHP9P-reworded
P025439,P025440
P011003,P011004
P00007867,P00007868
P00007011,P00007012
P00015833,P00015834
38693,208710842
B0000918VY,B0000918VY-reworded
P019859,P019860
P00006055,P00006056
P008039,P008040
B000H78WVA,B000H78WVA-reworded
0813921139,0813921139-reworded
b000b6oboy,http://www.google.com/base/feeds/snippets/12643092178258671772
P00012515,P00012516
P00010229,P00010230
b000rsk7k8,http://www.google.com/base/feeds/snippets/17663334954312320904
P00008319,P00008320
P00016599,P00016600
34969,208294720
B000GHT1JS,B000GHT1JS-reworded
P000347,P000348
P00005103,P00005104
P014947,P014948
P015191,P015192
P00005545,P00005546
P00000175,P00000176
B000KGOP28,B000KGOP28-reworded
B00021UP9S,B00021UP9S-reworded
P018323,P018324
P00004403,P00004404
P000859,P000860
33717,206928604
P00001341,P00001342
b000hcz8ey,http://www.google.com/base/feeds/snippets/11114112522015930440
P001727,P001728
P023103,P023104
B000158R2M,B000158R2M-reworded
B000M8RC42,B000M8RC42-reworded
P00009085,P00009086
B0000863XR,B0000863XR-reworded
B000CC9DYK,B000CC9DYK-reworded
P00018741,P00018742
P00005741,P00005742
B0006GG804,B0006GG804-reworded
P006411,P006412
P004211,P004212
P006815,P006816
P00006901,P00006902
B0002UZ8YG,B0002UZ8YG-reworded
P00016319,P00016320
P00009851,P00009852
b000ndibjq,http://www.google.com/base/feeds/snippets/14812439490848045578
P000075,P000076
0394581628,0394581628-reworded
b000o39yge,http://www.google.com/base/feeds/snippets/17936351408567096042
P023623,P023624
P015315,P015316
b0002x9a1u,http://www.google.com/base/feeds/snippets/13871525141591734359
34095,207653548
b000bcgf9m,http://www.google.com/base/feeds/snippets/17137407106136957809
P00020589,P00020590
b000ek6ekq,http://www.google.com/base/feeds/snippets/18404187604346548446
B0002EIY1G,B0002EIY1G-reworded
B0000AWM4E,B0000AWM4E-reworded
32893,208085182
B000072RHR,B000072RHR-reworded
P00014315,P00014316
35905,204238996
P022691,P022692
P003831,P003832
P007659,P007660
B0002VN4LE,B0002VN4LE-reworded
P001559,P001560
25858,202870184
P022915,P022916
B0002XO0HY,B0002XO0HY-reworded
P000721,P000722
B0001B9DY2,B0001B9DY2-reworded
P017647,P017648
P00014411,P00014412
B0002XSVY2,B0002XSVY2-reworded
P00016985,P00016986
P00006801,P00006802
B0001HKL1U,B0001HKL1U-reworded
P00004337,P00004338
P00020007,P00020008
P002175,P002176
P00001145,P00001146
P00014203,P00014204
P016443,P016444
P019287,P019288
P00017733,P00017734
P018415,P018416
P00009395,P00009396
P00007609,P00007610
P005803,P005804
P006875,P006876
B000GQN0MS,B000GQN0MS-reworded
P019563,P019564
B000308VR6,B000308VR6-reworded
B000147MII,B000147MII-reworded
P008747,P008748
P022251,P022252
b0001fyrq2,http://www.google.com/base/feeds/snippets/14693413290856659257
P00000019,P00000020
P012447,P012448
P00008987,P00008988
P00008563,P00008564
P022851,P022852
P00012015,P00012016
P00005563,P00005564
B0000C3GCS,B0000C3GCS-reworded
P00020429,P00020430
P007387,P007388
P00004971,P00004972
P00018141,P00018142
B00009XBZX,B00009XBZX-reworded
P00002693,P00002694
35219,208504334
P00019305,P00019306
b000egidpe,http://www.google.com/base/feeds/snippets/381135748290856568
P009187,P009188
P00016547,P00016548
P025483,P025484
B000JK1Z2I,B000JK1Z2I-reworded
P00002209,P00002210
P00003585,P00003586
P000913,P000914
P00004143,P00004144
P014563,P014564
P00020773,P00020774
P00020509,P00020510
P00013551,P00013552
B0002X0PZK,B0002X0PZK-reworded
P00001897,P00001898
32358,208295050
P009123,P009124
B0007YXS9O,B0007YXS9O-reworded
P006943,P006944
P00007075,P00007076
P012251,P012252
P003803,P003804
P00004627,P00004628
B000AOA998,B000AOA998-reworded
P025847,P025848
P001667,P001668
B000NV7SQA,B000NV7SQA-reworded
P017963,P017964
P009451,P009452
P025691,P025692
P00017877,P00017878
B0002UFHFQ,B0002UFHFQ-reworded
B0000D8Q1O,B0000D8Q1O-reworded
b000bwzzlg,http://www.google.com/base/feeds/snippets/2793425352847818039
P000559,P000560
P00001005,P00001006
P000527,P000528
P008967,P008968
P021851,P021852
27364,204791586
P00018601,P00018602
P00016527,P00016528
B000EYFNXQ,B000EYFNXQ-reworded
B000JI6872,B000JI6872-reworded
b000lu89uc,http://www.google.com/base/feeds/snippets/13380169193455086942
P00009881,P00009882
B000667D3A,B000667D3A-reworded
P00002971,P00002972
P00000619,P00000620
P007667,P007668
B000146WYI,B000146WYI-reworded
P023891,P023892
P00015555,P00015556
b000ovft92,http://www.google.com/base/feeds/snippets/10720405921949933758
B0006B5FOO,B0006B5FOO-reworded
P00008099,P00008100
B0008EOKLI,B0008EOKLI-reworded
P021115,P021116
P011875,P011876
P00007817,P00007818
B000G1O9ZU,B000G1O9ZU-reworded
P00015907,P00015908
P00004999,P00005000
P009823,P009824
P000833,P000834
P00007459,P00007460
P00020585,P00020586
P018975,P018976
P00010015,P00010016
33582,207388758
b00005wf9v,http://www.google.com/base/feeds/snippets/16689580885336652505
P00000179,P00000180
P000643,P000644
B0000C4A7U,B0000C4A7U-reworded
P012791,P012792
P004527,P004528
b000hcu7b8,http://www.google.com/base/feeds/snippets/16917437492135092265
B000N5LVFU,B000N5LVFU-reworded
P004027,P004028
P002439,P002440
B00019P96U,B00019P96U-reworded
P001407,P001408
P00002035,P00002036
P023051,P023052
P00018825,P00018826
P006003,P006004
P00004205,P00004206
b0006i7glw,http://www.google.com/base/feeds/snippets/16445577344159065644
P00020155,P00020156
P003735,P003736
P00010067,P00010068
B0000ALK7Z,B0000ALK7Z-reworded
P00014053,P00014054
P00006177,P00006178
B0002CDYEA,B0002CDYEA-reworded
P022799,P022800
B00005201K,B00005201K-reworded
P00008737,P00008738
P024875,P024876
B0001NJPJI,B0001NJPJI-reworded
P005027,P005028
B000EI0QUW,B000EI0QUW-reworded
P008667,P008668
B000B6OECI,B000B6OECI-reworded
P00003417,P00003418
36299,208342524
P025203,P025204
b000hbxjuk,http://www.google.com/base/feeds/snippets/15555806239483804720
P012363,P012364
P00008919,P00008920
P00011653,P00011654
P022423,P022424
P00001497,P00001498
P00010967,P00010968
B00078RO36,B00078RO36-reworded
P00021059,P00021060
P00019891,P00019892
B000FOOWAA,B000FOOWAA-reworded
P00011081,P00011082
B0001BDCCQ,B0001BDCCQ-reworded
P00014361,P00014362
P017531,P017532
P00011149,P00011150
38451,205817166
B0000866KI,B0000866KI-reworded
P00020437,P00020438
P00012745,P00012746
B00066PGPM,B00066PGPM-reworded
P00010433,P00010434
P00002383,P00002384
B000KL5OLY,B000KL5OLY-reworded
P00010689,P00010690
38329,210227282
23686,10333848
P00016299,P00016300
P005931,P005932
P00012899,P00012900
P00017271,P00017272
B00028B680,B00028B680-reworded
P008199,P008200
P001715,P001716
34728,207534895
B000JF5W3Q,B000JF5W3Q-reworded
P00008397,P00008398
P014815,P014816
P00016761,P00016762
P00012473,P00012474
B000NGR0TU,B000NGR0TU-reworded
P00019971,P00019972
P00010709,P00010710
P00013775,P00013776
P000065,P000066
P003379,P003380
b0006b64v2,http://www.google.com/base/feeds/snippets/18369825056478487049
b000067fk7,http://www.google.com/base/feeds/snippets/3785999369106891548
P00005133,P00005134
b000bw7kxw,http://www.google.com/base/feeds/snippets/18392335669009428265
P00011345,P00011346
B0002VMMSK,B0002VMMSK-reworded
P00015605,P00015606
B0001YS1O2,B0001YS1O2-reworded
P00013235,P00013236
B0000C3DZ6,B0000C3DZ6-reworded
P000187,P000188
P007507,P007508
P00018827,P00018828
P00001581,P00001582
P00019125,P00019126
P00006115,P00006116
B0001X7SQ0,B0001X7SQ0-reworded
P025303,P025304
P00014691,P00014692
P00008685,P00008686
P007259,P007260
34280,207900177
b0007q7mg2,http://www.google.com/base/feeds/snippets/13029285540855383313
P00012733,P00012734
P00010983,P00010984
P00010065,P00010066
B000R30IRA,B000R30IRA-reworded
P00010977,P00010978
P006951,P006952
P00010885,P00010886
P00006805,P00006806
B000MRGAC8,B000MRGAC8-reworded
P00000193,P00000194
P00021143,P00021144
B0000861OB,B0000861OB-reworded
P00012371,P00012372
P001235,P001236
P005143,P005144
B000KG6XK0,B000KG6XK0-reworded
P003535,P003536
38735,203329570
P00003363,P00003364
P00001469,P00001470
P021383,P021384
P00004523,P00004524
P00013737,P00013738
25532,208280406
b000dz9yoa,http://www.google.com/base/feeds/snippets/5216541735240789992
P00011133,P00011134
P00006039,P00006040
P00014235,P00014236
36494,204740975
P00016087,P00016088
P025083,P025084
28148,203131413
P004651,P004652
B000MN48TY,B000MN48TY-reworded
B0002YLTI6,B0002YLTI6-reworded
B0006VGZFC,B0006VGZFC-reworded
P00003937,P00003938
P011239,P011240
P00002619,P00002620
23349,50009858
P00011433,P00011434
P00005019,P00005020
P023143,P023144
34125,205567912
P00020005,P00020006
P00017487,P00017488
P00015639,P00015640
B0000AWY7R,B0000AWY7R-reworded
P00015311,P00015312
P00013441,P00013442
B000657HSC,B000657HSC-reworded
P00011431,P00011432
B000HTDK10,B000HTDK10-reworded
P00005631,P00005632
P001529,P001530
P000205,P000206
P00018695,P00018696
B00030ISFQ,B00030ISFQ-reworded
P004123,P004124
27248,10246269
P000635,P000636
P00012609,P00012610
P003463,P003464
b0009jhv5e,http://www.google.com/base/feeds/snippets/16721626632033099240
B0002NYUTW,B0002NYUTW-reworded
P000951,P000952
P00018497,P00018498
P00012705,P00012706
P001113,P001114
P00000885,P00000886
B0002CX91S,B0002CX91S-reworded
P026415,P026416
4696,90049928
P015255,P015256
P012055,P012056
P00012459,P00012460
P016507,P016508
35552,206928359
P00003583,P00003584
P00014903,P00014904
P015331,P015332
P000273,P000274
P018923,P018924
P010959,P010960
P00010575,P00010576
P006667,P006668
B0000C2SZS,B0000C2SZS-reworded
P001359,P001360
B000KZQBK8,B000KZQBK8-reworded
P008907,P008908
P005703,P005704
27188,204292472
P024119,P024120
P006207,P006208
P00009913,P00009914
B0000AHS2T,B0000AHS2T-reworded
B000ER19K4,B000ER19K4-reworded
P00005863,P00005864
B0000C2LJ2,B0000C2LJ2-reworded
P00012699,P00012700
P00005053,P00005054
P00002379,P00002380
B0002VNLGW,B0002VNLGW-reworded
P00001493,P00001494
b000mvp5i4,http://www.google.com/base/feeds/snippets/11404109022171531561
b0001ghg64,http://www.google.com/base/feeds/snippets/17878975434909198145
B00066ZIEQ,B00066ZIEQ-reworded
P011391,P011392
P016907,P016908
P00015081,P00015082
b000gv8u32,http://www.google.com/base/feeds/snippets/18395632346791388859
P00006551,P00006552
b000gcgqd2,http://www.google.com/base/feeds/snippets/6490413833919329208
P00011405,P00011406
P00012499,P00012500
P00009941,P00009942
b000exs488,http://www.google.com/base/feeds/snippets/11143055459495586546
P002027,P002028
b000dn7k8y,http://www.google.com/base/feeds/snippets/17723708447447202259
P00005419,P00005420
P002083,P002084
P00001681,P00001682
P016871,P016872
P00015945,P00015946
P00010731,P00010732
P018827,P018828
P00006065,P00006066
P00002969,P00002970
P00006347,P00006348
P00010189,P00010190
33377,10346525
B000PBGI6E,B000PBGI6E-reworded
P015187,P015188
34791,204736197
P00019363,P00019364
b000he35ss,http://www.google.com/base/feeds/snippets/11153480872220659485
34298,207543193
P00017645,P00017646
P00014557,P00014558
P023499,P023500
P00003371,P00003372
b00061u8sc,http://www.google.com/base/feeds/snippets/12121003713992255160
P008771,P008772
P004807,P004808
P009643,P009644
P00008771,P00008772
P002263,P002264
B000H6XOWS,B000H6XOWS-reworded
B0002TMDG8,B0002TMDG8-reworded
0876294638,0876294638-reworded
P003927,P003928
P022631,P022632
P021423,P021424
B000087BNI,B000087BNI-reworded
P00004231,P00004232
33999,208112358
34944,208042977
P00006405,P00006406
P00005329,P00005330
P018771,P018772
P020219,P020220
P011255,P011256
P022699,P022700
P00019311,P00019312
P026563,P026564
P004235,P004236
P00020047,P00020048
P00009295,P00009296
B00065TEQU,B00065TEQU-reworded
B000BD496W,B000BD496W-reworded
P018811,P018812
P00004035,P00004036
P00011955,P00011956
P000221,P000222
P00015315,P00015316
P000339,P000340
P00003129,P00003130
P000311,P000312
P00007749,P00007750
P00015763,P00015764
P00011457,P00011458
P000215,P000216
P002679,P002680
P00018751,P00018752
P017027,P017028
P020803,P020804
P000595,P000596
b000g0oom4,http://www.google.com/base/feeds/snippets/6320757184409585395
25136,203087638
P00007113,P00007114
P000563,P000564
P004595,P004596
P016643,P016644
P000787,P000788
P00016365,P00016366
P023507,P023508
P00003133,P00003134
P00017503,P00017504
B0002UD38Y,B0002UD38Y-reworded
P000823,P000824
P00007007,P00007008
P014903,P014904
P00016141,P00016142
P000119,P000120
P00011631,P00011632
P00016271,P00016272
P015343,P015344
P00012593,P00012594
B0007UOKI6,B0007UOKI6-reworded
P00017277,P00017278
B0000CBXG9,B0000CBXG9-reworded
P007331,P007332
P002203,P002204
P00002691,P00002692
38449,206576717
28366,204254738
P000701,P000702
B00062NBJE,B00062NBJE-reworded
P016635,P016636
B0002VNLKI,B0002VNLKI-reworded
P00019871,P00019872
P007783,P007784
38452,208226470
P007519,P007520
P00000513,P00000514
P00003511,P00003512
B00005NP7D,B00005NP7D-reworded
P00001889,P00001890
b000pihtec,http://www.google.com/base/feeds/snippets/13778334917246964953
P001115,P001116
37405,208973561
P000807,P000808
36270,208742932
B0006UZR3O,B0006UZR3O-reworded
P020171,P020172
37462,209026638
b0009nr9mu,http://www.google.com/base/feeds/snippets/16755727468265308879
B000OZUS44,B000OZUS44-reworded
P00017225,P00017226
P00002739,P00002740
38806,210536123
29072,208456130
P00019075,P00019076
B0001KDVIC,B0001KDVIC-reworded
P00014279,P00014280
29032,205145879
P006715,P006716
38164,209700735
28067,203922244
B000144W1I,B000144W1I-reworded
P001087,P001088
B0002TPD8S,B0002TPD8S-reworded
B0002PE91E,B0002PE91E-reworded
B000EOKXV8,B000EOKXV8-reworded
P012499,P012500
B0002VNAQ8,B0002VNAQ8-reworded
B00062NSYW,B00062NSYW-reworded
P00015313,P00015314
P00008993,P00008994
B0000C32BT,B0000C32BT-reworded
21047,10373002
38813,209301534
B0002OQ1ZW,B0002OQ1ZW-reworded
P00017037,P00017038
B00020X3C0,B00020X3C0-reworded
b000g3mer8,http://www.google.com/base/feeds/snippets/13255609368261584070
B0002TOPQE,B0002TOPQE-reworded
B00016L7FU,B00016L7FU-reworded
P00018949,P00018950
B00009EQ2Z,B00009EQ2Z-reworded
P00007169,P00007170
P000507,P000508
P00009695,P00009696
0684870002,0684870002-reworded
B0000AJHQD,B0000AJHQD-reworded
P00011825,P00011826
P000547,P000548
P00001533,P00001534
P00007119,P00007120
P000093,P000094
P001759,P001760
P00001261,P00001262
P00007009,P00007010
B0002T6AUS,B0002T6AUS-reworded
P00008885,P00008886
b000eg6d5q,http://www.google.com/base/feeds/snippets/16690738478999740250
P00016671,P00016672
P00004617,P00004618
P008983,P008984
P000315,P000316
P00001693,P00001694
B00012O1IE,B00012O1IE-reworded
17417,90120953
B000GIVTAG,B000GIVTAG-reworded
P013651,P013652
P00003981,P00003982
P00016191,P00016192
P016767,P016768
P00003565,P00003566
35800,208504190
P00016963,P00016964
35498,90144998
B0000867S3,B0000867S3-reworded
P00003555,P00003556
P00019665,P00019666
P016627,P016628
b000jx5shs,http://www.google.com/base/feeds/snippets/17578507241939502542
P00007615,P00007616
P018259,P018260
P00011443,P00011444
B0002TOU78,B0002TOU78-reworded
P00011353,P00011354
P006519,P006520
P00014621,P00014622
34490,207656388
P003871,P003872
B000H12PFA,B000H12PFA-reworded
P00020041,P00020042
P001135,P001136
P00020255,P00020256
P00009493,P00009494
P00004457,P00004458
P00007703,P00007704
P00016113,P00016114
P022731,P022732
P00008923,P00008924
P018459,P018460
P002355,P002356
P00013625,P00013626
B000P4YVR4,B000P4YVR4-reworded
P006079,P006080
P00011607,P00011608
P004947,P004948
P010267,P010268
P00012933,P00012934
P00009253,P00009254
28979,204559213
P019811,P019812
P003731,P003732
P00000999,P00001000
P020727,P020728
P00011849,P00011850
B000JL9BM8,B000JL9BM8-reworded
B00009AOCC,B00009AOCC-reworded
b000a2aknu,http://www.google.com/base/feeds/snippets/5520835678868977029
P000529,P000530
B0000C3EIP,B0000C3EIP-reworded
P00008055,P00008056
P009147,P009148
P00013439,P00013440
P001663,P001664
P006791,P006792
P00020667,P00020668
P00016529,P00016530
P00002891,P00002892
P00007553,P00007554
P015563,P015564
P00002677,P00002678
b000fbju6e,http://www.google.com/base/feeds/snippets/17104623549372310375
B0000AHR5C,B0000AHR5C-reworded
P00009415,P00009416
P00013813,P00013814
P026215,P026216
P002327,P002328
B00021FW1Y,B00021FW1Y-reworded
P00010403,P00010404
P019043,P019044
P005419,P005420
P00017081,P00017082
P00014899,P00014900
P00017369,P00017370
B0007IQLJO,B0007IQLJO-reworded
P00013295,P00013296
P000515,P000516
P024155,P024156
B0002UFHHE,B0002UFHHE-reworded
P00020891,P00020892
B0000C31R6,B0000C31R6-reworded
P006227,P006228
b0008glgmc,http://www.google.com/base/feeds/snippets/11616731797055705273
P00020261,P00020262
P00015019,P00015020
P020455,P020456
b000emcays,http://www.google.com/base/feeds/snippets/727817609597268757
14033,90105156
P00016497,P00016498
P00000157,P00000158
P013555,P013556
P015851,P015852
b0001h9l5m,http://www.google.com/base/feeds/snippets/15812045656958608251
b000ra5bl6,http://www.google.com/base/feeds/snippets/14007011703509063417
P009143,P009144
34227,210521551
16741,201959840
P00015629,P00015630
B000AR7JD4,B000AR7JD4-reworded
P00006959,P00006960
P00012479,P00012480
P00019331,P00019332
P005539,P005540
P00012999,P00013000
P00006707,P00006708
P00005951,P00005952
B0000AWMAA,B0000AWMAA-reworded
P00003873,P00003874
P003883,P003884
P00002357,P00002358
B000HHNWXI,B000HHNWXI-reworded
33690,207391431
B00062NBJY,B00062NBJY-reworded
B000A8MO38,B000A8MO38-reworded
P00007409,P00007410
B0002L2LGS,B0002L2LGS-reworded
b000ivfciq,http://www.google.com/base/feeds/snippets/18355044473505180786
B0002TPB12,B0002TPB12-reworded
P019539,P019540
P000793,P000794
b000lwfbem,http://www.google.com/base/feeds/snippets/6614738792097944479
P00015699,P00015700
P00016167,P00016168
P00000033,P00000034
34154,207390673
P012467,P012468
b000fem8ew,http://www.google.com/base/feeds/snippets/17375915846745821199
B00066948W,B00066948W-reworded
B000GHU7W8,B000GHU7W8-reworded
P00006839,P00006840
B0000YDTJK,B0000YDTJK-reworded
P022551,P022552
P00003993,P00003994
P021759,P021760
P00006607,P00006608
B00008673C,B00008673C-reworded
32054,206901619
b000lff13k,http://www.google.com/base/feeds/snippets/201121512151694259
P00001125,P00001126
b000dinb4g,http://www.google.com/base/feeds/snippets/18414778073602422524
34947,208114673
P00013719,P00013720
P00020143,P00020144
P00006699,P00006700
P00015025,P00015026
P00006933,P00006934
P00007443,P00007444
B0000AFHLQ,B0000AFHLQ-reworded
P000931,P000932
B00009R89C,B00009R89C-reworded
P000289,P000290
P00007877,P00007878
P001291,P001292
34881,208294718
P00012805,P00012806
B000LGXXXY,B000LGXXXY-reworded
P003123,P003124
B0000CBXFG,B0000CBXFG-reworded
P00004473,P00004474
P00015935,P00015936
P00005157,P00005158
P026735,P026736
B000KZEGLE,B000KZEGLE-reworded
34304,207927557
P014895,P014896
B000NDQNZA,B000NDQNZA-reworded
P009299,P009300
P001339,P001340
P019767,P019768
P00005881,P00005882
P00006313,P00006314
P00017991,P00017992
P00007347,P00007348
B0000C2TJ7,B0000C2TJ7-reworded
b0002i6l7g,http://www.google.com/base/feeds/snippets/3887119395489365873
B0002YO2JE,B0002YO2JE-reworded
P00011697,P00011698
P00013211,P00013212
P00019913,P00019914
B000063IU3,B000063IU3-reworded
P00002717,P00002718
P00010691,P00010692
B000MMA2H2,B000MMA2H2-reworded
P010611,P010612
P010599,P010600
P008387,P008388
P018455,P018456
P012699,P012700
P022471,P022472
P00001025,P00001026
b000j1cit6,http://www.google.com/base/feeds/snippets/7937630813831495909
P00009093,P00009094
P001443,P001444
P00004379,P00004380
b000pdnhno,http://www.google.com/base/feeds/snippets/12311932123270766595
P001353,P001354
P019395,P019396
P000911,P000912
P011687,P011688
P008007,P008008
29133,206887553
P00020107,P00020108
B00061RX58,B00061RX58-reworded
P003071,P003072
P020967,P020968
P00014529,P00014530
B0008JFCA6,B0008JFCA6-reworded
P00006969,P00006970
P00007147,P00007148
B0002LKNQ8,B0002LKNQ8-reworded
B0007V641Q,B0007V641Q-reworded
P00012275,P00012276
b0009suw4w,http://www.google.com/base/feeds/snippets/18425416409544307946
P003655,P003656
P00004419,P00004420
P00011339,P00011340
34824,207390710
B000144YFW,B000144YFW-reworded
b000mcianu,http://www.google.com/base/feeds/snippets/18365358438027236949
P00011947,P00011948
B00005TN7O,B00005TN7O-reworded
P021055,P021056
P00019169,P00019170
P00002963,P00002964
P000497,P000498
P011407,P011408
P00019815,P00019816
P011643,P011644
B000IBBK3W,B000IBBK3W-reworded
P004439,P004440
P025963,P025964
P00020651,P00020652
P024075,P024076
P00000205,P00000206
P00020819,P00020820
P003459,P003460
P022639,P022640
P00014687,P00014688
P00011723,P00011724
B00066ZHMY,B00066ZHMY-reworded
24921,203340806
P00006515,P00006516
P00006987,P00006988
36033,202861078
P00004707,P00004708
P020479,P020480
B0006L9YE6,B0006L9YE6-reworded
B0002TOXRU,B0002TOXRU-reworded
B000I7UPEG,B000I7UPEG-reworded
P00000319,P00000320
P00000531,P00000532
P00014707,P00014708
B000PHS3H0,B000PHS3H0-reworded
P00007143,P00007144
0312325118,0312325118-reworded
P00004969,P00004970
P000177,P000178
P00021067,P00021068
b000in8mj0,http://www.google.com/base/feeds/snippets/17707372056830171464
P022323,P022324
b000bx24o6,http://www.google.com/base/feeds/snippets/14415907760923977024
P00012771,P00012772
P00000843,P00000844
P00002269,P00002270
P00015175,P00015176
P00007619,P00007620
B0002LIMIE,B0002LIMIE-reworded
P00013937,P00013938
P00001081,P00001082
P00003407,P00003408
B000AMS5LO,B000AMS5LO-reworded
P00004169,P00004170
P00019107,P00019108
P00013185,P00013186
b00008wiww,http://www.google.com/base/feeds/snippets/2096220602293961985
P021691,P021692
b000rwdd9q,http://www.google.com/base/feeds/snippets/13813465547037122851
P00011281,P00011282
P00013567,P00013568
b000om7diq,http://www.google.com/base/feeds/snippets/11294551601294188336
20447,90128026
P00011909,P00011910
b000gaywoe,http://www.google.com/base/feeds/snippets/1263381651905806931
24693,203087681
B000ETQMIQ,B000ETQMIQ-reworded
P00009481,P00009482
P00009783,P00009784
P00012273,P00012274
P001115,P001116
P006275,P006276
P001677,P001678
b00006h38u,http://www.google.com/base/feeds/snippets/18406000514365649458
32876,204053338
P00006525,P00006526
P025543,P025544
P00006537,P00006538
P00004615,P00004616
P00009203,P00009204
B0000C31Q2,B0000C31Q2-reworded
P004083,P004084
B0000C46GE,B0000C46GE-reworded
P019587,P019588
B000LI3ZU8,B000LI3ZU8-reworded
P013799,P013800
B0000C2VKP,B0000C2VKP-reworded
B0002VNS38,B0002VNS38-reworded
P00000455,P00000456
P00013673,P00013674
28033,204448530
P003683,P003684
P024291,P024292
b000om7diq,http://www.google.com/base/feeds/snippets/5216140459207502478
P00007511,P00007512
P020979,P020980
P001947,P001948
P00002605,P00002606
P00018869,P00018870
b000kmaa8a,http://www.google.com/base/feeds/snippets/17648688592984612014
P00007153,P00007154
P003963,P003964
P00018085,P00018086
P00019723,P00019724
B000JWJ1BS,B000JWJ1BS-reworded
P00002791,P00002792
P00002121,P00002122
P007535,P007536
P00007329,P00007330
P00019631,P00019632
P00007065,P00007066
P00004391,P00004392
B000MNA1U4,B000MNA1U4-reworded
B0002M0GAA,B0002M0GAA-reworded
P012691,P012692
P00000811,P00000812
P00018955,P00018956
P00013859,P00013860
P00006117,P00006118
P00007811,P00007812
b000v7riie,http://www.google.com/base/feeds/snippets/17523098183862840727
P019755,P019756
P005019,P005020
P00016219,P00016220
P00007887,P00007888
B0006332NS,B0006332NS-reworded
P00018195,P00018196
P00008951,P00008952
B0007VS6AI,B0007VS6AI-reworded
27137,204049780
B000IZ8F9A,B000IZ8F9A-reworded
B0000C3DYN,B0000C3DYN-reworded
P00005443,P00005444
P021775,P021776
P004539,P004540
P00015859,P00015860
B000HPS5DM,B000HPS5DM-reworded
P004563,P004564
B0009B89QC,B0009B89QC-reworded
0742543064,0742543064-reworded
P00020997,P00020998
P022103,P022104
B000FFS0E8,B000FFS0E8-reworded
P019487,P019488
B0000C2KYT,B0000C2KYT-reworded
B00067MDI4,B00067MDI4-reworded
P00013153,P00013154
25670,203389465
P010639,P010640
36207,10363070
b000lrdlia,http://www.google.com/base/feeds/snippets/4142751275091158911
P00019773,P00019774
P005991,P005992
P013667,P013668
P00014499,P00014500
B00066PAEY,B00066PAEY-reworded
P00011283,P00011284
P000499,P000500
22798,202143942
P015415,P015416
P001739,P001740
P014919,P014920
B000CQ10XI,B000CQ10XI-reworded
P026395,P026396
P006243,P006244
P00002655,P00002656
P00016959,P00016960
P001067,P001068
P017263,P017264
P00014435,P00014436
P000113,P000114
P00009643,P00009644
P004663,P004664
P00000379,P00000380
P00017815,P00017816
b000jgw9ae,http://www.google.com/base/feeds/snippets/10471177135649344162
P00012347,P00012348
P00020605,P00020606
P00005589,P00005590
P017891,P017892
B0001W12RC,B0001W12RC-reworded
B000G68THO,B000G68THO-reworded
P013459,P013460
B0002TOV54,B0002TOV54-reworded
B000IL6P32,B000IL6P32-reworded
B0000C31OV,B0000C31OV-reworded
P00009917,P00009918
B0008EM2G8,B0008EM2G8-reworded
P00017135,P00017136
B0002VMUKK,B0002VMUKK-reworded
P00017123,P00017124
P00012481,P00012482
P00017947,P00017948
33653,207391014
P003079,P003080
P00010375,P00010376
B000CFSLEK,B000CFSLEK-reworded
P00018509,P00018510
P001081,P001082
B0002NYQIW,B0002NYQIW-reworded
P017191,P017192
P00009013,P00009014
B000OGAFLE,B000OGAFLE-reworded
P009995,P009996
P00011695,P00011696
P00015799,P00015800
P012951,P012952
B00008JRC9,B00008JRC9-reworded
P003691,P003692
B0002E1O4U,B0002E1O4U-reworded
B000BUDU92,B000BUDU92-reworded
P00016607,P00016608
P00013943,P00013944
P000703,P000704
B0008IUV3K,B0008IUV3K-reworded
B000N2VOHS,B000N2VOHS-reworded
P00002153,P00002154
P014619,P014620
P023215,P023216
B0002LKSUE,B0002LKSUE-reworded
P003567,P003568
P00020297,P00020298
b000ndibaa,http://www.google.com/base/feeds/snippets/3285016045940957596
P00014417,P00014418
34089,207900175
34747,203388440
P00019873,P00019874
b000bi7uqs,http://www.google.com/base/feeds/snippets/18403148885652932189
B0000WL8E0,B0000WL8E0-reworded
P00012043,P00012044
b0008glgea,http://www.google.com/base/feeds/snippets/5588744582758188682
P00003729,P00003730
b0002bqrq8,http://www.google.com/base/feeds/snippets/18386073325514862606
P025239,P025240
P00007671,P00007672
P00011943,P00011944
B000FZXAB6,B000FZXAB6-reworded
P006363,P006364
P00013411,P00013412
P00015433,P00015434
P00013543,P00013544
B0001KDU5G,B0001KDU5G-reworded
P00013921,P00013922
P00020249,P00020250
P00009939,P00009940
P00013501,P00013502
P00006713,P00006714
P023883,P023884
P00004593,P00004594
P00007729,P00007730
P00005071,P00005072
P00018879,P00018880
P00018493,P00018494
P00002545,P00002546
P017751,P017752
P00018329,P00018330
b000o231le,http://www.google.com/base/feeds/snippets/604011493834288779
34725,207666381
P00021033,P00021034
P00010471,P00010472
B0006TSZ0W,B0006TSZ0W-reworded
P010975,P010976
P007075,P007076
b000ro5o78,http://www.google.com/base/feeds/snippets/13009872890401668351
P005291,P005292
P001155,P001156
P00013605,P00013606
b000in8n30,http://www.google.com/base/feeds/snippets/11216712001773264822
P003519,P003520
b000h22rbg,http://www.google.com/base/feeds/snippets/10500380486679990055
P00015875,P00015876
B0002VN6B2,B0002VN6B2-reworded
P00011673,P00011674
P00012061,P00012062
P019623,P019624
P025843,P025844
P00014419,P00014420
P009863,P009864
B00062NRPC,B00062NRPC-reworded
B0002TBV2U,B0002TBV2U-reworded
P009287,P009288
P00010303,P00010304
P00002311,P00002312
P021699,P021700
P00016639,P00016640
b00094ot4a,http://www.google.com/base/feeds/snippets/17708460496974727302
B00076ZR1O,B00076ZR1O-reworded
B000661SMM,B000661SMM-reworded
P020987,P020988
B000H824ZY,B000H824ZY-reworded
B0001YR8RI,B0001YR8RI-reworded
P000125,P000126
P000783,P000784
P00001419,P00001420
B0000C3ESV,B0000C3ESV-reworded
P00002339,P00002340
P00014725,P00014726
B000072RI2,B000072RI2-reworded
P010519,P010520
P012279,P012280
P023407,P023408
P012087,P012088
B0009QHKPI,B0009QHKPI-reworded
P00018723,P00018724
P000219,P000220
P013655,P013656
B0002YEGT0,B0002YEGT0-reworded
P018867,P018868
P006743,P006744
P00020035,P00020036
b000b6n2m6,http://www.google.com/base/feeds/snippets/9246547342017279002
P008143,P008144
B000090MGZ,B000090MGZ-reworded
P001707,P001708
P00001133,P00001134
P00001407,P00001408
b000hcxkks,http://www.google.com/base/feeds/snippets/18395554978346558556
P00006681,P00006682
P008235,P008236
P00018761,P00018762
B0001YS2BO,B0001YS2BO-reworded
B000NVL5QY,B000NVL5QY-reworded
P00008259,P00008260
P00003313,P00003314
P00005211,P00005212
b000bsfs3k,http://www.google.com/base/feeds/snippets/13482242609904424371
P007367,P007368
P00014679,P00014680
B00065EJEM,B00065EJEM-reworded
P024323,P024324
P004263,P004264
P024703,P024704
P015371,P015372
P00006659,P00006660
P018859,P018860
P00003009,P00003010
P00008481,P00008482
B000O14L7I,B000O14L7I-reworded
P00005709,P00005710
B000CSD8I6,B000CSD8I6-reworded
P005283,P005284
b000barbaq,http://www.google.com/base/feeds/snippets/124870490385972224
B000644BR8,B000644BR8-reworded
B00030IS7O,B00030IS7O-reworded
P023147,P023148
P00009537,P00009538
37606,10353206
P009579,P009580
B0000AHP9V,B0000AHP9V-reworded
P00007453,P00007454
P00020559,P00020560
P00006779,P00006780
P00020033,P00020034
P00017537,P00017538
P023727,P023728
P011907,P011908
P00013687,P00013688
B0007NICBO,B0007NICBO-reworded
P00008845,P00008846
P00013599,P00013600
37235,210256478
P00015137,P00015138
P00011995,P00011996
P00008915,P00008916
P00000235,P00000236
P00020157,P00020158
P00009277,P00009278
B000HQC7ZS,B000HQC7ZS-reworded
b000in6u62,http://www.google.com/base/feeds/snippets/18434616791723899127
P00018575,P00018576
P008919,P008920
P00018191,P00018192
P00004177,P00004178
b000brgbpa,http://www.google.com/base/feeds/snippets/18413484739795948632
b000bcicwa,http://www.google.com/base/feeds/snippets/12825336441689158397
B0000562JO,B0000562JO-reworded
B0002TOWUI,B0002TOWUI-reworded
P00008077,P00008078
B0009W770U,B0009W770U-reworded
P000107,P000108
P010383,P010384
P019407,P019408
b00002s5ig,http://www.google.com/base/feeds/snippets/10121034673222484873
P00011735,P00011736
B0000AJHQK,B0000AJHQK-reworded
P006587,P006588
B000MSINT0,B000MSINT0-reworded
P00004591,P00004592
P00007333,P00007334
P014975,P014976
P024167,P024168
P014787,P014788
P00006483,P00006484
P00012421,P00012422
P00018139,P00018140
P007171,P007172
P00003295,P00003296
P00018291,P00018292
B0002VN82O,B0002VN82O-reworded
P00001305,P00001306
P000197,P000198
P005763,P005764
P00015077,P00015078
B000E78AE2,B000E78AE2-reworded
B000BYPMJ4,B000BYPMJ4-reworded
29392,204295637
P019535,P019536
P00007321,P00007322
P00007129,P00007130
P00008965,P00008966
B0002NZ5P0,B0002NZ5P0-reworded
P00001143,P00001144
P00006965,P00006966
P022743,P022744
B0002SMWJ2,B0002SMWJ2-reworded
P013103,P013104
P00010851,P00010852
P00017997,P00017998
B0002VNICY,B0002VNICY-reworded
P00002901,P00002902
B000MP6CQ4,B000MP6CQ4-reworded
B0001YS1OW,B0001YS1OW-reworded
B000637UBI,B000637UBI-reworded
B0007USNUW,B0007USNUW-reworded
33485,208792604
P023075,P023076
P000733,P000734
P00003493,P00003494
B000I074BA,B000I074BA-reworded
P00004323,P00004324
b0000ycfdq,http://www.google.com/base/feeds/snippets/4188176128903497851
P016475,P016476
B0007N3NP4,B0007N3NP4-reworded
P00015739,P00015740
P00001811,P00001812
B0001MIC3Y,B0001MIC3Y-reworded
B0000CEU5O,B0000CEU5O-reworded
P00001927,P00001928
P00012523,P00012524
P00003435,P00003436
P004447,P004448
b000iflerk,http://www.google.com/base/feeds/snippets/17776155287333548087
P024867,P024868
b000hj9r3u,http://www.google.com/base/feeds/snippets/18422892267475594445
P00011545,P00011546
P022739,P022740
B0002YLOS6,B0002YLOS6-reworded
P012491,P012492
b0009hj5ve,http://www.google.com/base/feeds/snippets/17031778429388398652
B000OZE638,B000OZE638-reworded
1890117072,1890117072-reworded
P008111,P008112
P00001239,P00001240
P011787,P011788
P00010589,P00010590
B0009I4WZC,B0009I4WZC-reworded
P00007565,P00007566
P00010123,P00010124
B000073V24,B000073V24-reworded
B0002NZODS,B0002NZODS-reworded
P001481,P001482
P00011297,P00011298
P00008931,P00008932
P00011901,P00011902
P003911,P003912
P011895,P011896
P000475,P000476
P001095,P001096
b000phd8ha,http://www.google.com/base/feeds/snippets/7446817695346465267
B0000WLN7C,B0000WLN7C-reworded
P001093,P001094
B0002T6CB0,B0002T6CB0-reworded
B0002NZ69U,B0002NZ69U-reworded
B00066MBNM,B00066MBNM-reworded
B0002VN7XY,B0002VN7XY-reworded
P007107,P007108
P00009119,P00009120
P00015131,P00015132
35226,209869989
P015051,P015052
P00014107,P00014108
B0001FV1D4,B0001FV1D4-reworded
P00001729,P00001730
P014603,P014604
P000013,P000014
22101,201953039
b000h14rr4,http://www.google.com/base/feeds/snippets/10426833843056008758
B0007QMLBS,B0007QMLBS-reworded
P007415,P007416
P00019065,P00019066
P009399,P009400
P00019361,P00019362
P00009523,P00009524
b000i5wcp8,http://www.google.com/base/feeds/snippets/11018448213893210660
B0001YR4TU,B0001YR4TU-reworded
P00017099,P00017100
P00002359,P00002360
P025003,P025004
P012299,P012300
b0000ycfe0,http://www.google.com/base/feeds/snippets/8175198959985911471
P024135,P024136
P023299,P023300
P007079,P007080
P009623,P009624
34130,207900174
P00005529,P00005530
P023851,P023852
P00017903,P00017904
P00012701,P00012702
P008479,P008480
P00015707,P00015708
P00001123,P00001124
P008227,P008228
P000731,P000732
P000485,P000486
P00013229,P00013230
B0002NZO4C,B0002NZO4C-reworded
P00008449,P00008450
P021655,P021656
P026383,P026384
P00007477,P00007478
P00017703,P00017704
P00007779,P00007780
B0002YO7YY,B0002YO7YY-reworded
P007871,P007872
34963,208114682
P001055,P001056
b000tilkq6,http://www.google.com/base/feeds/snippets/5964541247628078613
B0000862C5,B0000862C5-reworded
B0001B6T3U,B0001B6T3U-reworded
P00005323,P00005324
P009555,P009556
P00015065,P00015066
P001199,P001200
36260,10316920
P00020301,P00020302
P00012203,P00012204
P00012939,P00012940
P001163,P001164
P005607,P005608
b000cszg2m,http://www.google.com/base/feeds/snippets/5032391174084349054
P00007677,P00007678
P00013221,P00013222
B0000AWYGJ,B0000AWYGJ-reworded
b000exw51k,http://www.google.com/base/feeds/snippets/18190434268931466210
P00021091,P00021092
b000bwbu6u,http://www.google.com/base/feeds/snippets/6282886480523973402
P00004091,P00004092
P00004619,P00004620
P026647,P026648
P00020447,P00020448
P001189,P001190
P000411,P000412
B000283D36,B000283D36-reworded
P00010897,P00010898
B0006L9ZMW,B0006L9ZMW-reworded
32493,203324970
b00024yohy,http://www.google.com/base/feeds/snippets/9205821354688722990
P016727,P016728
P00013233,P00013234
B000NGDI9Q,B000NGDI9Q-reworded
P001027,P001028
P00005439,P00005440
P010527,P010528
B000MVVFCO,B000MVVFCO-reworded
P00016889,P00016890
P010131,P010132
B0000WLQD8,B0000WLQD8-reworded
P00005131,P00005132
P00006921,P00006922
P00011047,P00011048
B0006596G8,B0006596G8-reworded
P00019119,P00019120
b000bx24o6,http://www.google.com/base/feeds/snippets/17938513699320393589
P00011011,P00011012
B0000C2LU6,B0000C2LU6-reworded
P00015133,P00015134
P00017637,P00017638
P00013493,P00013494
B000090MCV,B000090MCV-reworded
P00014629,P00014630
b000cik6rc,http://www.google.com/base/feeds/snippets/18100341066456401733
B000ARL1ZG,B000ARL1ZG-reworded
P00005593,P00005594
P00020103,P00020104
P021127,P021128
P025975,P025976
B0002M4S5Y,B0002M4S5Y-reworded
P00019807,P00019808
P00002995,P00002996
P00003053,P00003054
P00004179,P00004180
B0009953W2,B0009953W2-reworded
B0000ASN98,B0000ASN98-reworded
B00066ZH0G,B00066ZH0G-reworded
P00013303,P00013304
B0002VNSPQ,B0002VNSPQ-reworded
P00009271,P00009272
P000975,P000976
P00007471,P00007472
P00015917,P00015918
P00008159,P00008160
b000nvkyse,http://www.google.com/base/feeds/snippets/1492097838915695810
B000KGKBVW,B000KGKBVW-reworded
P00001657,P00001658
P00009291,P00009292
P005791,P005792
P00017899,P00017900
P000477,P000478
B00068Y3WM,B00068Y3WM-reworded
b000hcvr1m,http://www.google.com/base/feeds/snippets/12219649046294237633
P024011,P024012
b000gr1ceu,http://www.google.com/base/feeds/snippets/2062975649512805986
P008599,P008600
P00011621,P00011622
P00003783,P00003784
P022155,P022156
P00000263,P00000264
P004035,P004036
P00004909,P00004910
P002051,P002052
B0009SQQR4,B0009SQQR4-reworded
b0009suw5q,http://www.google.com/base/feeds/snippets/712876185653102576
B00025YVL2,B00025YVL2-reworded
B000783P66,B000783P66-reworded
P004351,P004352
P002231,P002232
P003191,P003192
P007647,P007648
P000159,P000160
B000676EF2,B000676EF2-reworded
P00005273,P00005274
B00066ZPTE,B00066ZPTE-reworded
P00008595,P00008596
P00003049,P00003050
P010763,P010764
B00011SUTQ,B00011SUTQ-reworded
P00016735,P00016736
P019199,P019200
P00008697,P00008698
P003751,P003752
B0007QMNXO,B0007QMNXO-reworded
b000ecqxjq,http://www.google.com/base/feeds/snippets/16899532838792786499
P00002219,P00002220
32112,206356230
P00003419,P00003420
B0000TW4EG,B0000TW4EG-reworded
36430,208226690
B0002150Y8,B0002150Y8-reworded
B0000C3Y0J,B0000C3Y0J-reworded
P00019679,P00019680
P00020547,P00020548
34156,208289997
36812,210399819
P003759,P003760
B000IMEISA,B000IMEISA-reworded
P008379,P008380
B0007933W6,B0007933W6-reworded
P010859,P010860
P00007793,P00007794
B000CRILQG,B000CRILQG-reworded
P020451,P020452
P001075,P001076
P000685,P000686
P011259,P011260
P00017417,P00017418
P00002787,P00002788
P00015769,P00015770
P006435,P006436
B0000AJMPN,B0000AJMPN-reworded
b000brm3xe,http://www.google.com/base/feeds/snippets/7181709960017015550
P00010291,P00010292
P00013069,P00013070
P00000699,P00000700
b00032heya,http://www.google.com/base/feeds/snippets/6195321262763979528
P002995,P002996
P00001953,P00001954
B000NV9WWI,B000NV9WWI-reworded
P000687,P000688
P014491,P014492
P00009225,P00009226
P00010451,P00010452
29865,205664972
P001109,P001110
P00013117,P00013118
P00012625,P00012626
P00013573,P00013574
P019479,P019480
P00020853,P00020854
B000LI403O,B000LI403O-reworded
P016063,P016064
20461,201692679
P005543,P005544
P001035,P001036
P00013357,P00013358
P00012377,P00012378
P00001741,P00001742
P00014775,P00014776
P00007981,P00007982
B000KFVUAO,B000KFVUAO-reworded
P00018639,P00018640
P005511,P005512
b00076ywj2,http://www.google.com/base/feeds/snippets/12002408855288739955
P004419,P004420
P007595,P007596
P00006725,P00006726
P00014533,P00014534
P00019241,P00019242
P00010421,P00010422
B000PER7ZC,B000PER7ZC-reworded
P00018389,P00018390
P00021063,P00021064
B0000AJHZ8,B0000AJHZ8-reworded
b000099108,http://www.google.com/base/feeds/snippets/18105761375553744131
P022343,P022344
P000387,P000388
P00006545,P00006546
b000cqyclu,http://www.google.com/base/feeds/snippets/1695089910833084773
b0006n99k8,http://www.google.com/base/feeds/snippets/17425291246427623053
P006487,P006488
B00020OLE4,B00020OLE4-reworded
P00015125,P00015126
P006999,P007000
B000G2VA6A,B000G2VA6A-reworded
B00067ATC6,B00067ATC6-reworded
P000957,P000958
P00002865,P00002866
P00016577,P00016578
P004831,P004832
B000ETAK2K,B000ETAK2K-reworded
B000EIJDFQ,B000EIJDFQ-reworded
P005099,P005100
b0006g31ao,http://www.google.com/base/feeds/snippets/18445341039052694828
34076,207959750
P007087,P007088
B0002G092Q,B0002G092Q-reworded
P00018905,P00018906
P00019883,P00019884
P00004235,P00004236
P011463,P011464
B0002YO8ZM,B0002YO8ZM-reworded
B000OZGAY6,B000OZGAY6-reworded
33668,206917817
B000FE7FEU,B000FE7FEU-reworded
P005183,P005184
33962,207391022
B000EE9D00,B000EE9D00-reworded
P010151,P010152
b0000vmim2,http://www.google.com/base/feeds/snippets/17335686828900761528
26695,202479417
P004475,P004476
P001239,P001240
B0000722A3,B0000722A3-reworded
P006387,P006388
P000265,P000266
B000BSZGJG,B000BSZGJG-reworded
P006987,P006988
34093,207660499
0684812134,0684812134-reworded
P017735,P017736
B0002KW2A4,B0002KW2A4-reworded
B000787O3G,B000787O3G-reworded
P00002411,P00002412
B0000ZUEPQ,B0000ZUEPQ-reworded
B0000865KT,B0000865KT-reworded
P00008631,P00008632
P00013903,P00013904
B00084IYKG,B00084IYKG-reworded
P00014971,P00014972
P00002857,P00002858
P000863,P000864
P00014967,P00014968
B00008623O,B00008623O-reworded
P00007437,P00007438
P007923,P007924
P00006025,P00006026
P00000805,P00000806
P007759,P007760
P00006649,P00006650
P00015511,P00015512
0143037641,0143037641-reworded
P00012627,P00012628
P007007,P007008
P00014689,P00014690
P00015609,P00015610
P016343,P016344
P00009223,P00009224
B000CEZH3Y,B000CEZH3Y-reworded
P003975,P003976
B0002VNBEO,B0002VNBEO-reworded
P00010585,P00010586
P011775,P011776
22727,202619749
P00018021,P00018022
P00017517,P00017518
b000pgq8sm,http://www.google.com/base/feeds/snippets/8648200549603855201
P010575,P010576
34553,204793356
B0006Z9S4S,B0006Z9S4S-reworded
P022419,P022420
P00021117,P00021118
P00004255,P00004256
B0000C39M3,B0000C39M3-reworded
P00002785,P00002786
P00011777,P00011778
P023523,P023524
P020919,P020920
P014515,P014516
P00003281,P00003282
B00066ZIG4,B00066ZIG4-reworded
B00008AAMA,B00008AAMA-reworded
P00016123,P00016124
P003983,P003984
17873,90145584
B000P20ZEE,B000P20ZEE-reworded
b000mcianu,http://www.google.com/base/feeds/snippets/13653159525369338466
P000471,P000472
P017107,P017108
P022619,P022620
B000N2OBXW,B000N2OBXW-reworded
P016787,P016788
P00005663,P00005664
P00010463,P00010464
P00016525,P00016526
P00008527,P00008528
P00006887,P00006888
P000719,P000720
P007747,P007748
P002563,P002564
P00002329,P00002330
P026355,P026356
P004687,P004688
P00001249,P00001250
P016511,P016512
B000308NM4,B000308NM4-reworded
P00001615,P00001616
B000PIUS0O,B000PIUS0O-reworded
P011111,P011112
P00013101,P00013102
B00062N8D8,B00062N8D8-reworded
39176,10380060
P00004197,P00004198
B0000ALK9B,B0000ALK9B-reworded
b00094oszk,http://www.google.com/base/feeds/snippets/17215854618313178923
P018275,P018276
P00005871,P00005872
B0001B98WE,B0001B98WE-reworded
b0000aka82,http://www.google.com/base/feeds/snippets/15883771067913561390
P00017705,P00017706
B0006V0BRK,B0006V0BRK-reworded
P00015507,P00015508
P022051,P022052
b0000cg4ah,http://www.google.com/base/feeds/snippets/18417940197818815384
P00018109,P00018110
P00006301,P00006302
B0002VNJJG,B0002VNJJG-reworded
P00019715,P00019716
P00019517,P00019518
P00006213,P00006214
26241,208456199
P00011555,P00011556
P001535,P001536
P00005681,P00005682
32027,210461432
P00003589,P00003590
P00009603,P00009604
b000hcz8gm,http://www.google.com/base/feeds/snippets/13673799320876526338
B0001HJXGE,B0001HJXGE-reworded
B000EXTZWM,B000EXTZWM-reworded
P026619,P026620
P023799,P023800
P000333,P000334
B0000APD8F,B0000APD8F-reworded
P00000221,P00000222
P00018365,P00018366
B0001YR5P8,B0001YR5P8-reworded
P00013791,P00013792
P012767,P012768
38944,201965217
P00000005,P00000006
B00012UVP6,B00012UVP6-reworded
37182,209705774
P00004291,P00004292
B0002T6CYC,B0002T6CYC-reworded
27789,204292470
B0002YO7V2,B0002YO7V2-reworded
P00017593,P00017594
B0002VMLOA,B0002VMLOA-reworded
P00009779,P00009780
b000o3bgh4,http://www.google.com/base/feeds/snippets/5477812729338266692
32315,205083968
P002067,P002068
B000HQGD0I,B000HQGD0I-reworded
P000991,P000992
B000TGCJC2,B000TGCJC2-reworded
P014799,P014800
P000363,P000364
P020795,P020796
P007687,P007688
P004767,P004768
34883,208893644
B0006SVS9S,B0006SVS9S-reworded
P00011851,P00011852
P00005369,P00005370
P006663,P006664
P001179,P001180
B0006G45UO,B0006G45UO-reworded
P00016411,P00016412
P000459,P000460
P00006791,P00006792
P00004437,P00004438
P00018055,P00018056
P00010257,P00010258
P005571,P005572
P00019215,P00019216
P004775,P004776
P00006425,P00006426
P022291,P022292
P00006255,P00006256
B000MN5YY2,B000MN5YY2-reworded
P014831,P014832
b000pgvk5s,http://www.google.com/base/feeds/snippets/1872945109493928217
B0000C3A18,B0000C3A18-reworded
P00010543,P00010544
B000HRN97C,B000HRN97C-reworded
B000CDP2DU,B000CDP2DU-reworded
P00009573,P00009574
P00009895,P00009896
16329,210521578
P007855,P007856
B0007KNUQO,B0007KNUQO-reworded
P00012303,P00012304
P019975,P019976
P00005067,P00005068
B0006UD736,B0006UD736-reworded
MB001,MB001-alt
b0002b0qfg,http://www.google.com/base/feeds/snippets/11267581873345425673
P00014613,P00014614
P00018779,P00018780
P00006021,P00006022
b000070ilx,http://www.google.com/base/feeds/snippets/13036666023758000710
P00014507,P00014508
P00021019,P00021020
P023203,P023204
P00008859,P00008860
B00080QZCO,B00080QZCO-reworded
P00005515,P00005516
P00005099,P00005100
P000567,P000568
B000NZW8C0,B000NZW8C0-reworded
P008679,P008680
31954,206356233
P00017627,P00017628
P00014295,P00014296
P00007813,P00007814
P00006577,P00006578
P00008051,P00008052
P00011793,P00011794
P00009813,P00009814
36161,208171631
P003131,P003132
P005651,P005652
P00005291,P00005292
P022747,P022748
P003335,P003336
P00004861,P00004862
B00004Y3TP,B00004Y3TP-reworded
P00013953,P00013954
P00001091,P00001092
P016699,P016700
P00009301,P00009302
B000M7M9Z0,B000M7M9Z0-reworded
P00017921,P00017922
P002919,P002920
P00010697,P00010698
22306,202291459
P00019729,P00019730
b000rw9md2,http://www.google.com/base/feeds/snippets/14209929007229153860
P00001277,P00001278
P00013717,P00013718
P00003623,P00003624
B00075ZWOC,B00075ZWOC-reworded
P00011159,P00011160
P00020633,P00020634
P00015991,P00015992
P00013097,P00013098
P00008957,P00008958
B0002VNQUI,B0002VNQUI-reworded
B0000WL37C,B0000WL37C-reworded
P018399,P018400
B0001B9DQA,B0001B9DQA-reworded
B0002TOYOM,B0002TOYOM-reworded
1578512379,1578512379-reworded
P00018435,P00018436
P025011,P025012
B00004OCRS,B00004OCRS-reworded
P006551,P006552
P00011099,P00011100
32880,205106048
P018007,P018008
B0000ASOUK,B0000ASOUK-reworded
B000ANZJOO,B000ANZJOO-reworded
B000J40RNC,B000J40RNC-reworded
P00010181,P00010182
B00015HKA2,B00015HKA2-reworded
b000099sin,http://www.google.com/base/feeds/snippets/18383594456090582739
P005547,P005548
B0001YRO3Q,B0001YRO3Q-reworded
B00005G6GE,B00005G6GE-reworded
P018567,P018568
P00010535,P00010536
P00019293,P00019294
P00002549,P00002550
b000hlt4y0,http://www.google.com/base/feeds/snippets/11831542288207686462
P00010215,P00010216
P00009131,P00009132
P00020675,P00020676
P00003547,P00003548
P017011,P017012
P001075,P001076
33478,208154550
P00014873,P00014874
B000K9QO4W,B000K9QO4W-reworded
B0008G1PXM,B0008G1PXM-reworded
P00012217,P00012218
P00016869,P00016870
P00012197,P00012198
P00015109,P00015110
P00015395,P00015396
P021807,P021808
P00018093,P00018094
P00020987,P00020988
34392,206362747
P00017787,P00017788
B0000WLRI2,B0000WLRI2-reworded
B00062NT4G,B00062NT4G-reworded
B000QT79OK,B000QT79OK-reworded
P00007465,P00007466
b000e3e2km,http://www.google.com/base/feeds/snippets/17330505621209587005
P018683,P018684
33586,207338890
P00000183,P00000184
P010595,P010596
P00018261,P00018262
B0000862XJ,B0000862XJ-reworded
B0002VNAWC,B0002VNAWC-reworded
P006699,P006700
B000BBABAC,B000BBABAC-reworded
P00002433,P00002434
P00000429,P00000430
P00005047,P00005048
P002603,P002604
P00004063,P00004064
b000g80lku,http://www.google.com/base/feeds/snippets/16862951998092117648
P017587,P017588
P00018243,P00018244
P00002517,P00002518
27182,206481908
P00002601,P00002602
b0007zf3ge,http://www.google.com/base/feeds/snippets/10244573068939530333
P00018031,P00018032
P005723,P005724
P00010963,P00010964
P019339,P019340
P017435,P017436
P000749,P000750
P00017631,P00017632
P015147,P015148
B0002T6CZ6,B0002T6CZ6-reworded
P016391,P016392
P000923,P000924
B00099Z70K,B00099Z70K-reworded
B0007NIEJO,B0007NIEJO-reworded
P002771,P002772
P00018257,P00018258
P00020751,P00020752
P00000001,P00000002
b000ujw3ss,http://www.google.com/base/feeds/snippets/3469210017983673758
P00009187,P00009188
P00012097,P00012098
P00014443,P00014444
P022927,P022928
P004451,P004452
P013067,P013068
P00004321,P00004322
P00015625,P00015626
B0002YO866,B0002YO866-reworded
b000ehs6ic,http://www.google.com/base/feeds/snippets/3377135321507891586
P00020077,P00020078
P00004665,P00004666
P001121,P001122
P024307,P024308
P005827,P005828
B0002KV7GO,B0002KV7GO-reworded
P00006145,P00006146
b000qfrt4o,http://www.google.com/base/feeds/snippets/17229680859570691562
B0002X0RBM,B0002X0RBM-reworded
B000679O0E,B000679O0E-reworded
P00002279,P00002280
P018219,P018220
B000PWFPJE,B000PWFPJE-reworded
37477,209634135
P00010821,P00010822
P000195,P000196
33277,206808445
P00010809,P00010810
P023067,P023068
B0009PGAG4,B0009PGAG4-reworded
P019507,P019508
P00014865,P00014866
P00019733,P00019734
38214,210399746
P019875,P019876
P023663,P023664
P00009661,P00009662
B000MQRV7M,B000MQRV7M-reworded
P003991,P003992
B0002TP9UA,B0002TP9UA-reworded
P019631,P019632
B00024WOVM,B00024WOVM-reworded
P00003073,P00003074
P002387,P002388
P001273,P001274
P00016475,P00016476
P00000741,P00000742
P00017321,P00017322
P019763,P019764
P016247,P016248
P006595,P006596
P00018411,P00018412
P016519,P016520
P00009495,P00009496
P021987,P021988
B0002ILQ3U,B0002ILQ3U-reworded
P00015235,P00015236
B0002TOUDW,B0002TOUDW-reworded
B000PHS5E6,B000PHS5E6-reworded
P012019,P012020
B0000C39PZ,B0000C39PZ-reworded
36286,208791921
P00020825,P00020826
P016055,P016056
P00012263,P00012264
b000e5n0mg,http://www.google.com/base/feeds/snippets/18400554570218912442
b0000899lt,http://www.google.com/base/feeds/snippets/16676630267570211401
P00015501,P00015502
P018419,P018420
P020875,P020876
P000751,P000752
B000J5XEJ0,B000J5XEJ0-reworded
B0001B6T6C,B0001B6T6C-reworded
P00012695,P00012696
B00009WF2M,B00009WF2M-reworded
B0002E1O86,B0002E1O86-reworded
P00001435,P00001436
B000OV7CL0,B000OV7CL0-reworded
P009371,P009372
P00001487,P00001488
b000ra77bs,http://www.google.com/base/feeds/snippets/4432724463066898018
P012759,P012760
P022191,P022192
P023091,P023092
P012495,P012496
b000lu9cwg,http://www.google.com/base/feeds/snippets/17846711186532338786
P026579,P026580
B0002T68AK,B0002T68AK-reworded
P003743,P003744
38794,209704118
B0002Q7X84,B0002Q7X84-reworded
B000ERFE78,B000ERFE78-reworded
B00020X186,B00020X186-reworded
P00014213,P00014214
B0000CBACD,B0000CBACD-reworded
B000NYCKUG,B000NYCKUG-reworded
P00007791,P00007792
P026547,P026548
9355,203151776
P002147,P002148
P004983,P004984
P00007183,P00007184
P00017821,P00017822
P00020657,P00020658
P002811,P002812
P009067,P009068
P00013865,P00013866
P001287,P001288
P00011397,P00011398
P00013423,P00013424
B000E9U09I,B000E9U09I-reworded
P010059,P010060
B0006JAJTW,B0006JAJTW-reworded
B000BKKMHA,B000BKKMHA-reworded
P024663,P024664
P021591,P021592
P00003037,P00003038
P00003441,P00003442
B0001I9XN6,B0001I9XN6-reworded
P00009429,P00009430
P020787,P020788
P004747,P004748
P00004203,P00004204
P00007317,P00007318
34610,207543191
P000243,P000244
B0002VNBV2,B0002VNBV2-reworded
28340,208456215
P00011327,P00011328
B00011T72U,B00011T72U-reworded
P00018821,P00018822
34158,206895864
P010075,P010076
P00018179,P00018180
P00004567,P00004568
P001435,P001436
B0006U6D0K,B0006U6D0K-reworded
P00016533,P00016534
b000io7a9m,http://www.google.com/base/feeds/snippets/13440353610523579374
P00014677,P00014678
B000PEJ22I,B000PEJ22I-reworded
P024219,P024220
P021639,P021640
32193,205809367
P023699,P023700
P002623,P002624
P024651,P024652
P00016267,P00016268
37907,210227260
P00000889,P00000890
P00015157,P00015158
P003495,P003496
P021263,P021264
P019443,P019444
B0001NJSH2,B0001NJSH2-reworded
b00009m8ur,http://www.google.com/base/feeds/snippets/13743628234242373469
P021603,P021604
B0002YO8VQ,B0002YO8VQ-reworded
P00002813,P00002814
P00015373,P00015374
B000093I6Q,B000093I6Q-reworded
b000f4ei40,http://www.google.com/base/feeds/snippets/5235601774209920453
P00000355,P00000356
B0002ZQGI8,B0002ZQGI8-reworded
P00008803,P00008804
0967313805,0967313805-reworded
B000236UBS,B000236UBS-reworded
P000851,P000852
b000hhvb2w,http://www.google.com/base/feeds/snippets/17476622898499473532
B0002XO0JW,B0002XO0JW-reworded
P015547,P015548
B0006H659M,B0006H659M-reworded
P00012579,P00012580
P00007025,P00007026
b000ndibri,http://www.google.com/base/feeds/snippets/222400256379219119
P013243,P013244
P021299,P021300
P00019349,P00019350
P024871,P024872
P00018451,P00018452
B00062NBPS,B00062NBPS-reworded
P020363,P020364
36796,208154853
B0002NZ57S,B0002NZ57S-reworded
b0006se5bq,http://www.google.com/base/feeds/snippets/18428750969726461849
P00013125,P00013126
B000IB9Q10,B000IB9Q10-reworded
P002475,P002476
P00011039,P00011040
P00012573,P00012574
P008419,P008420
P020123,P020124
P00003229,P00003230
P00017357,P00017358
b000ph8xs4,http://www.google.com/base/feeds/snippets/8417237654939994137
P012647,P012648
33638,207659192
P007467,P007468
P00002429,P00002430
P024743,P024744
P009135,P009136
P012623,P012624
P004179,P004180
P010215,P010216
P000567,P000568
P000255,P000256
P00019029,P00019030
P010035,P010036
P00005911,P00005912
P00004067,P00004068
B00020X35C,B00020X35C-reworded
b000nknb44,http://www.google.com/base/feeds/snippets/5978521375376689048
b0002c3vqq,http://www.google.com/base/feeds/snippets/18371416588940021581
P00015887,P00015888
B0002TOUMI,B0002TOUMI-reworded
P008715,P008716
P00020469,P00020470
B000IWK0MI,B000IWK0MI-reworded
b000ndid26,http://www.google.com/base/feeds/snippets/5673733196767057398
B0001XWIV0,B0001XWIV0-reworded
P00007515,P00007516
P016667,P016668
P00009245,P00009246
P015003,P015004
P012975,P012976
B000P20ZD0,B000P20ZD0-reworded
P00009607,P00009608
P00008943,P00008944
P00005297,P00005298
B0002NYMYU,B0002NYMYU-reworded
b000n5meva,http://www.google.com/base/feeds/snippets/4282890852330556387
P011791,P011792
P00018473,P00018474
P00020641,P00020642
P00008073,P00008074
b000b6kxfa,http://www.google.com/base/feeds/snippets/8894150903607310427
38957,207535265
P012931,P012932
B000RUMU24,B000RUMU24-reworded
P00002265,P00002266
P00007423,P00007424
B000JVTVLO,B000JVTVLO-reworded
P026279,P026280
P023979,P023980
b000fetuiy,http://www.google.com/base/feeds/snippets/10702491954940587385
P021319,P021320
B000EU0Q14,B000EU0Q14-reworded
b000fzxisg,http://www.google.com/base/feeds/snippets/10282477376383378142
P00012687,P00012688
B0000A0MYO,B0000A0MYO-reworded
P017255,P017256
P018055,P018056
P009827,P009828
P00012893,P00012894
P00010443,P00010444
35388,208294724
P019455,P019456
P013759,P013760
P000579,P000580
P00019901,P00019902
B0002NXSF4,B0002NXSF4-reworded
P024819,P024820
P00005403,P00005404
P00012257,P00012258
B0006I89OU,B0006I89OU-reworded
B000144MYU,B000144MYU-reworded
B000MRLM9E,B000MRLM9E-reworded
P021279,P021280
P00019481,P00019482
b00008mnxq,http://www.google.com/base/feeds/snippets/18380054536947094037
P00003069,P00003070
P00004657,P00004658
P000483,P000484
P001465,P001466
P012267,P012268
P006923,P006924
P00013421,P00013422
P00012147,P00012148
P00003751,P00003752
B000I5H0LE,B000I5H0LE-reworded
B000P43NNM,B000P43NNM-reworded
33158,207338961
P001739,P001740
P00009961,P00009962
35218,207536225
b0009ftmj6,http://www.google.com/base/feeds/snippets/17244314871392617212
B000R32E2M,B000R32E2M-reworded
P006311,P006312
P00001269,P00001270
B000MSW0NU,B000MSW0NU-reworded
B000F9LRY4,B000F9LRY4-reworded
P00017127,P00017128
P004259,P004260
B000AYWKGS,B000AYWKGS-reworded
P00005971,P00005972
B0006596UE,B0006596UE-reworded
30338,206460113
P00008351,P00008352
P00001731,P00001732
P000795,P000796
B0000AFHKR,B0000AFHKR-reworded
P017943,P017944
P00013951,P00013952
B000C18CIY,B000C18CIY-reworded
P017467,P017468
P017155,P017156
P00003923,P00003924
P00016491,P00016492
P002539,P002540
P00017043,P00017044
P013139,P013140
P00013457,P00013458
P00018499,P00018500
b0002735fi,http://www.google.com/base/feeds/snippets/18409154395025279191
B0000DB9AO,B0000DB9AO-reworded
b0006b63rw,http://www.google.com/base/feeds/snippets/12911813140487249020
B000N1MM7U,B000N1MM7U-reworded
P009615,P009616
P00002179,P00002180
B000PCF9JA,B000PCF9JA-reworded
B00028NMFK,B00028NMFK-reworded
28650,203131635
B0000AX425,B0000AX425-reworded
P00011979,P00011980
P00005161,P00005162
P00015225,P00015226
B00015KXCY,B00015KXCY-reworded
35034,208504369
P010707,P010708
B000072RFF,B000072RFF-reworded
P00003827,P00003828
P00001107,P00001108
P024299,P024300
b000ndibri,http://www.google.com/base/feeds/snippets/3607173973836413689
P007463,P007464
P00010767,P00010768
P00009165,P00009166
P021347,P021348
38939,204823067
P00007433,P00007434
B00080Q8EO,B00080Q8EO-reworded
B000CO9W1W,B000CO9W1W-reworded
b00006jo4g,http://www.google.com/base/feeds/snippets/16080101328048625984
P00005549,P00005550
P00000367,P00000368
B0001YR4FO,B0001YR4FO-reworded
P00006795,P00006796
P00013655,P00013656
b000h229fa,http://www.google.com/base/feeds/snippets/17185994271384879488
37055,208941075
P00020237,P00020238
P00014487,P00014488
P024303,P024304
P00018625,P00018626
P001359,P001360
B000676GTQ,B000676GTQ-reworded
P002575,P002576
P001725,P001726
P00003459,P00003460
P00005519,P00005520
P009191,P009192
b000bljed2,http://www.google.com/base/feeds/snippets/13747478666009449997
P00016503,P00016504
P011455,P011456
B00080XP0O,B00080XP0O-reworded
B000PDHO9M,B000PDHO9M-reworded
P00009371,P00009372
P006183,P006184
P00011323,P00011324
P024183,P024184
P00017777,P00017778
P008863,P008864
P000987,P000988
P017787,P017788
B0007IFJS8,B0007IFJS8-reworded
P026715,P026716
P007559,P007560
P00016457,P00016458
B0006ITANY,B0006ITANY-reworded
P016551,P016552
B0007A5K3A,B0007A5K3A-reworded
P00016743,P00016744
P00008653,P00008654
B0002VN6Q2,B0002VN6Q2-reworded
P021199,P021200
B0036VNMZA,B0036VNMZA-reworded
P00019839,P00019840
P00013067,P00013068
P00008831,P00008832
P00017561,P00017562
P008947,P008948
b000bo9rt0,http://www.google.com/base/feeds/snippets/10667383848205761084
P00011383,P00011384
P00013889,P00013890
B000KIEFWG,B000KIEFWG-reworded
P020879,P020880
P00003549,P00003550
P014855,P014856
P00018039,P00018040
P00007727,P00007728
P00011617,P00011618
B0001B6T2Q,B0001B6T2Q-reworded
P00005625,P00005626
38296,210647824
B000BQU3JQ,B000BQU3JQ-reworded
P016979,P016980
P006695,P006696
B00076HJF6,B00076HJF6-reworded
P00001733,P00001734
P016835,P016836
P015499,P015500
P020427,P020428
P00000945,P00000946
P00014701,P00014702
P005259,P005260
B0002VMU46,B0002VMU46-reworded
P007607,P007608
P00013175,P00013176
B0000TOLGU,B0000TOLGU-reworded
30533,205729817
P000299,P000300
P00013409,P00013410
P019471,P019472
P025839,P025840
P024467,P024468
B0000A7XP8,B0000A7XP8-reworded
P003615,P003616
P013675,P013676
P018403,P018404
B00006K2L0,B00006K2L0-reworded
B0002M5AI8,B0002M5AI8-reworded
B000BB04TK,B000BB04TK-reworded
P00005001,P00005002
P00016129,P00016130
P024179,P024180
b000k757w4,http://www.google.com/base/feeds/snippets/17265475148454123541
P00005045,P00005046
P00005923,P00005924
P00003097,P00003098
P00006899,P00006900
P004691,P004692
b000hlv6mi,http://www.google.com/base/feeds/snippets/10688959294324458483
P026287,P026288
P00015243,P00015244
P00015471,P00015472
B0000AZSSA,B0000AZSSA-reworded
P006347,P006348
P008447,P008448
P024123,P024124
P00019525,P00019526
P00015123,P00015124
P00016539,P00016540
B0001MICN4,B0001MICN4-reworded
P000039,P000040
P012415,P012416
P023247,P023248
P019307,P019308
P00012595,P00012596
P00003685,P00003686
B0001YRQUM,B0001YRQUM-reworded
P00020159,P00020160
29933,202139765
31032,210251970
b000hpjgw6,http://www.google.com/base/feeds/snippets/4250686295132810758
P025067,P025068
P00013281,P00013282
b000e5n0mg,http://www.google.com/base/feeds/snippets/10008484121273338467
P005155,P005156
34901,208294715
B000PI6MJK,B000PI6MJK-reworded
P020895,P020896
b000ndibvo,http://www.google.com/base/feeds/snippets/5767845185221029524
P001405,P001406
P00014521,P00014522
B000145LFE,B000145LFE-reworded
P00012137,P00012138
P00001319,P00001320
P016435,P016436
P00006149,P00006150
P00017297,P00017298
P00007753,P00007754
34657,207938488
36021,208226693
P00003515,P00003516
P018351,P018352
P00012083,P00012084
P00011523,P00011524
P001693,P001694
P017687,P017688
P00002987,P00002988
P00012245,P00012246
P00013451,P00013452
B0001MIC1G,B0001MIC1G-reworded
P00020273,P00020274
P025327,P025328
B0005IB538,B0005IB538-reworded
P00019355,P00019356
36365,208226696
P00003415,P00003416
P00009563,P00009564
P00011665,P00011666
b000hbvvka,http://www.google.com/base/feeds/snippets/13394537834910060641
P00010379,P00010380
b000b0gzu8,http://www.google.com/base/feeds/snippets/14443748429238960679
P00013447,P00013448
P00005283,P00005284
P00001405,P00001406
P00020863,P00020864
B000BQN75I,B000BQN75I-reworded
34962,208114681
b000jlj0cy,http://www.google.com/base/feeds/snippets/16827217446944316033
P007055,P007056
P001387,P001388
B0002VMNIO,B0002VMNIO-reworded
P00007617,P00007618
B000FAPVHW,B000FAPVHW-reworded
B0000C2T7B,B0000C2T7B-reworded
b000ndid44,http://www.google.com/base/feeds/snippets/18415197771734313133
P00002203,P00002204
P00020031,P00020032
P00012571,P00012572
P00011117,P00011118
P00006097,P00006098
P00000983,P00000984
P019403,P019404
B000P9EUXY,B000P9EUXY-reworded
34153,207465587
P00017311,P00017312
B00017YW1A,B00017YW1A-reworded
B000BKCZ0M,B000BKCZ0M-reworded
P001951,P001952
P019691,P019692
B0006I8GDO,B0006I8GDO-reworded
P00000921,P00000922
P005383,P005384
P00003797,P00003798
P00002847,P00002848
P00020621,P00020622
P023763,P023764
B000PAG464,B000PAG464-reworded
P020699,P020700
P00008395,P00008396
P00007935,P00007936
P00009889,P00009890
P025599,P025600
P005063,P005064
P000631,P000632
B000E7VERC,B000E7VERC-reworded
B0000WLFSY,B0000WLFSY-reworded
B000NGE4WQ,B000NGE4WQ-reworded
B000KN6ZOM,B000KN6ZOM-reworded
P00017795,P00017796
P001715,P001716
P00003903,P00003904
P000455,P000456
P005883,P005884
P018751,P018752
P00012727,P00012728
B0000ZKCQM,B0000ZKCQM-reworded
P00009737,P00009738
P00010959,P00010960
37142,209194241
P00002491,P00002492
P00005431,P00005432
P00014991,P00014992
P006675,P006676
P000371,P000372
P00010275,P00010276
P00012537,P00012538
P00019387,P00019388
P00016879,P00016880
B0002321XO,B0002321XO-reworded
B000GQT51I,B000GQT51I-reworded
B0000C87V0,B0000C87V0-reworded
P001919,P001920
B0000TFZWE,B0000TFZWE-reworded
B000145Q54,B000145Q54-reworded
P026011,P026012
P000021,P000022
P002519,P002520
P00001845,P00001846
b000i8od48,http://www.google.com/base/feeds/snippets/3626343668255224722
B000K5WW9M,B000K5WW9M-reworded
23325,202456903
P00018557,P00018558
P00008209,P00008210
P00007181,P00007182
P00003221,P00003222
P001061,P001062
P00001513,P00001514
P00011087,P00011088
B000069K79,B000069K79-reworded
B0007IFJTC,B0007IFJTC-reworded
P00003749,P00003750
P00018681,P00018682
B0002T6AEO,B0002T6AEO-reworded
P00001459,P00001460
P021075,P021076
P004223,P004224
P013027,P013028
P008167,P008168
B0002Y7V9M,B0002Y7V9M-reworded
36988,209253739
B000KHGVKG,B000KHGVKG-reworded
P00019155,P00019156
P00008227,P00008228
P00007881,P00007882
P00019993,P00019994
P00004901,P00004902
P00009357,P00009358
b000ivhlgc,http://www.google.com/base/feeds/snippets/16978988391209170797
P00019825,P00019826
P016663,P016664
P00008445,P00008446
P004395,P004396
P018171,P018172
P00013407,P00013408
P00011925,P00011926
P00000563,P00000564
P00020223,P00020224
b0002r74a0,http://www.google.com/base/feeds/snippets/18380144380139373224
P00000441,P00000442
P00007389,P00007390
P009383,P009384
P00009735,P00009736
P00007405,P00007406
P016963,P016964
P00013449,P00013450
P025651,P025652
P00004003,P00004004
20450,201692660
b000fn6cf4,http://www.google.com/base/feeds/snippets/8110280389757211340
P00009579,P00009580
P012335,P012336
P021787,P021788
P00007645,P00007646
B0001VU8B4,B0001VU8B4-reworded
P00015839,P00015840
P00011771,P00011772
P00020777,P00020778
P008219,P008220
P000541,P000542
P00016337,P00016338
P000015,P000016
P010391,P010392
P00004887,P00004888
P007567,P007568
B000P9BY6K,B000P9BY6K-reworded
P00020125,P00020126
P00015693,P00015694
P00002749,P00002750
b00022pti4,http://www.google.com/base/feeds/snippets/7739419455751524618
P000295,P000296
P013251,P013252
P00007255,P00007256
P005847,P005848
P00000501,P00000502
B000CCFKNI,B000CCFKNI-reworded
P00018377,P00018378
P00016499,P00016500
P009699,P009700
P012483,P012484
30158,204937142
P018935,P018936
P00006489,P00006490
B0001NLY2Y,B0001NLY2Y-reworded
B0002LI720,B0002LI720-reworded
P012463,P012464
P00011663,P00011664
P00004269,P00004270
B0001YLGZ8,B0001YLGZ8-reworded
P00008001,P00008002
P001847,P001848
P00015933,P00015934
P026163,P026164
P007751,P007752
P00004975,P00004976
P003287,P003288
P00005885,P00005886
P00019535,P00019536
B0007R8KA8,B0007R8KA8-reworded
P00012219,P00012220
P00019017,P00019018
B00009OLTY,B00009OLTY-reworded
P00016417,P00016418
P000921,P000922
P00003841,P00003842
P021991,P021992
B0002TPARC,B0002TPARC-reworded
P00018133,P00018134
B0001YRVY8,B0001YRVY8-reworded
B00028AVEA,B00028AVEA-reworded
P016151,P016152
P00001883,P00001884
P000027,P000028
P00013627,P00013628
P00012759,P00012760
P00000227,P00000228
P00020827,P00020828
B000GL1R3C,B000GL1R3C-reworded
P000135,P000136
P00004331,P00004332
P00010431,P00010432
B000ER5D6U,B000ER5D6U-reworded
B00062NRH0,B00062NRH0-reworded
37749,210399743
P00011541,P00011542
P00004393,P00004394
P00020845,P00020846
P00017165,P00017166
P006871,P006872
P001703,P001704
B000145UD2,B000145UD2-reworded
P024279,P024280
b0000ca2ix,http://www.google.com/base/feeds/snippets/18405769282316939471
P00001983,P00001984
P00007495,P00007496
P006027,P006028
P00012773,P00012774
33464,210245837
B0002V7I16,B0002V7I16-reworded
B0006G42HK,B0006G42HK-reworded
P00000503,P00000504
b0007lw230,http://www.google.com/base/feeds/snippets/17298610841039937504
P023971,P023972
P00005009,P00005010
B00013AVFU,B00013AVFU-reworded
P020535,P020536
P00008493,P00008494
P00018495,P00018496
P022091,P022092
P005059,P005060
097234960X,097234960X-reworded
32228,205985718
B000A0VPCW,B000A0VPCW-reworded
P00011903,P00011904
P017915,P017916
B000BTOAHY,B000BTOAHY-reworded
B0002KV7FU,B0002KV7FU-reworded
P00014025,P00014026
b0001xngz2,http://www.google.com/base/feeds/snippets/5836713568200382986
P00012133,P00012134
P00000491,P00000492
b000m2yc32,http://www.google.com/base/feeds/snippets/10248910023220043204
P000083,P000084
P026035,P026036
33569,207388757
P00004459,P00004460
P012427,P012428
P020947,P020948
B0002VNBJE,B0002VNBJE-reworded
B000O0QNCA,B000O0QNCA-reworded
P015267,P015268
P001971,P001972
P002307,P002308
P00012545,P00012546
P025183,P025184
P00013519,P00013520
P00014075,P00014076
P000811,P000812
P004823,P004824
P00009035,P00009036
P021515,P021516
P008595,P008596
P000045,P000046
B000I2KWA8,B000I2KWA8-reworded
P00004275,P00004276
B000CDA41A,B000CDA41A-reworded
P00002147,P00002148
P00019855,P00019856
P00008735,P00008736
P00011687,P00011688
P00010281,P00010282
P00012075,P00012076
B000BHH0LO,B000BHH0LO-reworded
P00016797,P00016798
P007619,P007620
P021303,P021304
P023023,P023024
P000927,P000928
P00015757,P00015758
B000147LIE,B000147LIE-reworded
38173,210441817
P00018209,P00018210
P00004285,P00004286
P00003307,P00003308
P020119,P020120
P000127,P000128
P00003679,P00003680
25990,203915639
P00002107,P00002108
P004171,P004172
P00000637,P00000638
P00019765,P00019766
B0002TPC5W,B0002TPC5W-reworded
P00020531,P00020532
P00005197,P00005198
P022219,P022220
P011735,P011736
P00009527,P00009528
16765,204569335
P008295,P008296
B0002MGNFW,B0002MGNFW-reworded
B0002NZ84S,B0002NZ84S-reworded
P00020731,P00020732
B000J0BHTY,B000J0BHTY-reworded
P00014115,P00014116
P00016867,P00016868
P00007047,P00007048
P00002703,P00002704
b00013wgz8,http://www.google.com/base/feeds/snippets/5168261559363303902
B0000CB9AD,B0000CB9AD-reworded
P00016061,P00016062
b000o27t8a,http://www.google.com/base/feeds/snippets/18341451742874553099
B000LDOOA8,B000LDOOA8-reworded
P00002573,P00002574
P015639,P015640
P015815,P015816
b00008mnxz,http://www.google.com/base/feeds/snippets/9445487736380311288
P005563,P005564
P00015825,P00015826
P00011101,P00011102
P007183,P007184
P000471,P000472
b000bckm46,http://www.google.com/base/feeds/snippets/17651580132908652894
P003151,P003152
P00013831,P00013832
P003771,P003772
P00019341,P00019342
P00013715,P00013716
P00001015,P00001016
P008231,P008232
P00014863,P00014864
P00010715,P00010716
P00011005,P00011006
27783,202293522
P023011,P023012
P019167,P019168
P00001759,P00001760
P000043,P000044
P022195,P022196
B0001472V0,B0001472V0-reworded
P00014907,P00014908
P007111,P007112
B000667DXK,B000667DXK-reworded
P00004103,P00004104
P010759,P010760
P001611,P001612
P00020929,P00020930
P001157,P001158
P00007217,P00007218
P021719,P021720
P00005965,P00005966
P001719,P001720
P00008835,P00008836
P00006741,P00006742
P00008529,P00008530
P00018693,P00018694
P015731,P015732
B000P4JXFY,B000P4JXFY-reworded
29820,202882380
P00004773,P00004774
B0002MAYVG,B0002MAYVG-reworded
b00006jo4g,http://www.google.com/base/feeds/snippets/15933205235519328818
P004867,P004868
P015591,P015592
P00019085,P00019086
P00021013,P00021014
P00009761,P00009762
P00003411,P00003412
P00016575,P00016576
P00020193,P00020194
1572242361,1572242361-reworded
P00000127,P00000128
P00014695,P00014696
B0000APDB7,B0000APDB7-reworded
P00020829,P00020830
P00009617,P00009618
b000gaqlxe,http://www.google.com/base/feeds/snippets/14792132642669527606
P00007293,P00007294
P002007,P002008
P005771,P005772
P00010043,P00010044
P024259,P024260
B0002VN8WO,B0002VN8WO-reworded
P00018917,P00018918
P00012123,P00012124
P002107,P002108
b000qeitty,http://www.google.com/base/feeds/snippets/14918356353168654855
P008515,P008516
P000167,P000168
b000hlp5do,http://www.google.com/base/feeds/snippets/4835538995422992772
P00019391,P00019392
B0007UOM8Y,B0007UOM8Y-reworded
P023039,P023040
B0001YR4SG,B0001YR4SG-reworded
P00016757,P00016758
P005287,P005288
P00010741,P00010742
P00015675,P00015676
P000985,P000986
b000090179,http://www.google.com/base/feeds/snippets/16002979675138477406
P022615,P022616
b000lu8a10,http://www.google.com/base/feeds/snippets/18406653450238248367
P009271,P009272
B0002XSU0W,B0002XSU0W-reworded
B000BDIRLK,B000BDIRLK-reworded
P008695,P008696
P00010271,P00010272
P00011415,P00011416
P00020161,P00020162
P00012025,P00012026
P00018107,P00018108
B0001KE3ZW,B0001KE3ZW-reworded
B0002L0PXO,B0002L0PXO-reworded
27407,203930685
P00001129,P00001130
B0000AHS2Z,B0000AHS2Z-reworded
P00016981,P00016982
P005951,P005952
P00004837,P00004838
b000hzrlim,http://www.google.com/base/feeds/snippets/6645838516644564026
P00010093,P00010094
P00011581,P00011582
P00006323,P00006324
P021571,P021572
P021323,P021324
P009919,P009920
B000H51X72,B000H51X72-reworded
P00006291,P00006292
P00018103,P00018104
P000105,P000106
P00002843,P00002844
B0002NZELU,B0002NZELU-reworded
P000279,P000280
P00010571,P00010572
B0008EOHWA,B0008EOHWA-reworded
B0000CBA7W,B0000CBA7W-reworded
B000HVYPH6,B000HVYPH6-reworded
P00010079,P00010080
P025803,P025804
b000qclgqo,http://www.google.com/base/feeds/snippets/6176694480450258174
P00001501,P00001502
B000KAA4F6,B000KAA4F6-reworded
P00001851,P00001852
P00000575,P00000576
B00066MB7S,B00066MB7S-reworded
P00012611,P00012612
P024891,P024892
P00010881,P00010882
B000F5PQXG,B000F5PQXG-reworded
29902,205144562
P00010777,P00010778
P004715,P004716
P00018249,P00018250
P022099,P022100
b000ik414i,http://www.google.com/base/feeds/snippets/16073556725854260285
B00016QPDO,B00016QPDO-reworded
P026411,P026412
P00020563,P00020564
P00018565,P00018566
b000hlp64w,http://www.google.com/base/feeds/snippets/11554840496283672285
P00008315,P00008316
P00008303,P00008304
B0000AX42C,B0000AX42C-reworded
P00008777,P00008778
B00062NT50,B00062NT50-reworded
P00011103,P00011104
B000073V31,B000073V31-reworded
P00008153,P00008154
P00001633,P00001634
26461,200924629
P004311,P004312
P00001611,P00001612
P019111,P019112
P00002455,P00002456
P016499,P016500
P00014207,P00014208
P005323,P005324
P022339,P022340
P00019165,P00019166
P00009179,P00009180
36607,209891039
P001037,P001038
P001003,P001004
P000727,P000728
B000CMD314,B000CMD314-reworded
B000L0H8Y0,B000L0H8Y0-reworded
P009563,P009564
32280,205985719
P00010455,P00010456
P017927,P017928
P008031,P008032
P001571,P001572
P016755,P016756
B0007SLEG4,B0007SLEG4-reworded
34662,208294722
P00001077,P00001078
B0009I3JTW,B0009I3JTW-reworded
b00006j02n,http://www.google.com/base/feeds/snippets/18268949289189904876
P00003607,P00003608
P00001573,P00001574
P024583,P024584
P00019863,P00019864
P00008677,P00008678
P003847,P003848
P00007915,P00007916
P00006085,P00006086
P00008149,P00008150
B0006JAI84,B0006JAI84-reworded
B0000AFHLU,B0000AFHLU-reworded
P011851,P011852
P018371,P018372
P00010829,P00010830
P024427,P024428
B000ARLE6C,B000ARLE6C-reworded
P00010449,P00010450
B000FCZEF4,B000FCZEF4-reworded
P00011817,P00011818
P00004943,P00004944
P00016773,P00016774
B0002IF18Q,B0002IF18Q-reworded
P015299,P015300
B000ESOPHC,B000ESOPHC-reworded
P001085,P001086
P00008173,P00008174
P004799,P004800
B000ARG1QK,B000ARG1QK-reworded
B0001LVB2O,B0001LVB2O-reworded
B0000A3YPY,B0000A3YPY-reworded
B00062MTIS,B00062MTIS-reworded
P006931,P006932
P00019627,P00019628
P020635,P020636
P00002803,P00002804
P022107,P022108
B00009EQ2X,B00009EQ2X-reworded
P00016675,P00016676
P005171,P005172
P002031,P002032
P00004583,P00004584
P026599,P026600
P00009217,P00009218
B0001ZT1S6,B0001ZT1S6-reworded
P000875,P000876
b000o24l3q,http://www.google.com/base/feeds/snippets/9489728552695383239
P00000159,P00000160
P00018433,P00018434
B000GOSTLM,B000GOSTLM-reworded
P00004955,P00004956
P00002437,P00002438
B0002VN9EQ,B0002VN9EQ-reworded
P00007929,P00007930
P021091,P021092
P018899,P018900
P00001245,P00001246
P00005105,P00005106
B0006I5DZS,B0006I5DZS-reworded
B0007QN6C6,B0007QN6C6-reworded
35018,207900343
P00004595,P00004596
P014875,P014876
b000jx1kma,http://www.google.com/base/feeds/snippets/18356272944058818376
P008587,P008588
P026291,P026292
B000N594MM,B000N594MM-reworded
P00004819,P00004820
P005591,P005592
P000511,P000512
P00017199,P00017200
B00022OU7K,B00022OU7K-reworded
P005127,P005128
P00001839,P00001840
P001205,P001206
P00008199,P00008200
P00018225,P00018226
P001659,P001660
P006563,P006564
P00017159,P00017160
P00011737,P00011738
P012831,P012832
P00011605,P00011606
B000MX3S22,B000MX3S22-reworded
B0006IJIPY,B0006IJIPY-reworded
P00014383,P00014384
P00020097,P00020098
P00007185,P00007186
B0000C2UHD,B0000C2UHD-reworded
P002827,P002828
B0002VNN06,B0002VNN06-reworded
P00010041,P00010042
P00019561,P00019562
B0002X0OVK,B0002X0OVK-reworded
P025787,P025788
B000PL603K,B000PL603K-reworded
P00001053,P00001054
P00011307,P00011308
P007211,P007212
P00003135,P00003136
P00000867,P00000868
P00001473,P00001474
P011159,P011160
B0002OS6Y6,B0002OS6Y6-reworded
P008459,P008460
P00013373,P00013374
P00021051,P00021052
P00003111,P00003112
B000OZD5JY,B000OZD5JY-reworded
B000H92ZLG,B000H92ZLG-reworded
b000k5uxys,http://www.google.com/base/feeds/snippets/5935343405881149008
P002583,P002584
P000695,P000696
P00007603,P00007604
34021,207652056
P008651,P008652
P000081,P000082
33444,207667995
P012403,P012404
P00001833,P00001834
P00015559,P00015560
P008403,P008404
P020695,P020696
P00002509,P00002510
P026167,P026168
P00003393,P00003394
P00010931,P00010932
P00012031,P00012032
P00015943,P00015944
32488,206179525
P016523,P016524
P001065,P001066
B000147W7O,B000147W7O-reworded
B000086710,B000086710-reworded
P00010717,P00010718
P00013417,P00013418
P00011227,P00011228
8120805305,8120805305-reworded
P00001507,P00001508
P004255,P004256
B000RTSW04,B000RTSW04-reworded
P001343,P001344
P00015551,P00015552
b000ozia62,http://www.google.com/base/feeds/snippets/648205874217332044
P002155,P002156
P002935,P002936
P00013821,P00013822
P00020933,P00020934
P000327,P000328
21182,202486964
P00001433,P00001434
b000hlt55i,http://www.google.com/base/feeds/snippets/17411408037622367354
b0002ibeve,http://www.google.com/base/feeds/snippets/3360196621571367222
P00000533,P00000534
P00007875,P00007876
P00000211,P00000212
P025987,P025988
P00002453,P00002454
P015779,P015780
B00066ZWU6,B00066ZWU6-reworded
P005391,P005392
P008791,P008792
b000bgtvda,http://www.google.com/base/feeds/snippets/18378932841147152966
B0009UEA3Y,B0009UEA3Y-reworded
P018951,P018952
P025403,P025404
P00001181,P00001182
P002699,P002700
P000969,P000970
P011855,P011856
P026327,P026328
P00019547,P00019548
P025447,P025448
B000P0SILS,B000P0SILS-reworded
B0009I5Q52,B0009I5Q52-reworded
P002331,P002332
B000FA8UGQ,B000FA8UGQ-reworded
38880,210634626
P00010089,P00010090
P00008979,P00008980
P00006385,P00006386
B0002OQCJ2,B0002OQCJ2-reworded
B0006L0HIS,B0006L0HIS-reworded
P00004795,P00004796
P00013079,P00013080
P002727,P002728
P00011115,P00011116
P00000697,P00000698
B00030ISRE,B00030ISRE-reworded
P00003831,P00003832
35054,202784218
P00007127,P00007128
B000F74ML6,B000F74ML6-reworded
P00016401,P00016402
P00001413,P00001414
P00001097,P00001098
P023551,P023552
B000215DOU,B000215DOU-reworded
B0002NYTUW,B0002NYTUW-reworded
B002N5L4W8,B002N5L4W8-reworded
P008391,P008392
P018927,P018928
P003571,P003572
P010071,P010072
P006623,P006624
P019863,P019864
P001575,P001576
B0008G21L2,B0008G21L2-reworded
b0001wn16m,http://www.google.com/base/feeds/snippets/18396633258112051350
B000JTB67I,B000JTB67I-reworded
35194,208504297
P001449,P001450
P00000341,P00000342
P019543,P019544
P00010221,P00010222
b0001bg5gq,http://www.google.com/base/feeds/snippets/11618158047568311763
P00004367,P00004368
P00006907,P00006908
P00017641,P00017642
b000aqvrry,http://www.google.com/base/feeds/snippets/16846135635145492175
B0002M1ASM,B0002M1ASM-reworded
P00006429,P00006430
b00006gxbz,http://www.google.com/base/feeds/snippets/3767792591229692245
B0001H08DG,B0001H08DG-reworded
P008015,P008016
P00005267,P00005268
P020339,P020340
P001455,P001456
B0038YX74G,B0038YX74G-reworded
8060,90105056
P00005739,P00005740
B00014DYWQ,B00014DYWQ-reworded
B0000C3DZA,B0000C3DZA-reworded
P00013333,P00013334
P018623,P018624
B0001YRNLO,B0001YRNLO-reworded
P004731,P004732
P00001967,P00001968
B000M4HFIY,B000M4HFIY-reworded
P013199,P013200
B000KM5O68,B000KM5O68-reworded
B0009PCTTQ,B0009PCTTQ-reworded
P00020071,P00020072
P00010513,P00010514
P001473,P001474
P00002763,P00002764
P008127,P008128
b000e13es0,http://www.google.com/base/feeds/snippets/16987363527577090531
P00003801,P00003802
P00019379,P00019380
P00007475,P00007476
P023695,P023696
P004131,P004132
B000MVJBQ6,B000MVJBQ6-reworded
B0002BH5KA,B0002BH5KA-reworded
P00019831,P00019832
P001183,P001184
b000051sgq,http://www.google.com/base/feeds/snippets/17588771746186862436
37331,207686317
P00006009,P00006010
P007859,P007860
P009183,P009184
B00011QDZO,B00011QDZO-reworded
P00001349,P00001350
P00015033,P00015034
b000bu7u48,http://www.google.com/base/feeds/snippets/16694806128312036500
P005239,P005240
P00020063,P00020064
P000539,P000540
B000B7P840,B000B7P840-reworded
P010063,P010064
P00018025,P00018026
P00004281,P00004282
P00001019,P00001020
P00002087,P00002088
P011959,P011960
B000H12PIW,B000H12PIW-reworded
P00008805,P00008806
P00010627,P00010628
P00008901,P00008902
B0001NJSK4,B0001NJSK4-reworded
P00012289,P00012290
P00000171,P00000172
P005643,P005644
P00016381,P00016382
P00006319,P00006320
P00000915,P00000916
P00009699,P00009700
21875,201700823
P00002277,P00002278
P015391,P015392
P004955,P004956
P00008661,P00008662
P00001767,P00001768
P023947,P023948
20454,201692648
P00012825,P00012826
P00014071,P00014072
B0002OUS06,B0002OUS06-reworded
P00001373,P00001374
P00003535,P00003536
b000k67vss,http://www.google.com/base/feeds/snippets/13970926731293955146
P001703,P001704
P00018991,P00018992
P00005661,P00005662
P000319,P000320
P00008907,P00008908
b000ea9u2a,http://www.google.com/base/feeds/snippets/11826796220164615935
P024519,P024520
P00014473,P00014474
P00004237,P00004238
33510,205516750
P00020655,P00020656
P00007857,P00007858
P00014715,P00014716
P003671,P003672
P00011875,P00011876
P000439,P000440
P008059,P008060
P00001273,P00001274
P005487,P005488
P00009513,P00009514
b000eu10wi,http://www.google.com/base/feeds/snippets/7587316869277129977
P00010447,P00010448
P00019691,P00019692
b0002dlrru,http://www.google.com/base/feeds/snippets/18363181454550367129
B000BNJXS6,B000BNJXS6-reworded
P015663,P015664
P005307,P005308
P00012987,P00012988
B00009N7ON,B00009N7ON-reworded
b0002yiuns,http://www.google.com/base/feeds/snippets/17602054056835540213
P00015845,P00015846
P018363,P018364
P021479,P021480
P00019247,P00019248
P021679,P021680
P00006961,P00006962
B0002VNT78,B0002VNT78-reworded
P00003689,P00003690
P00014741,P00014742
P000677,P000678
P00003101,P00003102
P002835,P002836
P00008799,P00008800
P00011421,P00011422
P00019473,P00019474
B0000AWYDF,B0000AWYDF-reworded
B00097AK0O,B00097AK0O-reworded
33997,207390717
P025871,P025872
P00006413,P00006414
P004683,P004684
B000MSABY0,B000MSABY0-reworded
P00020179,P00020180
P00013621,P00013622
B000ARJMYS,B000ARJMYS-reworded
P00017859,P00017860
B00012UVSI,B00012UVSI-reworded
P00012961,P00012962
B000N2WW7Y,B000N2WW7Y-reworded
b0007yepxc,http://www.google.com/base/feeds/snippets/16647647854444612501
P007335,P007336
P000183,P000184
P00004527,P00004528
P00019707,P00019708
P001767,P001768
B0001W12XQ,B0001W12XQ-reworded
b000exw51k,http://www.google.com/base/feeds/snippets/6804198758936861643
P007531,P007532
B000H85Q3G,B000H85Q3G-reworded
P00010393,P00010394
P018247,P018248
B000094W60,B000094W60-reworded
P00002827,P00002828
P00000117,P00000118
P00003859,P00003860
P000479,P000480
P00005375,P00005376
P001139,P001140
P00011179,P00011180
b000hc0lw8,http://www.google.com/base/feeds/snippets/16573354058682977088
P003143,P003144
P021751,P021752
P023619,P023620
B000NI8QNC,B000NI8QNC-reworded
B0011CW4L4,B0011CW4L4-reworded
P00011313,P00011314
P00007667,P00007668
P00000139,P00000140
P013575,P013576
P022835,P022836
b000q71qqy,http://www.google.com/base/feeds/snippets/17293813878683470763
P00013779,P00013780
P000901,P000902
P025783,P025784
P00007659,P00007660
P025363,P025364
P00010577,P00010578
P00002965,P00002966
P00020385,P00020386
P00009325,P00009326
P001711,P001712
P003227,P003228
b000hlp5w0,http://www.google.com/base/feeds/snippets/15030217405491356248
P00019683,P00019684
P00020037,P00020038
B0001ZNZT2,B0001ZNZT2-reworded
P021103,P021104
B00008659I,B00008659I-reworded
P00008833,P00008834
P00001069,P00001070
P018551,P018552
P00017763,P00017764
P021587,P021588
P021211,P021212
P00002615,P00002616
P00007425,P00007426
b000bcicr0,http://www.google.com/base/feeds/snippets/17392222800642377551
P001263,P001264
B000M4MJBW,B000M4MJBW-reworded
B00019P924,B00019P924-reworded
B000JFS6QG,B000JFS6QG-reworded
B0006NMB2Q,B0006NMB2Q-reworded
b000lu89xy,http://www.google.com/base/feeds/snippets/13831527178214062853
P015447,P015448
P00003489,P00003490
P00008373,P00008374
P00002205,P00002206
P00016915,P00016916
P007903,P007904
P00001191,P00001192
P00000561,P00000562
P003891,P003892
P014599,P014600
P00004921,P00004922
19132,202778315
B0002YO8MK,B0002YO8MK-reworded
B0001YY4D4,B0001YY4D4-reworded
P007119,P007120
P011535,P011536
b00066dd5m,http://www.google.com/base/feeds/snippets/949436197920820923
P00001621,P00001622
P008431,P008432
P00015641,P00015642
P00008603,P00008604
P00003117,P00003118
B0000864PZ,B0000864PZ-reworded
P008851,P008852
P020063,P020064
P022311,P022312
P015807,P015808
P00007411,P00007412
P018435,P018436
P014951,P014952
P00001403,P00001404
P014987,P014988
P00020235,P00020236
B0001YIXX6,B0001YIXX6-reworded
0060231661,0060231661-reworded
B0000C396E,B0000C396E-reworded
P017579,P017580
P00014757,P00014758
b000cp4ja0,http://www.google.com/base/feeds/snippets/3040037286169376262
P00019179,P00019180
P006671,P006672
B000OZE5C0,B000OZE5C0-reworded
P002767,P002768
B000N9YIQU,B000N9YIQU-reworded
P00019487,P00019488
P021555,P021556
B0001NM4AU,B0001NM4AU-reworded
P024039,P024040
P010927,P010928
P001639,P001640
P00014019,P00014020
B0000869HZ,B0000869HZ-reworded
P011755,P011756
P005799,P005800
P00004449,P00004450
B0002A5NQO,B0002A5NQO-reworded
P00003883,P00003884
P001419,P001420
B0002TRU9S,B0002TRU9S-reworded
P007319,P007320
P000351,P000352
P006975,P006976
P00000661,P00000662
P00020337,P00020338
36862,208342520
P007295,P007296
P00007797,P00007798
P00005207,P00005208
B0001YR4PE,B0001YR4PE-reworded
P013823,P013824
P00000785,P00000786
B0009HN7R2,B0009HN7R2-reworded
P008643,P008644
B0007CNY54,B0007CNY54-reworded
B000I4VCQ4,B000I4VCQ4-reworded
B000PDFUB6,B000PDFUB6-reworded
P026403,P026404
P006483,P006484
P00015409,P00015410
B00069IOXK,B00069IOXK-reworded
18970,202045862
B000B66ONK,B000B66ONK-reworded
B0002RH07M,B0002RH07M-reworded
P00007983,P00007984
P002963,P002964
b000ub66ha,http://www.google.com/base/feeds/snippets/15897742829993345210
P00000111,P00000112
P021403,P021404
P017307,P017308
P013003,P013004
B00062MTKG,B00062MTKG-reworded
B000BTQVGC,B000BTQVGC-reworded
P015311,P015312
B0009HALSA,B0009HALSA-reworded
P00005921,P00005922
P00021035,P00021036
b00009k780,http://www.google.com/base/feeds/snippets/17261970023689791051
B0007YPEA0,B0007YPEA0-reworded
B0002VZAFM,B0002VZAFM-reworded
b000iz8vqw,http://www.google.com/base/feeds/snippets/3000347833164648276
P003243,P003244
P00019347,P00019348
P00020537,P00020538
P00017983,P00017984
P00000279,P00000280
B0002F3ULY,B0002F3ULY-reworded
B0009V5Y0G,B0009V5Y0G-reworded
P00009817,P00009818
B00062YTZ4,B00062YTZ4-reworded
P001903,P001904
B0002OXTMK,B0002OXTMK-reworded
P00003925,P00003926
B0000C3ECX,B0000C3ECX-reworded
P00004495,P00004496
P00002393,P00002394
P00018727,P00018728
P016719,P016720
P006507,P006508
P00016697,P00016698
P00017493,P00017494
P005903,P005904
P001733,P001734
P00017985,P00017986
P013163,P013164
B0000AHS37,B0000AHS37-reworded
B00062NPKE,B00062NPKE-reworded
P00012139,P00012140
P00002715,P00002716
P026439,P026440
B0001YRNKU,B0001YRNKU-reworded
B000J6BZ1S,B000J6BZ1S-reworded
B00022EJTY,B00022EJTY-reworded
P00018819,P00018820
B000FA3D4K,B000FA3D4K-reworded
31836,205844265
P00002499,P00002500
0865435642,0865435642-reworded
B00000JBLW,B00000JBLW-reworded
P015171,P015172
P001635,P001636
P00014555,P00014556
P00016597,P00016598
P006535,P006536
P00009741,P00009742
P00018725,P00018726
P00001567,P00001568
P013331,P013332
B000P544IY,B000P544IY-reworded
P009359,P009360
b000ndid62,http://www.google.com/base/feeds/snippets/14736350815466474940
P00012239,P00012240
P001685,P001686
P00015337,P00015338
34151,206854516
P00011587,P00011588
P005015,P005016
P00000257,P00000258
B000HTPTAU,B000HTPTAU-reworded
b0002w37x8,http://www.google.com/base/feeds/snippets/18444171148464728826
P00013379,P00013380
P023343,P023344
P00019051,P00019052
P00009945,P00009946
P000707,P000708
b000i82j80,http://www.google.com/base/feeds/snippets/6054765746746674194
P00001127,P00001128
P00005753,P00005754
P00001687,P00001688
P015295,P015296
38726,204080936
P020423,P020424
P00004005,P00004006
P025451,P025452
P00004959,P00004960
P001967,P001968
b000tdgyks,http://www.google.com/base/feeds/snippets/17686732625070159576
B0002VNDII,B0002VNDII-reworded
B0001YRYQI,B0001YRYQI-reworded
P00003599,P00003600
P00012403,P00012404
P00014963,P00014964
P007787,P007788
b000bi641a,http://www.google.com/base/feeds/snippets/8050920942672245174
29829,205664964
P023643,P023644
P00004409,P00004410
B0001YRJ36,B0001YRJ36-reworded
P020095,P020096
P00015557,P00015558
P00011479,P00011480
P00010937,P00010938
P000689,P000690
P000225,P000226
P008995,P008996
P000383,P000384
P00017929,P00017930
38008,210227271
P011411,P011412
P017631,P017632
P025331,P025332
b000bgtv80,http://www.google.com/base/feeds/snippets/10623432141570708774
P00013561,P00013562
P007203,P007204
P00004817,P00004818
B000J3IM1W,B000J3IM1W-reworded
P00009231,P00009232
P009275,P009276
P002955,P002956
P00008693,P00008694
P022167,P022168
P00001713,P00001714
P00000051,P00000052
37139,208893658
34258,206888011
P026451,P026452
P026175,P026176
B000GTFR3U,B000GTFR3U-reworded
P000243,P000244
P00016741,P00016742
B0000WLFI4,B0000WLFI4-reworded
B00005AR2V,B00005AR2V-reworded
B0006UZUZO,B0006UZUZO-reworded
P024391,P024392
B000IZOIOG,B000IZOIOG-reworded
b000tl4qb4,http://www.google.com/base/feeds/snippets/1949229857064458441
P00012411,P00012412
33220,208653767
B0000C2OQB,B0000C2OQB-reworded
B0002XT88A,B0002XT88A-reworded
P00016617,P00016618
29906,202139744
P005891,P005892
P00005411,P00005412
P026515,P026516
P00002543,P00002544
35334,208504396
P021259,P021260
P004023,P004024
P000433,P000434
P00008471,P00008472
38587,208937347
P00010311,P00010312
P009279,P009280
P023723,P023724
P00015881,P00015882
P00013817,P00013818
b0007prnjo,http://www.google.com/base/feeds/snippets/18434733520229761009
b000ga99ry,http://www.google.com/base/feeds/snippets/13264093951540339583
P009355,P009356
P004803,P004804
B0000WLFT8,B0000WLFT8-reworded
B0000C39I7,B0000C39I7-reworded
P00017461,P00017462
P00006077,P00006078
P00007435,P00007436
P008171,P008172
P00015667,P00015668
B000Q0QEZ4,B000Q0QEZ4-reworded
P00004897,P00004898
P00017949,P00017950
P00005613,P00005614
36295,90128026
P00002475,P00002476
B000QSCOXM,B000QSCOXM-reworded
P00012949,P00012950
P00017183,P00017184
P00004639,P00004640
P00010953,P00010954
28980,204559211
34004,207652055
P00006331,P00006332
P000599,P000600
P00011495,P00011496
P00012311,P00012312
P00019613,P00019614
B0006562F6,B0006562F6-reworded
P023915,P023916
B0000864SJ,B0000864SJ-reworded
P025143,P025144
B000ND5DOC,B000ND5DOC-reworded
P00018439,P00018440
P00010343,P00010344
P025687,P025688
P00001905,P00001906
P007503,P007504
P00009345,P00009346
B0002X25U8,B0002X25U8-reworded
B000FE3F6M,B000FE3F6M-reworded
P00019699,P00019700
P00015579,P00015580
P001705,P001706
B000PK4AME,B000PK4AME-reworded
P001803,P001804
P00010335,P00010336
P00013095,P00013096
B000056N96,B000056N96-reworded
P012539,P012540
P00002591,P00002592
B0000AFRVB,B0000AFRVB-reworded
B0002VNINS,B0002VNINS-reworded
P021883,P021884
P00002451,P00002452
P00013959,P00013960
P019263,P019264
P017535,P017536
b000qxd2tm,http://www.google.com/base/feeds/snippets/17972160650826336548
P00006027,P00006028
P000827,P000828
P003399,P003400
16774,90139860
P024911,P024912
P00009507,P00009508
P00004357,P00004358
30389,202813304
P00006817,P00006818
B000207J5W,B000207J5W-reworded
B000LHIZIG,B000LHIZIG-reworded
P00001293,P00001294
P00006915,P00006916
B0000YDTB8,B0000YDTB8-reworded
P00003823,P00003824
P00013933,P00013934
B00030ITF0,B00030ITF0-reworded
33280,206808434
P00015369,P00015370
33601,204558176
P020835,P020836
P00013325,P00013326
34119,207514567
P00012045,P00012046
P00006327,P00006328
P011751,P011752
P020039,P020040
P00010201,P00010202
P00007623,P00007624
b0007yepyg,http://www.google.com/base/feeds/snippets/14284530408597272725
P00019743,P00019744
P00002565,P00002566
P006639,P006640
P00004765,P00004766
B000HJPDKQ,B000HJPDKQ-reworded
P00000783,P00000784
P00015843,P00015844
P00015461,P00015462
B0001B9DNI,B0001B9DNI-reworded
P004119,P004120
B000E3E4GO,B000E3E4GO-reworded
B000ABSRTK,B000ABSRTK-reworded
P026179,P026180
B0000861QC,B0000861QC-reworded
B00008JQPR,B00008JQPR-reworded
B000OZE5TI,B000OZE5TI-reworded
P002991,P002992
B00076IV58,B00076IV58-reworded
P009259,P009260
P00011089,P00011090
P000403,P000404
P00019877,P00019878
P015523,P015524
P010679,P010680
P00016895,P00016896
P024683,P024684
P004343,P004344
B000GLZVT8,B000GLZVT8-reworded
P003839,P003840
P014899,P014900
B0002I7ZD0,B0002I7ZD0-reworded
B000FLAXRO,B000FLAXRO-reworded
P00003677,P00003678
P00001159,P00001160
P009971,P009972
P000959,P000960
P00014795,P00014796
B0002VMLQI,B0002VMLQI-reworded
P005983,P005984
B00023KM5I,B00023KM5I-reworded
P005759,P005760
P024763,P024764
P000571,P000572
P00008673,P00008674
P016783,P016784
P006443,P006444
P00008469,P00008470
b0006g2zce,http://www.google.com/base/feeds/snippets/16821958940203637711
P00020379,P00020380
B0000C3G6K,B0000C3G6K-reworded
P00009329,P00009330
P007027,P007028
P00016235,P00016236
P000431,P000432
P010911,P010912
P000489,P000490
P021367,P021368
B000HKQS1S,B000HKQS1S-reworded
P00001779,P00001780
B000JVG2XE,B000JVG2XE-reworded
P00018703,P00018704
P00004697,P00004698
28978,204519849
P005623,P005624
B000CNQRUC,B000CNQRUC-reworded
33645,206928607
B000K9QO1A,B000K9QO1A-reworded
P011999,P012000
P00011989,P00011990
B0001W13US,B0001W13US-reworded
B000E7P57C,B000E7P57C-reworded
P00020541,P00020542
P011447,P011448
P00006401,P00006402
P00015953,P00015954
P00006715,P00006716
B000783OEO,B000783OEO-reworded
B000LGDI3Y,B000LGDI3Y-reworded
P00000425,P00000426
b00007kh02,http://www.google.com/base/feeds/snippets/4749954713094759082
B0002XSU1Q,B0002XSU1Q-reworded
P016051,P016052
P00007773,P00007774
P00001977,P00001978
33948,207391018
P00003643,P00003644
P00003953,P00003954
b000pihtbk,http://www.google.com/base/feeds/snippets/18037480601440105621
B000AETM1E,B000AETM1E-reworded
B000EXUB52,B000EXUB52-reworded
B0006NLCNA,B0006NLCNA-reworded
P017487,P017488
P00015429,P00015430
P00014643,P00014644
P00000437,P00000438
P003575,P003576
P00011637,P00011638
P00004823,P00004824
P014647,P014648
B0002VNQNU,B0002VNQNU-reworded
P001955,P001956
P00009687,P00009688
B0002YO2MQ,B0002YO2MQ-reworded
B0001X8QW0,B0001X8QW0-reworded
P00007363,P00007364
B0002KTB58,B0002KTB58-reworded
B000L4K9A6,B000L4K9A6-reworded
P00019671,P00019672
P00018449,P00018450
B000IHLELE,B000IHLELE-reworded
P00000151,P00000152
P00008903,P00008904
b0007l9ecw,http://www.google.com/base/feeds/snippets/5363123129666342202
B0002XSU2A,B0002XSU2A-reworded
B000E0ED90,B000E0ED90-reworded
P017747,P017748
P00001921,P00001922
P00007089,P00007090
P00016389,P00016390
B000PWCAOW,B000PWCAOW-reworded
P015175,P015176
P013359,P013360
B0002YOF5A,B0002YOF5A-reworded
34091,207686156
P020763,P020764
P00001801,P00001802
B000EGREW2,B000EGREW2-reworded
P00016225,P00016226
P00013217,P00013218
B000R36DDS,B000R36DDS-reworded
B00026IEBO,B00026IEBO-reworded
P004575,P004576
P001041,P001042
P00016229,P00016230
1402206194,1402206194-reworded
B0002VNJ8W,B0002VNJ8W-reworded
B000147M1K,B000147M1K-reworded
B000OZC78E,B000OZC78E-reworded
P000443,P000444
b000h16p9w,http://www.google.com/base/feeds/snippets/10330893806550846255
P00018793,P00018794
P004139,P004140
P00008279,P00008280
B0007CKOHU,B0007CKOHU-reworded
P00007783,P00007784
P003355,P003356
P00020353,P00020354
P00006935,P00006936
B00066ZHEW,B00066ZHEW-reworded
P00010091,P00010092
P008707,P008708
P00005397,P00005398
P017475,P017476
P00006345,P00006346
b000ezmxcy,http://www.google.com/base/feeds/snippets/17440820469218114890
B00001ZUMI,B00001ZUMI-reworded
P00016847,P00016848
P00003619,P00003620
P012571,P012572
B0002FHIXK,B0002FHIXK-reworded
B0001EKI16,B0001EKI16-reworded
P00000589,P00000590
32395,206745972
B0001X9HMS,B0001X9HMS-reworded
P00002687,P00002688
P021495,P021496
P00012039,P00012040
P026655,P026656
P00005633,P00005634
P022667,P022668
P007527,P007528
P00006619,P00006620
b000lff13k,http://www.google.com/base/feeds/snippets/17709309145330542949
P00006131,P00006132
P00010631,P00010632
P00016367,P00016368
B000FIA2Y6,B000FIA2Y6-reworded
b0007iqg3a,http://www.google.com/base/feeds/snippets/16894460490935798232
P000821,P000822
P00001317,P00001318
P00002899,P00002900
B0000C1DO3,B0000C1DO3-reworded
P00019655,P00019656
P009667,P009668
P00016579,P00016580
B000B50L1W,B000B50L1W-reworded
B0002NZC3A,B0002NZC3A-reworded
B0002QVBUU,B0002QVBUU-reworded
P007215,P007216
B000LR8JJ6,B000LR8JJ6-reworded
B0000WLH0A,B0000WLH0A-reworded
P00002053,P00002054
P00004471,P00004472
P00004453,P00004454
P00005837,P00005838
P000407,P000408
P00003083,P00003084
P00018317,P00018318
P00017173,P00017174
P00013267,P00013268
P00018841,P00018842
P00002347,P00002348
P00010773,P00010774
P00004561,P00004562
P00002711,P00002712
P00005215,P00005216
P007455,P007456
B0000AJK1E,B0000AJK1E-reworded
B000072TX6,B000072TX6-reworded
P004815,P004816
P00001227,P00001228
P001637,P001638
31924,206356232
B000E3FMFG,B000E3FMFG-reworded
P023615,P023616
P021439,P021440
P00010847,P00010848
B000BU7XZO,B000BU7XZO-reworded
P00012657,P00012658
P00008593,P00008594
P019203,P019204
P022179,P022180
P00010951,P00010952
B000O31VUQ,B000O31VUQ-reworded
34708,208186248
P00000017,P00000018
P001839,P001840
B00014770G,B00014770G-reworded
P00004785,P00004786
P002183,P002184
P00011025,P00011026
P00017163,P00017164
B0000865TD,B0000865TD-reworded
P00020753,P00020754
B0007CKIFI,B0007CKIFI-reworded
P00013209,P00013210
P00003075,P00003076
P00007805,P00007806
37039,208504461
P00004139,P00004140
P00013021,P00013022
P00020061,P00020062
P021047,P021048
P000907,P000908
P006467,P006468
P002215,P002216
P00009905,P00009906
P00006685,P00006686
B00064LTPU,B00064LTPU-reworded
b0000c7gep,http://www.google.com/base/feeds/snippets/18433413888105089937
P00020051,P00020052
P007791,P007792
B0000CBXH3,B0000CBXH3-reworded
P00000895,P00000896
P002095,P002096
P021919,P021920
P00003437,P00003438
P00003701,P00003702
P018191,P018192
P022067,P022068
P00014161,P00014162
P010379,P010380
P00004759,P00004760
P00006567,P00006568
P003395,P003396
P010415,P010416
P00000599,P00000600
P025147,P025148
P004695,P004696
P017183,P017184
34609,207543190
37254,209199789
34127,203165922
P016595,P016596
b00009nfc1,http://www.google.com/base/feeds/snippets/4441393199380874556
P00010355,P00010356
P008375,P008376
P00016317,P00016318
P00011463,P00011464
P016171,P016172
P00007069,P00007070
P00002059,P00002060
P003063,P003064
P00012211,P00012212
P00009593,P00009594
P00018801,P00018802
P014867,P014868
B000695J8S,B000695J8S-reworded
B0009GDC1Y,B0009GDC1Y-reworded
B000EG1RJI,B000EG1RJI-reworded
P023243,P023244
P00011189,P00011190
P000157,P000158
b0006vc3vc,http://www.google.com/base/feeds/snippets/13235146651353177601
P00018713,P00018714
B0006LBXUE,B0006LBXUE-reworded
B000078OOH,B000078OOH-reworded
B000JZ9UR0,B000JZ9UR0-reworded
P00007909,P00007910
P018583,P018584
P00005155,P00005156
P00014083,P00014084
P017267,P017268
P021387,P021388
P019759,P019760
P00007519,P00007520
P00003327,P00003328
P00012527,P00012528
P00008241,P00008242
P00000771,P00000772
B000F8HGKY,B000F8HGKY-reworded
P000383,P000384
B0000CCR84,B0000CCR84-reworded
P00000703,P00000704
P00002793,P00002794
B0002M3VOI,B0002M3VOI-reworded
P00005505,P00005506
P003627,P003628
P00002489,P00002490
B000E0EDNG,B000E0EDNG-reworded
P024127,P024128
P003851,P003852
P00020215,P00020216
P00018685,P00018686
P018963,P018964
P026663,P026664
P00010653,P00010654
P007019,P007020
P021707,P021708
33640,206928606
B000P0TG46,B000P0TG46-reworded
B000FNEX50,B000FNEX50-reworded
P00000953,P00000954
P00003115,P00003116
P009931,P009932
P00001429,P00001430
P00002533,P00002534
P00007763,P00007764
P008011,P008012
P00003699,P00003700
P00009715,P00009716
b000ehs6gy,http://www.google.com/base/feeds/snippets/14188088676549374410
P015183,P015184
P016515,P016516
P002903,P002904
P011583,P011584
P00014749,P00014750
P00012173,P00012174
B0007Y72EG,B0007Y72EG-reworded
P00020189,P00020190
P00015085,P00015086
P00002939,P00002940
P00017179,P00017180
P003259,P003260
B0002COCLO,B0002COCLO-reworded
P001159,P001160
B0002OQIK0,B0002OQIK0-reworded
P00007003,P00007004
B0000E5MML,B0000E5MML-reworded
P00000311,P00000312
P00006033,P00006034
P00013695,P00013696
B000LH2ZVO,B000LH2ZVO-reworded
b0000dbykm,http://www.google.com/base/feeds/snippets/18434163358494173665
35011,208117936
B000P307L4,B000P307L4-reworded
B0000CBXEL,B0000CBXEL-reworded
P00017681,P00017682
P00017691,P00017692
P00019289,P00019290
P022211,P022212
P00010893,P00010894
P00018907,P00018908
P005523,P005524
P008151,P008152
B0009HGVWK,B0009HGVWK-reworded
P002687,P002688
P00005891,P00005892
b0000696oh,http://www.google.com/base/feeds/snippets/18180725296745787083
P00017145,P00017146
b000fovsei,http://www.google.com/base/feeds/snippets/11117774223029062148
P00012379,P00012380
B000179WRE,B000179WRE-reworded
P00008525,P00008526
P00016415,P00016416
B000148EBW,B000148EBW-reworded
P00012103,P00012104
P00005429,P00005430
P001621,P001622
B000FHQJ58,B000FHQJ58-reworded
39039,210490135
P00013929,P00013930
P00007079,P00007080
B0000891JE,B0000891JE-reworded
37589,209085184
P000693,P000694
P00006905,P00006906
P00002571,P00002572
B0001NJSMC,B0001NJSMC-reworded
b000frs492,http://www.google.com/base/feeds/snippets/10728844449163351151
B0006HJ8GE,B0006HJ8GE-reworded
38873,210399907
b0002z8a1o,http://www.google.com/base/feeds/snippets/18163685181387991761
P00017855,P00017856
P001695,P001696
P00015729,P00015730
P00005823,P00005824
P004055,P004056
P00009207,P00009208
B000BRDEQ4,B000BRDEQ4-reworded
B000922D72,B000922D72-reworded
B000277Y50,B000277Y50-reworded
P00006783,P00006784
P00017727,P00017728
P00002911,P00002912
P020499,P020500
P00017839,P00017840
B000P0TLIW,B000P0TLIW-reworded
B0000ZK63G,B0000ZK63G-reworded
b000pienlo,http://www.google.com/base/feeds/snippets/17138232112312322851
B0007QCRPI,B0007QCRPI-reworded
P00008003,P00008004
P00001455,P00001456
B000GEL88S,B000GEL88S-reworded
B0000C37NH,B0000C37NH-reworded
P005955,P005956
P011351,P011352
P00018283,P00018284
P00002307,P00002308
b000bsf1iw,http://www.google.com/base/feeds/snippets/1366247437960571613
25364,203201060
P00004535,P00004536
P00006187,P00006188
P023687,P023688
32875,202870173
P005755,P005756
P014555,P014556
P00014299,P00014300
b000krd3bq,http://www.google.com/base/feeds/snippets/17596883596074762243
P00008479,P00008480
P018547,P018548
P017227,P017228
P002267,P002268
P004151,P004152
P00019995,P00019996
P015747,P015748
P022963,P022964
P001539,P001540
P00011953,P00011954
P005223,P005224
P005379,P005380
P001887,P001888
P00001043,P00001044
P00006661,P00006662
P013523,P013524
B000K9EWTQ,B000K9EWTQ-reworded
B0000AWYL2,B0000AWYL2-reworded
B0002YIAO2,B0002YIAO2-reworded
P00003143,P00003144
P00020453,P00020454
P024019,P024020
B0000DCS7Y,B0000DCS7Y-reworded
P007587,P007588
b0000c7fpt,http://www.google.com/base/feeds/snippets/17175991674191849246
P012047,P012048
B0002NYQBE,B0002NYQBE-reworded
P00010407,P00010408
33670,206917814
P000543,P000544
B000BYFNVQ,B000BYFNVQ-reworded
P00004941,P00004942
b000b6oboo,http://www.google.com/base/feeds/snippets/12418972562708861095
B000F76PMK,B000F76PMK-reworded
B000OZGCAI,B000OZGCAI-reworded
P00000133,P00000134
P00004589,P00004590
P007919,P007920
P00000295,P00000296
P00007499,P00007500
P011479,P011480
P00005939,P00005940
P00010209,P00010210
P025227,P025228
P000035,P000036
P00019875,P00019876
P00007683,P00007684
b000i8thy4,http://www.google.com/base/feeds/snippets/17810980474859468457
B000MX8ZEI,B000MX8ZEI-reworded
P00006831,P00006832
P007263,P007264
P026251,P026252
b000bwbtwu,http://www.google.com/base/feeds/snippets/6205544377126393085
P00014175,P00014176
P00001577,P00001578
P000623,P000624
P00019329,P00019330
P00020917,P00020918
P003679,P003680
b000o27qfq,http://www.google.com/base/feeds/snippets/14054232840925252286
P00018837,P00018838
P007927,P007928
B000N5GV8M,B000N5GV8M-reworded
b00099xdpq,http://www.google.com/base/feeds/snippets/9660795325358759539
P00020931,P00020932
P006823,P006824
B0009YRUP0,B0009YRUP0-reworded
b000bcgfe2,http://www.google.com/base/feeds/snippets/6801077797933253662
P011911,P011912
P004379,P004380
b000ezp0n8,http://www.google.com/base/feeds/snippets/17907379108807127194
P013579,P013580
P00019237,P00019238
P024727,P024728
b000pijszk,http://www.google.com/base/feeds/snippets/18054567164113625813
P00007097,P00007098
B000F64VUE,B000F64VUE-reworded
P00018101,P00018102
P008795,P008796
B0007QMN3O,B0007QMN3O-reworded
36169,205691190
P00014909,P00014910
P007543,P007544
P004075,P004076
P022855,P022856
B000XRLDY2,B000XRLDY2-reworded
B000MRS2JM,B000MRS2JM-reworded
P005467,P005468
P00017291,P00017292
P010931,P010932
P00002935,P00002936
P019139,P019140
P000613,P000614
P00019653,P00019654
P00012879,P00012880
P00004199,P00004200
B00066PGAM,B00066PGAM-reworded
P00013881,P00013882
P007347,P007348
P00019039,P00019040
P009151,P009152
B00078RO5O,B00078RO5O-reworded
B000EDA8PU,B000EDA8PU-reworded
b000q6zk3a,http://www.google.com/base/feeds/snippets/18371419521576660155
P000883,P000884
P00008477,P00008478
P00001647,P00001648
B00064LTP0,B00064LTP0-reworded
B00066PB3O,B00066PB3O-reworded
P00002567,P00002568
B00015HKS4,B00015HKS4-reworded
B000CPNCPS,B000CPNCPS-reworded
0848804899,0848804899-reworded
P00001659,P00001660
P007971,P007972
P021111,P021112
P00005249,P00005250
B000NRX1HY,B000NRX1HY-reworded
P002707,P002708
P008283,P008284
b000o39qyo,http://www.google.com/base/feeds/snippets/17273913360738156669
P00008997,P00008998
P00011015,P00011016
P00016233,P00016234
P00020663,P00020664
P003643,P003644
P001331,P001332
P00008881,P00008882
P015715,P015716
P00001235,P00001236
B000GCPZ20,B000GCPZ20-reworded
P00017927,P00017928
P010647,P010648
P00015561,P00015562
B000ARW4CK,B000ARW4CK-reworded
B0000ZH9VS,B0000ZH9VS-reworded
P00013429,P00013430
P00009529,P00009530
B000BKQCZQ,B000BKQCZQ-reworded
P00017167,P00017168
P00011041,P00011042
P00015255,P00015256
P025827,P025828
P00011271,P00011272
P004751,P004752
P00014851,P00014852
P003815,P003816
B0002OUR98,B0002OUR98-reworded
P00020339,P00020340
P00010595,P00010596
P00005225,P00005226
P00007177,P00007178
P00010563,P00010564
P007391,P007392
P005331,P005332
P00012845,P00012846
B000P582BO,B000P582BO-reworded
P00004479,P00004480
P00017967,P00017968
P00001265,P00001266
B000M2LMY4,B000M2LMY4-reworded
P009159,P009160
P018063,P018064
P000647,P000648
P024815,P024816
P001279,P001280
P00018813,P00018814
b000h294mq,http://www.google.com/base/feeds/snippets/17383951289144054339
P00001903,P00001904
33921,207925431
B00062NR4I,B00062NR4I-reworded
P00011829,P00011830
P00016179,P00016180
P015579,P015580
B0000AJHYT,B0000AJHYT-reworded
P00020191,P00020192
P00019673,P00019674
P00006485,P00006486
P011827,P011828
B000BI5JFM,B000BI5JFM-reworded
P00014097,P00014098
B000GR25QO,B000GR25QO-reworded
P00017035,P00017036
P016815,P016816
b000jx29wa,http://www.google.com/base/feeds/snippets/18403866794415896226
P00008959,P00008960
P004959,P004960
P00002713,P00002714
P00011797,P00011798
P002751,P002752
P00020151,P00020152
P00013155,P00013156
P00016705,P00016706
P000885,P000886
B0001VJ2XY,B0001VJ2XY-reworded
P016899,P016900
P00009401,P00009402
P00009601,P00009602
P005587,P005588
P025211,P025212
P017115,P017116
b000hl1eie,http://www.google.com/base/feeds/snippets/10217306837122444015
P00003563,P00003564
P00000919,P00000920
P00006109,P00006110
P00010285,P00010286
P00020711,P00020712
P006175,P006176
B000M3KRY4,B000M3KRY4-reworded
P011295,P011296
P00020781,P00020782
36274,206870289
B000BXUND0,B000BXUND0-reworded
38474,10343605
P022679,P022680
P015883,P015884
P000963,P000964
P00012549,P00012550
P000345,P000346
P020579,P020580
P002883,P002884
P00010695,P00010696
P00004463,P00004464
P001675,P001676
P005963,P005964
P00013637,P00013638
P005835,P005836
P00015159,P00015160
P00004541,P00004542
P017243,P017244
B000H7GZIW,B000H7GZIW-reworded
P026623,P026624
P00001215,P00001216
P009907,P009908
P00014015,P00014016
P00008597,P00008598
P00000901,P00000902
P00012427,P00012428
36824,209306028
P00007737,P00007738
P00001711,P00001712
B00021UPA2,B00021UPA2-reworded
P00003757,P00003758
P007547,P007548
P00008755,P00008756
P022815,P022816
P00014343,P00014344
P020067,P020068
B0000A0MYW,B0000A0MYW-reworded
P00006339,P00006340
P00012111,P00012112
b00004ochi,http://www.google.com/base/feeds/snippets/2954833753751672874
B0000ZHCQK,B0000ZHCQK-reworded
P002023,P002024
B000IGAI9O,B000IGAI9O-reworded
B0005IB56A,B0005IB56A-reworded
P001999,P002000
B0000A7XPC,B0000A7XPC-reworded
37211,209310260
38777,204587960
P004723,P004724
P00020857,P00020858
b0000c4m1w,http://www.google.com/base/feeds/snippets/17149576701498164512
B000A8MS3O,B000A8MS3O-reworded
P000343,P000344
P00006419,P00006420
P00020561,P00020562
P00004245,P00004246
P006491,P006492
P019271,P019272
B0002YE00K,B0002YE00K-reworded
P00001617,P00001618
P00018909,P00018910
b000egmaj4,http://www.google.com/base/feeds/snippets/7247732872667648705
P016555,P016556
P00020647,P00020648
P000483,P000484
P025135,P025136
P00018871,P00018872
b000gcd6qc,http://www.google.com/base/feeds/snippets/17053187920066498620
P001477,P001478
P026375,P026376
B0000C3EHO,B0000C3EHO-reworded
b00097alks,http://www.google.com/base/feeds/snippets/4522979894661726264
P000645,P000646
20453,201692677
P00001131,P00001132
P00009369,P00009370
B0000C3E2G,B0000C3E2G-reworded
P00000757,P00000758
P025019,P025020
P00001381,P00001382
P00017021,P00017022
P00003063,P00003064
16758,90137168
P007195,P007196
P00011439,P00011440
P00007049,P00007050
P00019141,P00019142
P00020265,P00020266
P006779,P006780
P00001089,P00001090
P005911,P005912
34899,207959814
b000nkklwe,http://www.google.com/base/feeds/snippets/16700933768709687512
P00009209,P00009210
B0009GA74E,B0009GA74E-reworded
B000GHLFU6,B000GHLFU6-reworded
P00019367,P00019368
35201,208504318
B0000C3Y26,B0000C3Y26-reworded
P000995,P000996
P00010729,P00010730
P008823,P008824
P026659,P026660
P00006377,P00006378
P00004075,P00004076
P00006835,P00006836
P00001325,P00001326
B0001YRMZ6,B0001YRMZ6-reworded
B0009RCB88,B0009RCB88-reworded
P00018581,P00018582
P00015441,P00015442
P024591,P024592
P00020073,P00020074
P024543,P024544
B000NPVJ7A,B000NPVJ7A-reworded
P00004599,P00004600
P013595,P013596
P013815,P013816
B000196YI2,B000196YI2-reworded
B0000A09GW,B0000A09GW-reworded
P017683,P017684
P022715,P022716
P00010769,P00010770
P009039,P009040
B000H6VRZ4,B000H6VRZ4-reworded
P00019295,P00019296
P00015999,P00016000
P00014941,P00014942
P001039,P001040
P007031,P007032
P025519,P025520
P020259,P020260
P000935,P000936
b000gzy7oo,http://www.google.com/base/feeds/snippets/18207838499884290592
P00000689,P00000690
P006263,P006264
P00017745,P00017746
0446679569,0446679569-reworded
P000867,P000868
P003843,P003844
P00007911,P00007912
P00000225,P00000226
B000O3J9KU,B000O3J9KU-reworded
P007911,P007912
P022683,P022684
B000COXPJ2,B000COXPJ2-reworded
B000HGNNV0,B000HGNNV0-reworded
P00020243,P00020244
P00005287,P00005288
P023735,P023736
P020663,P020664
P023419,P023420
P00008375,P00008376
P00016073,P00016074
P009959,P009960
P00018739,P00018740
P024211,P024212
P00011379,P00011380
B000H8IKES,B000H8IKES-reworded
P00007391,P00007392
P00011725,P00011726
P00019183,P00019184
B0002MQRA8,B0002MQRA8-reworded
P00008367,P00008368
P00020553,P00020554
P00005697,P00005698
P018559,P018560
P00017519,P00017520
P016971,P016972
P00008029,P00008030
P026543,P026544
P014991,P014992
P00007345,P00007346
P00003995,P00003996
P00013613,P00013614
P00007341,P00007342
P001185,P001186
P00007973,P00007974
P00007555,P00007556
P003511,P003512
P00007527,P00007528
B0000AWKBS,B0000AWKBS-reworded
P00019445,P00019446
P001549,P001550
P012755,P012756
P000743,P000744
P005443,P005444
P000131,P000132
P004155,P004156
P003279,P003280
B000BKGVYI,B000BKGVYI-reworded
P00016487,P00016488
P019363,P019364
b000ogsgzq,http://www.google.com/base/feeds/snippets/8589080476501847235
P020519,P020520
P00019817,P00019818
P00007731,P00007732
P00006931,P00006932
P00003375,P00003376
b000in18nm,http://www.google.com/base/feeds/snippets/12354599434001970846
P015795,P015796
P000867,P000868
P000443,P000444
P00005639,P00005640
P00010725,P00010726
B0002OQDXM,B0002OQDXM-reworded
P00001963,P00001964
B0000WLGRO,B0000WLGRO-reworded
P004607,P004608
B000NIE2GW,B000NIE2GW-reworded
B000K2KA6W,B000K2KA6W-reworded
B0002MQR76,B0002MQR76-reworded
P00019123,P00019124
b000qgixde,http://www.google.com/base/feeds/snippets/18360307000127444765
B0007U06SY,B0007U06SY-reworded
P00008357,P00008358
B000CD2SGO,B000CD2SGO-reworded
P00000877,P00000878
P020183,P020184
P001383,P001384
P021135,P021136
P010947,P010948
P00017515,P00017516
P025179,P025180
P021363,P021364
P022367,P022368
b000hcz8gc,http://www.google.com/base/feeds/snippets/9807438286656285076
P025291,P025292
P000767,P000768
P004707,P004708
B0002YOF0K,B0002YOF0K-reworded
B0001YRX46,B0001YRX46-reworded
P00020415,P00020416
P008623,P008624
B000M9TM94,B000M9TM94-reworded
P005415,P005416
P00013213,P00013214
P00005803,P00005804
b000ihxad4,http://www.google.com/base/feeds/snippets/2854532146016566771
P00001479,P00001480
B0002H7LGW,B0002H7LGW-reworded
P004551,P004552
B000BN8UOY,B000BN8UOY-reworded
P00000371,P00000372
P00003269,P00003270
P00020123,P00020124
P00010989,P00010990
P013611,P013612
P00010309,P00010310
B00077AAM4,B00077AAM4-reworded
P012179,P012180
b00005birs,http://www.google.com/base/feeds/snippets/16816523477506304009
B000HCX5QW,B000HCX5QW-reworded
b000abapo0,http://www.google.com/base/feeds/snippets/2284939042076115226
P00018295,P00018296
P00016641,P00016642
P018263,P018264
P00019335,P00019336
P00019697,P00019698
P00019511,P00019512
P00009991,P00009992
P00000759,P00000760
P024691,P024692
P005867,P005868
B0000AWYD2,B0000AWYD2-reworded
35666,208289990
P00003179,P00003180
P001231,P001232
B00008I9E0,B00008I9E0-reworded
P00009835,P00009836
P00014703,P00014704
P00007037,P00007038
P00006099,P00006100
P003323,P003324
P009439,P009440
P003639,P003640
P004307,P004308
34624,207934191
P026727,P026728
B000P11C9M,B000P11C9M-reworded
P00009501,P00009502
P00003521,P00003522
P00010787,P00010788
P00016787,P00016788
P00003155,P00003156
P006827,P006828
P00001483,P00001484
29228,204793090
B000BFFXOW,B000BFFXOW-reworded
P025231,P025232
P00019779,P00019780
38346,208167531
P011163,P011164
b0001xnkp8,http://www.google.com/base/feeds/snippets/12656847251589121665
P00003501,P00003502
P00007795,P00007796
P025175,P025176
P00006343,P00006344
P00012381,P00012382
36029,202785722
B0007Y77OG,B0007Y77OG-reworded
B00062NSZ6,B00062NSZ6-reworded
P00019783,P00019784
P017935,P017936
B0000868Y3,B0000868Y3-reworded
P00011399,P00011400
B000P215RA,B000P215RA-reworded
B00027EUYI,B00027EUYI-reworded
P00011573,P00011574
P00019205,P00019206
P00004049,P00004050
P00019011,P00019012
P00007171,P00007172
P00006211,P00006212
P00010705,P00010706
P00010721,P00010722
P00013345,P00013346
P022711,P022712
B0002TPD3S,B0002TPD3S-reworded
B0000ASSI2,B0000ASSI2-reworded
P00015067,P00015068
P00017289,P00017290
P005475,P005476
B000HQIA18,B000HQIA18-reworded
P00004313,P00004314
P00017249,P00017250
P00012435,P00012436
P003283,P003284
P00002241,P00002242
P00006219,P00006220
b0009affew,http://www.google.com/base/feeds/snippets/17165389585205797735
580,202812620
P00006763,P00006764
P00015621,P00015622
P00018603,P00018604
B0000AWY9D,B0000AWY9D-reworded
P008775,P008776
B000F1KRMK,B000F1KRMK-reworded
P000573,P000574
B0002MC3SS,B0002MC3SS-reworded
P00008977,P00008978
P00010981,P00010982
P00012269,P00012270
B000ECUGD0,B000ECUGD0-reworded
P00004299,P00004300
P007731,P007732
P00011721,P00011722
b000gcbov6,http://www.google.com/base/feeds/snippets/779838933309218814
B0006G42IE,B0006G42IE-reworded
B000059OU4,B000059OU4-reworded
P00011393,P00011394
P00000529,P00000530
B00078ZTKG,B00078ZTKG-reworded
P00016329,P00016330
P00017579,P00017580
B000NPAZMK,B000NPAZMK-reworded
P00002883,P00002884
P00011287,P00011288
P009683,P009684
P016283,P016284
P006847,P006848
B0000AWLDR,B0000AWLDR-reworded
P000491,P000492
32005,202899998
P00001285,P00001286
P00020209,P00020210
P00012315,P00012316
P00009269,P00009270
P019695,P019696
B000630K6K,B000630K6K-reworded
35308,208270234
P007095,P007096
B000BLER8Y,B000BLER8Y-reworded
P00011527,P00011528
B0009GA3VQ,B0009GA3VQ-reworded
P001079,P001080
P023775,P023776
B000GH8UJU,B000GH8UJU-reworded
P001503,P001504
P00010331,P00010332
P00004691,P00004692
P012799,P012800
P00020355,P00020356
P00014849,P00014850
P00020843,P00020844
P015079,P015080
B0000ASVSP,B0000ASVSP-reworded
B0000861WJ,B0000861WJ-reworded
P00010261,P00010262
B000KKLYR8,B000KKLYR8-reworded
P00001171,P00001172
P00019313,P00019314
P00003693,P00003694
P00002921,P00002922
P00000835,P00000836
P007451,P007452
P001643,P001644
P018847,P018848
B00005UFET,B00005UFET-reworded
P007675,P007676
P00017239,P00017240
P00018985,P00018986
0613072626,0613072626-reworded
B0000AHPDQ,B0000AHPDQ-reworded
35216,208294701
P00009201,P00009202
P001811,P001812
32579,10388980
P003435,P003436
P00000991,P00000992
b000088ner,http://www.google.com/base/feeds/snippets/4776201646741876078
B000JWBVNY,B000JWBVNY-reworded
P00013661,P00013662
P003467,P003468
P00000613,P00000614
P00006285,P00006286
P00012087,P00012088
B0002VN48C,B0002VN48C-reworded
b000ml8d5q,http://www.google.com/base/feeds/snippets/18003213870869015246
B00061OD4W,B00061OD4W-reworded
B0000862CQ,B0000862CQ-reworded
P009627,P009628
P007283,P007284
P00015167,P00015168
P00014513,P00014514
P00014249,P00014250
B000OVXSH2,B000OVXSH2-reworded
P00016717,P00016718
P001259,P001260
P00005585,P00005586
P000181,P000182
B0001NJPNY,B0001NJPNY-reworded
B0001AJ0CS,B0001AJ0CS-reworded
P019935,P019936
P00015273,P00015274
21554,206460121
P022451,P022452
P00006833,P00006834
P00001837,P00001838
P023875,P023876
B0002NZCAS,B0002NZCAS-reworded
P00013515,P00013516
P004323,P004324
P004783,P004784
P00019447,P00019448
P00002679,P00002680
B00066ZQBQ,B00066ZQBQ-reworded
B0001W138U,B0001W138U-reworded
P017059,P017060
P00019503,P00019504
P00013355,P00013356
P00018865,P00018866
P006327,P006328
P001319,P001320
P006287,P006288
P010503,P010504
P025351,P025352
P021819,P021820
P022239,P022240
b000o39u3q,http://www.google.com/base/feeds/snippets/18195210518723634061
P014611,P014612
P025655,P025656
P022407,P022408
P00018717,P00018718
P00020697,P00020698
b000g3mer8,http://www.google.com/base/feeds/snippets/9342175169264415955
P000043,P000044
P001471,P001472
B000KVPIT2,B000KVPIT2-reworded
P00013265,P00013266
36705,208930722
P001571,P001572
P00002425,P00002426
b000i82j80,http://www.google.com/base/feeds/snippets/18434262004669557918
P001539,P001540
B000P689PC,B000P689PC-reworded
B000AFBTK0,B000AFBTK0-reworded
B000KJ4XXQ,B000KJ4XXQ-reworded
P00017083,P00017084
P00007965,P00007966
B000BWKWH8,B000BWKWH8-reworded
P012507,P012508
P00017857,P00017858
b0007lw23a,http://www.google.com/base/feeds/snippets/9643223122893875320
P00006879,P00006880
P00002513,P00002514
P009023,P009024
B000ORNE16,B000ORNE16-reworded
P00017287,P00017288
P00002613,P00002614
P009899,P009900
P003255,P003256
P002943,P002944
P000853,P000854
B000ID3BPU,B000ID3BPU-reworded
P00003697,P00003698
P00020471,P00020472
P00001369,P00001370
P00013735,P00013736
P00012943,P00012944
B000EF3QEI,B000EF3QEI-reworded
P001485,P001486
P018299,P018300
B0002VNSE2,B0002VNSE2-reworded
B000QF4AVO,B000QF4AVO-reworded
P00001765,P00001766
P00018043,P00018044
P00008623,P00008624
B000PDFU9S,B000PDFU9S-reworded
P013699,P013700
b000a0s3x6,http://www.google.com/base/feeds/snippets/16019355033889363381
P019299,P019300
P00006245,P00006246
b000aoz7fo,http://www.google.com/base/feeds/snippets/18353566070605982375
P00004695,P00004696
B000IGGRJE,B000IGGRJE-reworded
b000rgxto6,http://www.google.com/base/feeds/snippets/18107239556630917796
B000HAOSEC,B000HAOSEC-reworded
25902,202479411
P001395,P001396
P015539,P015540
P00019087,P00019088
P000591,P000592
P00013819,P00013820
B0000A57EB,B0000A57EB-reworded
P00007547,P00007548
P00007923,P00007924
P000989,P000990
P00016785,P00016786
P026047,P026048
B0002TOXYS,B0002TOXYS-reworded
P002867,P002868
P00009869,P00009870
33499,206725198
P00000201,P00000202
32431,202827677
P00018783,P00018784
P017111,P017112
P00009455,P00009456
P007359,P007360
P00002173,P00002174
P00013353,P00013354
P00013499,P00013500
P00011503,P00011504
P00011193,P00011194
P025823,P025824
P00003205,P00003206
B0002BH5GE,B0002BH5GE-reworded
B000LUU6T4,B000LUU6T4-reworded
32906,203324965
P00013191,P00013192
b000bnjmnc,http://www.google.com/base/feeds/snippets/2723560865541859631
P001651,P001652
P00015263,P00015264
P00001793,P00001794
P018223,P018224
P00002669,P00002670
P00018857,P00018858
34009,207595882
P004031,P004032
P00013129,P00013130
P013559,P013560
B000A31DNK,B000A31DNK-reworded
b000o8g7z0,http://www.google.com/base/feeds/snippets/2442636071527910651
B0007RTH5K,B0007RTH5K-reworded
P00014893,P00014894
P00017327,P00017328
P021803,P021804
P00020839,P00020840
P00015915,P00015916
P024115,P024116
P012487,P012488
P00013741,P00013742
b000bwzy7q,http://www.google.com/base/feeds/snippets/1759747759895818218
P005739,P005740
P004423,P004424
B0000WLPW0,B0000WLPW0-reworded
P006891,P006892
B0000ZH9X6,B0000ZH9X6-reworded
P014915,P014916
P00000431,P00000432
B0000C46UY,B0000C46UY-reworded
P00019865,P00019866
P00003235,P00003236
B0009OOA0S,B0009OOA0S-reworded
b000h1xy3m,http://www.google.com/base/feeds/snippets/17896835956549874370
P00013287,P00013288
P00004073,P00004074
P00003999,P00004000
P00003663,P00003664
P00004953,P00004954
P021143,P021144
P004231,P004232
P00009613,P00009614
P020687,P020688
B000EMM962,B000EMM962-reworded
B000147T68,B000147T68-reworded
P019055,P019056
P000377,P000378
P010727,P010728
P025971,P025972
P00007735,P00007736
B000JWK9LO,B000JWK9LO-reworded
24789,203017911
B00008VP4Q,B00008VP4Q-reworded
B00062NRHK,B00062NRHK-reworded
P00016175,P00016176
33024,90049752
B0001VL192,B0001VL192-reworded
P018599,P018600
B000OWGNLY,B000OWGNLY-reworded
P012751,P012752
P000587,P000588
B000KG050Y,B000KG050Y-reworded
P018047,P018048
P00014509,P00014510
b000fiejt0,http://www.google.com/base/feeds/snippets/2044788707045179226
B0000DB9C9,B0000DB9C9-reworded
b000hbys5k,http://www.google.com/base/feeds/snippets/13631557261313424700
P00010707,P00010708
P000261,P000262
P00011915,P00011916
b00009v3nw,http://www.google.com/base/feeds/snippets/16452108546715101414
b00001xdw7,http://www.google.com/base/feeds/snippets/10541632718220382972
b000hpf7p6,http://www.google.com/base/feeds/snippets/1781031509566531842
P00019477,P00019478
P00019415,P00019416
B000FZY3QM,B000FZY3QM-reworded
27719,203379237
B000QW5DGI,B000QW5DGI-reworded
B0001HN0GS,B0001HN0GS-reworded
P00017655,P00017656
P00000645,P00000646
P00015479,P00015480
b0002w30e4,http://www.google.com/base/feeds/snippets/17020261670293385352
P012827,P012828
36990,209253738
P001311,P001312
P00008607,P00008608
P00002271,P00002272
B0001471W0,B0001471W0-reworded
b0002wt64m,http://www.google.com/base/feeds/snippets/1522029332117434843
P008443,P008444
P024795,P024796
B0000AHPFB,B0000AHPFB-reworded
P00004333,P00004334
B00011TKMC,B00011TKMC-reworded
P00016975,P00016976
33831,207552185
P00012963,P00012964
P00012959,P00012960
P021891,P021892
P00014323,P00014324
P00010049,P00010050
27186,204292477
B00018X54Y,B00018X54Y-reworded
b000mgo5bw,http://www.google.com/base/feeds/snippets/9250111493808447085
B0002CRHIO,B0002CRHIO-reworded
P00000107,P00000108
B0002OQ4CM,B0002OQ4CM-reworded
P021915,P021916
P00007059,P00007060
P001519,P001520
34637,209934620
P013587,P013588
P005163,P005164
b000k7ving,http://www.google.com/base/feeds/snippets/13468530879861986847
P00017809,P00017810
P00020865,P00020866
P00009363,P00009364
P00015097,P00015098
P00020713,P00020714
36446,208226698
B00013PGCI,B00013PGCI-reworded
P002703,P002704
P00014769,P00014770
P00011331,P00011332
P025623,P025624
P003007,P003008
29677,204884519
P015239,P015240
B000R30I9S,B000R30I9S-reworded
B0002TR458,B0002TR458-reworded
P00014917,P00014918
P00013677,P00013678
P00002697,P00002698
P00001547,P00001548
B000PF7TCW,B000PF7TCW-reworded
B0007MV6QI,B0007MV6QI-reworded
P00009403,P00009404
P024423,P024424
P00002419,P00002420
P00008657,P00008658
P00017549,P00017550
21989,204274645
P00018095,P00018096
35662,207535170
B0000891KF,B0000891KF-reworded
P005051,P005052
P00009879,P00009880
38388,210399777
B0000ZK3XO,B0000ZK3XO-reworded
P017215,P017216
B0002TOUJQ,B0002TOUJQ-reworded
B000FNB7UY,B000FNB7UY-reworded
P00005117,P00005118
P00018151,P00018152
P00005097,P00005098
P00005251,P00005252
P008139,P008140
P00017689,P00017690
P019583,P019584
P00002285,P00002286
P00006479,P00006480
P00009845,P00009846
P006631,P006632
B0002TOVPY,B0002TOVPY-reworded
P00020673,P00020674
P00009567,P00009568
b000evo8h6,http://www.google.com/base/feeds/snippets/18368735287693525011
P00018353,P00018354
P00013711,P00013712
P00015115,P00015116
P001387,P001388
P003363,P003364
B0002KV714,B0002KV714-reworded
P021295,P021296
P00000913,P00000914
P00008071,P00008072
b000ra20uq,http://www.google.com/base/feeds/snippets/594191839879876004
P005111,P005112
B00075SCVC,B00075SCVC-reworded
P006171,P006172
P000067,P000068
P00001189,P00001190
P00018755,P00018756
B0000AN9B7,B0000AN9B7-reworded
P00009833,P00009834
P00020761,P00020762
P001787,P001788
B00007AU56,B00007AU56-reworded
P00009349,P00009350
P00018069,P00018070
P007175,P007176
P00004755,P00004756
P00014973,P00014974
P020555,P020556
B000K7J1BC,B000K7J1BC-reworded
P00013739,P00013740
B000CODK24,B000CODK24-reworded
B0002PVIUY,B0002PVIUY-reworded
P00004669,P00004670
P026367,P026368
P001727,P001728
P004103,P004104
P00000093,P00000094
P015059,P015060
B000ON3BWC,B000ON3BWC-reworded
P021335,P021336
P00007041,P00007042
P016795,P016796
P006599,P006600
35332,208504422
b000h25yr0,http://www.google.com/base/feeds/snippets/18264562147667335719
P004631,P004632
P000079,P000080
P00013873,P00013874
P00009675,P00009676
P00012767,P00012768
P00010143,P00010144
B000E99X4G,B000E99X4G-reworded
P00005113,P00005114
b00074dy8e,http://www.google.com/base/feeds/snippets/3528611718110158975
B000QDGPZU,B000QDGPZU-reworded
P021859,P021860
P019475,P019476
P00016289,P00016290
P012855,P012856
P00017713,P00017714
P000463,P000464
35010,208117938
P009251,P009252
P024903,P024904
P019547,P019548
P025059,P025060
P00006451,P00006452
P010747,P010748
P00009565,P00009566
P000619,P000620
P007187,P007188
P00019501,P00019502
B00008IONO,B00008IONO-reworded
P00002589,P00002590
P00004741,P00004742
P00016437,P00016438
33600,207388755
P017727,P017728
P026207,P026208
P024383,P024384
P00010757,P00010758
B0002VND6K,B0002VND6K-reworded
P00019615,P00019616
P00007897,P00007898
P024239,P024240
P00001175,P00001176
B000NV89ZY,B000NV89ZY-reworded
P017543,P017544
P00014883,P00014884
B0002VNANQ,B0002VNANQ-reworded
P00012019,P00012020
B0000WLLYM,B0000WLLYM-reworded
P00013771,P00013772
P00018245,P00018246
B000BNGJU6,B000BNGJU6-reworded
P004367,P004368
P00019167,P00019168
P009247,P009248
B000PWDYJW,B000PWDYJW-reworded
P024339,P024340
P00012447,P00012448
B000791J86,B000791J86-reworded
P00007449,P00007450
P00017923,P00017924
30196,205593367
P00009331,P00009332
P021447,P021448
P00007621,P00007622
P005043,P005044
P00009797,P00009798
P015723,P015724
P017807,P017808
P00007289,P00007290
P002299,P002300
33272,209273200
P00009287,P00009288
P00016377,P00016378
P00000497,P00000498
P00006015,P00006016
B0006IXBNO,B0006IXBNO-reworded
B0002NZGZY,B0002NZGZY-reworded
P008543,P008544
P00006967,P00006968
P024895,P024896
P00021025,P00021026
P00012803,P00012804
P00002557,P00002558
P00004947,P00004948
P00016485,P00016486
P00020137,P00020138
P00006059,P00006060
B0007PN9CO,B0007PN9CO-reworded
P001943,P001944
P009811,P009812
b000h16pag,http://www.google.com/base/feeds/snippets/17570801106897429429
P00012221,P00012222
37859,210399745
38343,207935920
P011647,P011648
P00000521,P00000522
P019783,P019784
P026567,P026568
P00001329,P00001330
P008203,P008204
P00017197,P00017198
P00004863,P00004864
P023271,P023272
B00008NN2P,B00008NN2P-reworded
P00012637,P00012638
B000074F4J,B000074F4J-reworded
P001207,P001208
P00011971,P00011972
B000308VXU,B000308VXU-reworded
P00001157,P00001158
P00002401,P00002402
P00008289,P00008290
P013059,P013060
P002223,P002224
36124,208504429
P00016283,P00016284
P001379,P001380
P00003989,P00003990
b0001wn1fs,http://www.google.com/base/feeds/snippets/11687167580478628748
P00002765,P00002766
P00008223,P00008224
P007071,P007072
B000C7PV8C,B000C7PV8C-reworded
P00007157,P00007158
B0002VN8NS,B0002VN8NS-reworded
P00003225,P00003226
P008271,P008272
P006019,P006020
B0000C2PSN,B0000C2PSN-reworded
P013299,P013300
B000BJ8TDU,B000BJ8TDU-reworded
P00020449,P00020450
P005343,P005344
P00003091,P00003092
P00007131,P00007132
P00012629,P00012630
P025343,P025344
P00006355,P00006356
P020415,P020416
B000N4P50S,B000N4P50S-reworded
P00019413,P00019414
B0000DD5H7,B0000DD5H7-reworded
P00009337,P00009338
P00014943,P00014944
P026023,P026024
P00005051,P00005052
P00001625,P00001626
P023319,P023320
b000enucs8,http://www.google.com/base/feeds/snippets/7997047825469627962
B000BNS062,B000BNS062-reworded
P00015317,P00015318
P00020617,P00020618
P000427,P000428
P00011279,P00011280
B000A7N8FW,B000A7N8FW-reworded
P001255,P001256
P00006809,P00006810
P00014081,P00014082
1556524722,1556524722-reworded
P00011105,P00011106
b000hctysa,http://www.google.com/base/feeds/snippets/12116763117328044444
P00000325,P00000326
9314,90138520
P008627,P008628
B0006FUE0K,B0006FUE0K-reworded
B000CO811O,B000CO811O-reworded
P00018599,P00018600
P00013767,P00013768
b0002x1omi,http://www.google.com/base/feeds/snippets/7039940734695244235
b000m6wlyk,http://www.google.com/base/feeds/snippets/4108712449976038856
P00010133,P00010134
B000BDH97S,B000BDH97S-reworded
B000P0V5GS,B000P0V5GS-reworded
P00020549,P00020550
P00006399,P00006400
P009979,P009980
b000ro7h3w,http://www.google.com/base/feeds/snippets/13792413550965266630
P00016011,P00016012
P026107,P026108
P00005167,P00005168
P00008577,P00008578
P003051,P003052
P005815,P005816
B000BMBKQ0,B000BMBKQ0-reworded
B0002NZEG0,B0002NZEG0-reworded
P00017829,P00017830
P00012945,P00012946
P00011699,P00011700
B00016L7G4,B00016L7G4-reworded
P020659,P020660
P018491,P018492
P00001829,P00001830
P00017649,P00017650
P020435,P020436
P00019277,P00019278
P00019507,P00019508
b0002e3g6o,http://www.google.com/base/feeds/snippets/18384557845547191313
P00020831,P00020832
B0007TIYM0,B0007TIYM0-reworded
P021283,P021284
B0001456PY,B0001456PY-reworded
0385487592,0385487592-reworded
36172,207907535
P012967,P012968
P00006767,P00006768
P00006073,P00006074
P00014585,P00014586
P00018811,P00018812
B0008JGWCS,B0008JGWCS-reworded
P00012935,P00012936
P00008619,P00008620
P00010339,P00010340
P00000975,P00000976
P00001597,P00001598
b00078x3hm,http://www.google.com/base/feeds/snippets/5707639507589635432
B00066PEQ8,B00066PEQ8-reworded
B00008MZJS,B00008MZJS-reworded
P00015789,P00015790
B0007CKQBO,B0007CKQBO-reworded
23097,202635701
B000JOM1S6,B000JOM1S6-reworded
B0000ASVXV,B0000ASVXV-reworded
17191,202041195
P006795,P006796
B000NQSE4A,B000NQSE4A-reworded
P024195,P024196
P00014553,P00014554
P00002443,P00002444
B000GHW5MS,B000GHW5MS-reworded
b000ndicuy,http://www.google.com/base/feeds/snippets/2263647849333008264
P00018325,P00018326
P00011465,P00011466
P00004747,P00004748
17220,90141074
P00013973,P00013974
B000OUWNZG,B000OUWNZG-reworded
P000741,P000742
B000MP6D1I,B000MP6D1I-reworded
P00000547,P00000548
19676,90145560
P002647,P002648
P006055,P006056
B0007M3I1O,B0007M3I1O-reworded
37087,208941079
B0000C39Y3,B0000C39Y3-reworded
B0002ZROZM,B0002ZROZM-reworded
P00018163,P00018164
P012423,P012424
B0002TP9B4,B0002TP9B4-reworded
b000ofnrhy,http://www.google.com/base/feeds/snippets/6968597519129780490
P00011049,P00011050
P00003867,P00003868
P00003145,P00003146
B0006IXD46,B0006IXD46-reworded
B000GTAGGI,B000GTAGGI-reworded
P00015967,P00015968
P00019033,P00019034
b000067fk7,http://www.google.com/base/feeds/snippets/1832664201831888645
P00020407,P00020408
P00008963,P00008964
P013423,P013424
P00016433,P00016434
34548,207907555
B0001OW2MY,B0001OW2MY-reworded
B0006ZAUM2,B0006ZAUM2-reworded
B0002D7Z5S,B0002D7Z5S-reworded
P021815,P021816
P00010071,P00010072
P021251,P021252
P026611,P026612
B00078SIZO,B00078SIZO-reworded
b000kjzigw,http://www.google.com/base/feeds/snippets/18055289311900407768
P00018947,P00018948
B000MY5PKO,B000MY5PKO-reworded
P000963,P000964
P022931,P022932
P00010107,P00010108
P026687,P026688
P008803,P008804
P017755,P017756
b000fb9w3a,http://www.google.com/base/feeds/snippets/17941162981056466173
P010411,P010412
P00006203,P00006204
34946,208114672
P004287,P004288
P00007051,P00007052
P00019597,P00019598
P00005933,P00005934
P003787,P003788
b000pg8kwe,http://www.google.com/base/feeds/snippets/15202414965182690664
P00009653,P00009654
P00014841,P00014842
P000515,P000516
P021523,P021524
B0000AHR9S,B0000AHR9S-reworded
B0002TOPG4,B0002TOPG4-reworded
36816,208893656
P00014647,P00014648
P00003773,P00003774
P00005927,P00005928
37497,208410812
B000ES3YOW,B000ES3YOW-reworded
P009543,P009544
B0000866KR,B0000866KR-reworded
P00020999,P00021000
B0006NH3G0,B0006NH3G0-reworded
P004635,P004636
P00009551,P00009552
P00011201,P00011202
39090,208504394
P001285,P001286
P00001423,P00001424
P012991,P012992
P00013309,P00013310
P00006857,P00006858
P00012865,P00012866
P00016155,P00016156
B000KPZOEW,B000KPZOEW-reworded
B000ND20LQ,B000ND20LQ-reworded
P020991,P020992
P00014479,P00014480
P000391,P000392
P001655,P001656
P019387,P019388
P00001649,P00001650
P003223,P003224
P00001029,P00001030
P001523,P001524
P00016507,P00016508
P00009963,P00009964
P00001795,P00001796
P00004533,P00004534
P00005655,P00005656
P00011893,P00011894
b00079pmwa,http://www.google.com/base/feeds/snippets/18400846626733696167
P00004041,P00004042
P000031,P000032
24368,202899996
P00005121,P00005122
P026523,P026524
P007475,P007476
b000lptgc2,http://www.google.com/base/feeds/snippets/17624778694912125664
P00004961,P00004962
P00011381,P00011382
P00019279,P00019280
P023831,P023832
P005139,P005140
B0000C3BBU,B0000C3BBU-reworded
P000427,P000428
P011531,P011532
b0002uhuii,http://www.google.com/base/feeds/snippets/5487359335167368126
36169,90145444
B0002VN95K,B0002VN95K-reworded
b000fis8ew,http://www.google.com/base/feeds/snippets/18361636558506127089
P00009459,P00009460
P00007663,P00007664
P017583,P017584
B000IK5YZ8,B000IK5YZ8-reworded
B0000C3EQX,B0000C3EQX-reworded
B000FIBI9Y,B000FIBI9Y-reworded
B000MWJGMO,B000MWJGMO-reworded
P00015161,P00015162
P00007559,P00007560
P024631,P024632
P00007537,P00007538
30808,204345240
P000875,P000876
B0002MAQ2I,B0002MAQ2I-reworded
P00004637,P00004638
P00020705,P00020706
P002455,P002456
P002191,P002192
P00011509,P00011510
P00003481,P00003482
B000KFTJ6G,B000KFTJ6G-reworded
P001927,P001928
P013279,P013280
P001299,P001300
P000951,P000952
B0002NZSPM,B0002NZSPM-reworded
P00009003,P00009004
P00007107,P00007108
P001263,P001264
P00009393,P00009394
B000EVOPMO,B000EVOPMO-reworded
P00018651,P00018652
P003423,P003424
P006087,P006088
P001589,P001590
P00020405,P00020406
P021315,P021316
26445,203407043
P000571,P000572
B0002T6BRU,B0002T6BRU-reworded
P00011075,P00011076
33044,203514305
P002159,P002160
B0000V38KS,B0000V38KS-reworded
P00005553,P00005554
P00007873,P00007874
B0006IBCH6,B0006IBCH6-reworded
P00013665,P00013666
P00019193,P00019194
P001307,P001308
P024243,P024244
P020775,P020776
P00004183,P00004184
P008951,P008952
P025299,P025300
P001223,P001224
P000487,P000488
P00017285,P00017286
P00001545,P00001546
P004003,P004004
P011199,P011200
P005351,P005352
P000235,P000236
B000IMT34E,B000IMT34E-reworded
b0007vubx8,http://www.google.com/base/feeds/snippets/8395248988761650431
P022983,P022984
B000093059,B000093059-reworded
b000ndichc,http://www.google.com/base/feeds/snippets/13807405031002803472
P00006503,P00006504
P00017701,P00017702
B002LII6PA,B002LII6PA-reworded
P00016941,P00016942
B0002ODYZ2,B0002ODYZ2-reworded
P000343,P000344
P00011367,P00011368
P00002283,P00002284
B000IEFXVY,B000IEFXVY-reworded
37495,206746475
P00011233,P00011234
P00000733,P00000734
P00009065,P00009066
P000203,P000204
P001265,P001266
P014519,P014520
P009991,P009992
P010891,P010892
P007891,P007892
B00009ETNE,B00009ETNE-reworded
P005595,P005596
P00004467,P00004468
P00008461,P00008462
P017295,P017296
B00002S9YN,B00002S9YN-reworded
P00011355,P00011356
b000ndib82,http://www.google.com/base/feeds/snippets/4058027556169196919
P003955,P003956
P00013645,P00013646
P008711,P008712
P00019685,P00019686
P001233,P001234
P00017555,P00017556
P00000573,P00000574
P007635,P007636
b000exw524,http://www.google.com/base/feeds/snippets/1936516034668822172
P000795,P000796
P000435,P000436
P015367,P015368
P023903,P023904
P00015849,P00015850
P000099,P000100
P00018967,P00018968
B00009N7P2,B00009N7P2-reworded
P00014611,P00014612
B000072RGE,B000072RGE-reworded
b000mmt6s8,http://www.google.com/base/feeds/snippets/2066161709446383266
34791,203185276
B000AKY600,B000AKY600-reworded
P025195,P025196
P005367,P005368
P00010353,P00010354
P021331,P021332
P00018401,P00018402
B000GC4UWG,B000GC4UWG-reworded
B00066Q0SO,B00066Q0SO-reworded
P00017895,P00017896
P00004895,P00004896
P015555,P015556
P009591,P009592
B000232238,B000232238-reworded
32226,205985716
B0006FJYQ0,B0006FJYQ0-reworded
P00014009,P00014010
b000b5ue6y,http://www.google.com/base/feeds/snippets/18392141725886908183
P025215,P025216
P00001365,P00001366
P001587,P001588
P00020481,P00020482
B00062NHES,B00062NHES-reworded
P001779,P001780
P00016969,P00016970
P00013227,P00013228
P00016831,P00016832
B000PGYBCW,B000PGYBCW-reworded
P00008489,P00008490
B000ICZHHG,B000ICZHHG-reworded
B0006619F8,B0006619F8-reworded
P00001543,P00001544
B0000AWYBI,B0000AWYBI-reworded
P022315,P022316
P00013135,P00013136
P007067,P007068
B0001W13R6,B0001W13R6-reworded
P00004209,P00004210
B00062NT3C,B00062NT3C-reworded
P00012235,P00012236
P012395,P012396
P00005299,P00005300
B000CODRO0,B000CODRO0-reworded
P002547,P002548
P017499,P017500
P024159,P024160
35694,208184891
B00065WPN4,B00065WPN4-reworded
P025499,P025500
P00021079,P00021080
P00005191,P00005192
P00012373,P00012374
P00020859,P00020860
P00009795,P00009796
P00018087,P00018088
B000BR9XSM,B000BR9XSM-reworded
P002859,P002860
P021907,P021908
P00014393,P00014394
B000GAP61W,B000GAP61W-reworded
P017279,P017280
P00003861,P00003862
P00012485,P00012486
B0002X8UH0,B0002X8UH0-reworded
P012895,P012896
39179,10365096
P00011187,P00011188
B000KLJU1O,B000KLJU1O-reworded
P022347,P022348
P00004261,P00004262
P001515,P001516
P008807,P008808
P00013537,P00013538
P00014375,P00014376
P003855,P003856
P00008171,P00008172
P00009407,P00009408
P00007979,P00007980
P00012165,P00012166
P001183,P001184
P007679,P007680
P00016121,P00016122
b000bl40dg,http://www.google.com/base/feeds/snippets/10381298233088883938
P004127,P004128
b000ndib96,http://www.google.com/base/feeds/snippets/9426718267663314434
P001601,P001602
B000BUDI2G,B000BUDI2G-reworded
B000P392BA,B000P392BA-reworded
B0000AFRTI,B0000AFRTI-reworded
P006143,P006144
P00001311,P00001312
P00011191,P00011192
P008483,P008484
P00001771,P00001772
P002143,P002144
P005631,P005632
P00006781,P00006782
P001147,P001148
P00010287,P00010288
B000KUCFJ4,B000KUCFJ4-reworded
P006927,P006928
P00015521,P00015522
P00004451,P00004452
P00007769,P00007770
P00018657,P00018658
b000ffcdim,http://www.google.com/base/feeds/snippets/13298644336068097806
P018755,P018756
25749,202827715
P00017917,P00017918
P00010813,P00010814
B0008D5FFO,B0008D5FFO-reworded
P017235,P017236
P00002231,P00002232
B00027YJ58,B00027YJ58-reworded
P00005409,P00005410
B0000ASSIT,B0000ASSIT-reworded
P00005675,P00005676
P022511,P022512
P012959,P012960
P007383,P007384
P00010177,P00010178
P00013033,P00013034
b00063blg8,http://www.google.com/base/feeds/snippets/18399719239824156071
B0002VNAWW,B0002VNAWW-reworded
P016307,P016308
9071,203024998
P016479,P016480
b000ftpmc2,http://www.google.com/base/feeds/snippets/1766122214269018147
P00005327,P00005328
B0006596Y0,B0006596Y0-reworded
P008195,P008196
P00007213,P00007214
P00010113,P00010114
P000507,P000508
P023639,P023640
P022971,P022972
P026711,P026712
P00018399,P00018400
P00006209,P00006210
P00020527,P00020528
B000HSTWY0,B000HSTWY0-reworded
B0000C2T72,B0000C2T72-reworded
P00011675,P00011676
P00005229,P00005230
B0002VNBYY,B0002VNBYY-reworded
P00017845,P00017846
P00000353,P00000354
B000NZTXS2,B000NZTXS2-reworded
P00013485,P00013486
b000e15nhk,http://www.google.com/base/feeds/snippets/11343247749866294908
P023283,P023284
b000exw510,http://www.google.com/base/feeds/snippets/9551528510942983552
B0002H44NK,B0002H44NK-reworded
27197,204318288
P00009155,P00009156
P000903,P000904
P005495,P005496
P00003941,P00003942
P001261,P001262
P00002587,P00002588
P00005325,P00005326
P00001183,P00001184
P00001395,P00001396
P00001241,P00001242
33612,207506250
B0000C3ECF,B0000C3ECF-reworded
P006459,P006460
P010835,P010836
P00011109,P00011110
P018791,P018792
P011571,P011572
P004007,P004008
P005247,P005248
P005091,P005092
P00018273,P00018274
P00003913,P00003914
P00005961,P00005962
P00000623,P00000624
P00006375,P00006376
P00002095,P00002096
P00003553,P00003554
P000971,P000972
P000711,P000712
P00001541,P00001542
b0009yegcu,http://www.google.com/base/feeds/snippets/12024241460287341882
P00016929,P00016930
B000TOZD2W,B000TOZD2W-reworded
B0000C323G,B0000C323G-reworded
P00017453,P00017454
B0002XPKQY,B0002XPKQY-reworded
P00013253,P00013254
P00008049,P00008050
P00001957,P00001958
P000643,P000644
P020651,P020652
P00020571,P00020572
P00008363,P00008364
B000BW8914,B000BW8914-reworded
P00008059,P00008060
P00001095,P00001096
B000H8IV9C,B000H8IV9C-reworded
B000EAS06M,B000EAS06M-reworded
P017563,P017564
P00013897,P00013898
P00011571,P00011572
P007083,P007084
P005715,P005716
P015339,P015340
B000E286DW,B000E286DW-reworded
B000BWSQ8A,B000BWSQ8A-reworded
P00011533,P00011534
P00005937,P00005938
P00020961,P00020962
P024103,P024104
P00011173,P00011174
B000R365HM,B000R365HM-reworded
P00014655,P00014656
P00009757,P00009758
P00008587,P00008588
P002931,P002932
P008131,P008132
P00009755,P00009756
P00002483,P00002484
B000GISJUY,B000GISJUY-reworded
P00011487,P00011488
P000331,P000332
B000AHOMFC,B000AHOMFC-reworded
P00005801,P00005802
P001363,P001364
B0007VO3KA,B0007VO3KA-reworded
b000i8od4i,http://www.google.com/base/feeds/snippets/18213081663134894535
P00002067,P00002068
P00017521,P00017522
b000hus51e,http://www.google.com/base/feeds/snippets/17827472274973329884
P00004803,P00004804
B000GCOKLC,B000GCOKLC-reworded
P007223,P007224
P00015553,P00015554
P000531,P000532
P00002977,P00002978
P00008521,P00008522
P00019061,P00019062
P00003081,P00003082
B0001KEPPK,B0001KEPPK-reworded
P00000273,P00000274
P005555,P005556
B00026KXS6,B00026KXS6-reworded
P00012685,P00012686
P013191,P013192
P017463,P017464
P00006589,P00006590
1583487387,1583487387-reworded
B0006TO65U,B0006TO65U-reworded
B000K1DD62,B000K1DD62-reworded
36635,208409750
P002527,P002528
P011863,P011864
P026075,P026076
b0009stm6g,http://www.google.com/base/feeds/snippets/7117788517647646539
P001211,P001212
P00009955,P00009956
33532,204071217
P00002799,P00002800
P00004993,P00004994
P001679,P001680
P00006391,P00006392
P00020659,P00020660
B0000C3A5D,B0000C3A5D-reworded
b0009x6qew,http://www.google.com/base/feeds/snippets/18305953820307083661
P00011841,P00011842
P00009265,P00009266
P00005453,P00005454
B0000C37NC,B0000C37NC-reworded
b000nknb26,http://www.google.com/base/feeds/snippets/16685945982481680279
P00006517,P00006518
P024435,P024436
P00001745,P00001746
B0002VNINI,B0002VNINI-reworded
32512,205466519
P00004919,P00004920
b000in351k,http://www.google.com/base/feeds/snippets/17079453403984087719
P015935,P015936
P001227,P001228
P018895,P018896
38466,206576716
P017091,P017092
P000159,P000160
27857,204035273
P00002625,P00002626
B000QWA2KU,B000QWA2KU-reworded
P00000577,P00000578
P010427,P010428
B000NVC126,B000NVC126-reworded
P00002555,P00002556
B0003DJCYE,B0003DJCYE-reworded
P00007431,P00007432
B000CDA3DO,B000CDA3DO-reworded
P003579,P003580
B0001NJSNG,B0001NJSNG-reworded
P007723,P007724
B000M9AM8O,B000M9AM8O-reworded
P00016665,P00016666
P006231,P006232
P007495,P007496
P003315,P003316
P022635,P022636
P021327,P021328
b00021xhzw,http://www.google.com/base/feeds/snippets/18430621475529168165
B0002E4EKG,B0002E4EKG-reworded
P00015543,P00015544
P00015017,P00015018
P00010247,P00010248
P003947,P003948
P00020115,P00020116
P026559,P026560
P00002083,P00002084
B000147WR4,B000147WR4-reworded
P015143,P015144
P00020333,P00020334
B0002VMSRA,B0002VMSRA-reworded
P00017143,P00017144
P00000583,P00000584
P017507,P017508
P00008643,P00008644
P00014897,P00014898
B0000AHQUR,B0000AHQUR-reworded
P00012721,P00012722
P00016149,P00016150
b000gamysk,http://www.google.com/base/feeds/snippets/17641037628832356751
B0002YLTMW,B0002YLTMW-reworded
P00015891,P00015892
B0000C3A4O,B0000C3A4O-reworded
B0000A57E6,B0000A57E6-reworded
P019575,P019576
B00063J8Q8,B00063J8Q8-reworded
P000859,P000860
P00020835,P00020836
P00004375,P00004376
b0000ycfcw,http://www.google.com/base/feeds/snippets/321181551780335576
B0001XONAE,B0001XONAE-reworded
P024531,P024532
B0001B98U6,B0001B98U6-reworded
P00003557,P00003558
P006151,P006152
b000cnf014,http://www.google.com/base/feeds/snippets/17760107129811199554
P012411,P012412
P008883,P008884
P00000197,P00000198
P008631,P008632
B0000C1DO8,B0000C1DO8-reworded
P008963,P008964
P00016085,P00016086
P003895,P003896
P00018293,P00018294
P00006449,P00006450
34282,207514566
b000jx5jnq,http://www.google.com/base/feeds/snippets/17303242525950545639
B000PYJZZW,B000PYJZZW-reworded
P009567,P009568
B0006596J0,B0006596J0-reworded
P021735,P021736
34096,207642358
b000k2nktg,http://www.google.com/base/feeds/snippets/415173687627513981
P026591,P026592
P00013529,P00013530
P017883,P017884
P004227,P004228
B000MIOF8I,B000MIOF8I-reworded
P00019159,P00019160
P00007337,P00007338
P00009461,P00009462
B0002PC7UE,B0002PC7UE-reworded
P012435,P012436
P00001167,P00001168
b00005rd70,http://www.google.com/base/feeds/snippets/17691332503246508957
33326,207390641
P001493,P001494
B0002XSWOG,B0002XSWOG-reworded
P00016305,P00016306
P00013149,P00013150
b000056b62,http://www.google.com/base/feeds/snippets/18446496383812786183
P00018175,P00018176
P006439,P006440
b000o27ti0,http://www.google.com/base/feeds/snippets/3621810113236094380
B000PWUJ9U,B000PWUJ9U-reworded
33443,207390652
38096,207391434
P00002161,P00002162
P00003085,P00003086
b0006513tg,http://www.google.com/base/feeds/snippets/5781318040297863663
P00012059,P00012060
P00015803,P00015804
P023071,P023072
P00001591,P00001592
34552,208504187
P00010633,P00010634
b000ndibe6,http://www.google.com/base/feeds/snippets/9761533219806554318
P000611,P000612
P00016883,P00016884
B000H96EJ0,B000H96EJ0-reworded
34858,208294698
P015319,P015320
P024527,P024528
P001217,P001218
31332,205761272
P00020755,P00020756
P002659,P002660
B000AY71GM,B000AY71GM-reworded
P00013633,P00013634
B00030IRO8,B00030IRO8-reworded
P00000567,P00000568
P00021043,P00021044
P020027,P020028
P00002097,P00002098
P00017651,P00017652
P00008393,P00008394
P00010641,P00010642
P00012995,P00012996
B0002UE716,B0002UE716-reworded
P00001945,P00001946
P00012867,P00012868
P00011905,P00011906
P00011351,P00011352
P006783,P006784
P015127,P015128
P014783,P014784
B000NISAXS,B000NISAXS-reworded
P00005307,P00005308
P001987,P001988
b000cfx744,http://www.google.com/base/feeds/snippets/17911312393691300802
P00012839,P00012840
P000861,P000862
B0007TIYRU,B0007TIYRU-reworded
P00017015,P00017016
B000HHR0RC,B000HHR0RC-reworded
29007,204792885
P009379,P009380
P00012067,P00012068
P002075,P002076
b000hbysf0,http://www.google.com/base/feeds/snippets/9117876336691363711
P00019853,P00019854
B0006PV4BI,B0006PV4BI-reworded
P018335,P018336
P009167,P009168
B0002F0K3U,B0002F0K3U-reworded
P00011913,P00011914
P00015261,P00015262
P00018149,P00018150
P00005231,P00005232
P00002409,P00002410
P008999,P009000
B00008678U,B00008678U-reworded
P011387,P011388
P006215,P006216
P008223,P008224
P00008917,P00008918
P001729,P001730
P006379,P006380
P00008655,P00008656
P00004719,P00004720
P00000365,P00000366
33591,207388754
P019667,P019668
P00011859,P00011860
P021227,P021228
P000361,P000362
P00003339,P00003340
P007843,P007844
P000897,P000898
P00017033,P00017034
P00008437,P00008438
B000CC366G,B000CC366G-reworded
P024491,P024492
P022599,P022600
P001509,P001510
P023227,P023228
P00012319,P00012320
P00013841,P00013842
P001911,P001912
B0000AHQU3,B0000AHQU3-reworded
28138,204327516
P00003821,P00003822
P001459,P001460
B00008IPAC,B00008IPAC-reworded
P00018927,P00018928
B000E453O0,B000E453O0-reworded
P00005383,P00005384
0691122156,0691122156-reworded
P013491,P013492
P00002149,P00002150
P00020811,P00020812
B00008JV1V,B00008JV1V-reworded
13202,10379358
b000g6gn2m,http://www.google.com/base/feeds/snippets/4436087621332035022
B0000C46IS,B0000C46IS-reworded
P00019799,P00019800
P00010465,P00010466
P009127,P009128
B00027FSUS,B00027FSUS-reworded
P00000629,P00000630
P002311,P002312
P00009767,P00009768
P010443,P010444
B0001476Q6,B0001476Q6-reworded
b000bypfu0,http://www.google.com/base/feeds/snippets/4573258796236774141
P00004109,P00004110
B000E17DJ6,B000E17DJ6-reworded
B000JVY10A,B000JVY10A-reworded
B000AXYM9C,B000AXYM9C-reworded
B0000C350U,B0000C350U-reworded
B000IHNA9S,B000IHNA9S-reworded
B00008666O,B00008666O-reworded
B00007IAWY,B00007IAWY-reworded
P00007839,P00007840
P00003491,P00003492
P00007801,P00007802
B0001471BG,B0001471BG-reworded
36637,205728900
P00012131,P00012132
P004391,P004392
P00019213,P00019214
P022247,P022248
P009519,P009520
P00011305,P00011306
P000491,P000492
P015435,P015436
P021579,P021580
P00007611,P00007612
P000163,P000164
B0000AJZRD,B0000AJZRD-reworded
P00019105,P00019106
B000OS4EU0,B000OS4EU0-reworded
P017055,P017056
P00007179,P00007180
P00010027,P00010028
23651,202784323
P00019115,P00019116
P000775,P000776
P001297,P001298
P018087,P018088
B0007KJKYA,B0007KJKYA-reworded
P010963,P010964
P001627,P001628
P026139,P026140
b0006aao9g,http://www.google.com/base/feeds/snippets/15937975832085771486
P00000317,P00000318
B000R32ER2,B000R32ER2-reworded
30453,207390309
P000813,P000814
P00011865,P00011866
P011011,P011012
P009815,P009816
P00019303,P00019304
P00006621,P00006622
b000fzxisg,http://www.google.com/base/feeds/snippets/13727078323480476968
B0002VNCSE,B0002VNCSE-reworded
P018967,P018968
B0001YRX78,B0001YRX78-reworded
b000hed3fs,http://www.google.com/base/feeds/snippets/4811212829822917671
P019927,P019928
B000G01A30,B000G01A30-reworded
P00006853,P00006854
P00002041,P00002042
P016919,P016920
P022399,P022400
P00018969,P00018970
P011287,P011288
B000F74G5I,B000F74G5I-reworded
B000162DGM,B000162DGM-reworded
P009051,P009052
P001187,P001188
P010823,P010824
B00026QFHY,B00026QFHY-reworded
P00010493,P00010494
P00019045,P00019046
B000B7MGKE,B000B7MGKE-reworded
B000CBXALS,B000CBXALS-reworded
P000257,P000258
P022779,P022780
b000feygds,http://www.google.com/base/feeds/snippets/437358952274487020
B000JKJMB4,B000JKJMB4-reworded
P009175,P009176
P014927,P014928
P00018131,P00018132
b0007d8r5k,http://www.google.com/base/feeds/snippets/13775362651326388438
P009011,P009012
B0002MFIVW,B0002MFIVW-reworded
30841,205554287
P008547,P008548
P00002335,P00002336
P00005219,P00005220
b000frqfe8,http://www.google.com/base/feeds/snippets/13703162595446844265
P00000383,P00000384
B000FDYJZY,B000FDYJZY-reworded
B0002YO85M,B0002YO85M-reworded
P00020029,P00020030
P00011061,P00011062
P00018385,P00018386
P011371,P011372
B000GEW9R2,B000GEW9R2-reworded
P00002735,P00002736
B0000C3G7C,B0000C3G7C-reworded
P008023,P008024
P00020119,P00020120
P00011511,P00011512
B0007CKQLO,B0007CKQLO-reworded
b000nknb8k,http://www.google.com/base/feeds/snippets/17333018247606173982
B0002CX8ZU,B0002CX8ZU-reworded
B00029BHC4,B00029BHC4-reworded
0071396969,0071396969-reworded
B00000DI13,B00000DI13-reworded
B0001D0HHM,B0001D0HHM-reworded
P00019861,P00019862
P019835,P019836
P006407,P006408
P00006667,P00006668
P002779,P002780
B000KJPPHO,B000KJPPHO-reworded
P00014459,P00014460
P019427,P019428
P005295,P005296
34150,207514563
P021959,P021960
P002651,P002652
P000863,P000864
B0002VN82E,B0002VN82E-reworded
P00004107,P00004108
P00003299,P00003300
P00013477,P00013478
P00010097,P00010098
P004339,P004340
P00012969,P00012970
P018235,P018236
P008123,P008124
P00011021,P00011022
b000i2jd0s,http://www.google.com/base/feeds/snippets/18393898679155461769
P004415,P004416
P001503,P001504
P00018215,P00018216
P015007,P015008
B000EJXMXO,B000EJXMXO-reworded
P00013885,P00013886
P019171,P019172
P025527,P025528
P00012463,P00012464
B0007QMZ1O,B0007QMZ1O-reworded
P00001523,P00001524
b0008ews9o,http://www.google.com/base/feeds/snippets/18354430457145981051
B0002S64K0,B0002S64K0-reworded
P00014113,P00014114
P000431,P000432
P023095,P023096
P00020091,P00020092
P00015087,P00015088
B000IWISXG,B000IWISXG-reworded
P018303,P018304
P00000987,P00000988
B0001YS3G8,B0001YS3G8-reworded
P00016973,P00016974
P010375,P010376
P00005879,P00005880
P00013237,P00013238
P007639,P007640
P00017071,P00017072
B000C0G3B8,B000C0G3B8-reworded
29816,208455891
B0001HN0IG,B0001HN0IG-reworded
35153,206887905
P002459,P002460
B00068992G,B00068992G-reworded
P00004153,P00004154
P005719,P005720
P00009037,P00009038
P00012621,P00012622
P00015865,P00015866
P00006579,P00006580
P00005707,P00005708
P00018503,P00018504
P00005517,P00005518
B000MW7PB8,B000MW7PB8-reworded
P00020121,P00020122
B000ND3GJG,B000ND3GJG-reworded
B0002NXSTU,B0002NXSTU-reworded
P00010713,P00010714
P001583,P001584
B0002910B2,B0002910B2-reworded
P00001841,P00001842
B0002TOYCO,B0002TOYCO-reworded
B0006Z9S8O,B0006Z9S8O-reworded
P00016775,P00016776
P013399,P013400
P00013363,P00013364
P00007137,P00007138
P022527,P022528
P00019001,P00019002
P00010855,P00010856
P00004743,P00004744
B0001FUUX6,B0001FUUX6-reworded
32584,206179562
P00017455,P00017456
P003595,P003596
b00006iqth,http://www.google.com/base/feeds/snippets/13286819633533674312
B000LDQSRA,B000LDQSRA-reworded
P00011139,P00011140
b0007lw23a,http://www.google.com/base/feeds/snippets/3045238811380824044
38477,10011646
B000ESDSVQ,B000ESDSVQ-reworded
B000JPZCXQ,B000JPZCXQ-reworded
P005179,P005180
P001241,P001242
P00012917,P00012918
P00016427,P00016428
P007599,P007600
P00006267,P00006268
B0000APD6K,B0000APD6K-reworded
B000I9LH28,B000I9LH28-reworded
P00011623,P00011624
P021151,P021152
P00006453,P00006454
P00019541,P00019542
P019995,P019996
b000eqazb4,http://www.google.com/base/feeds/snippets/12965745281480952652
P007947,P007948
P017719,P017720
P006251,P006252
B0006UOLIG,B0006UOLIG-reworded
B0002NZB1S,B0002NZB1S-reworded
B0000AG1WS,B0000AG1WS-reworded
P005403,P005404
P00012301,P00012302
P00004835,P00004836
P001347,P001348
P00003181,P00003182
P00018443,P00018444
B0002ITSTO,B0002ITSTO-reworded
38781,207920831
P00005493,P00005494
P00009419,P00009420
B0000C2PQV,B0000C2PQV-reworded
P00018707,P00018708
B0002NYVO6,B0002NYVO6-reworded
P015755,P015756
35045,207986331
P00020135,P00020136
P00016605,P00016606
P00008827,P00008828
B000F9XFFS,B000F9XFFS-reworded
34424,207390452
P00007225,P00007226
B000CSR3TQ,B000CSR3TQ-reworded
P00009285,P00009286
P009783,P009784
P009707,P009708
P012067,P012068
P00017319,P00017320
P00003649,P00003650
P007499,P007500
B000CP49GY,B000CP49GY-reworded
P00019689,P00019690
B0000C3E09,B0000C3E09-reworded
B00021YMOM,B00021YMOM-reworded
b000162zq0,http://www.google.com/base/feeds/snippets/18424247759201075212
P00008103,P00008104
P004791,P004792
P004727,P004728
P00002877,P00002878
P00017799,P00017800
P00006909,P00006910
P00003317,P00003318
B0000C31OF,B0000C31OF-reworded
P002667,P002668
P00000069,P00000070
P00008093,P00008094
B000PHMYTS,B000PHMYTS-reworded
P00020649,P00020650
P00015075,P00015076
P00008337,P00008338
P000049,P000050
B0000AHRAJ,B0000AHRAJ-reworded
B0002TOYB0,B0002TOYB0-reworded
b00005ld1r,http://www.google.com/base/feeds/snippets/18367097829354438075
P000655,P000656
P003707,P003708
P024739,P024740
P023939,P023940
P025791,P025792
P00020529,P00020530
B00028LH0W,B00028LH0W-reworded
P016455,P016456
P00014367,P00014368
P009003,P009004
B0002X0OWY,B0002X0OWY-reworded
P00009553,P00009554
P00006875,P00006876
P021539,P021540
b000nknaze,http://www.google.com/base/feeds/snippets/17094758357141692240
P00020739,P00020740
B000630K7O,B000630K7O-reworded
P00010301,P00010302
B000H3QCSE,B000H3QCSE-reworded
P00012921,P00012922
B0001B9DQ0,B0001B9DQ0-reworded
P00003259,P00003260
P00009145,P00009146
P00014453,P00014454
P007487,P007488
P00003681,P00003682
B000GFPMOI,B000GFPMOI-reworded
B00066ZO0O,B00066ZO0O-reworded
37767,204588748
31881,203514371
P00011579,P00011580
P00009623,P00009624
b000lwfbem,http://www.google.com/base/feeds/snippets/18426249152153175425
P00000219,P00000220
P00010475,P00010476
B0002VNB62,B0002VNB62-reworded
P00012393,P00012394
P00007761,P00007762
P021399,P021400
P026015,P026016
P018067,P018068
B00016PPQ2,B00016PPQ2-reworded
P00003421,P00003422
P00012871,P00012872
B000NPJHLA,B000NPJHLA-reworded
P026123,P026124
P003003,P003004
P003547,P003548
B000FFS8QI,B000FFS8QI-reworded
P001519,P001520
P00009161,P00009162
P018287,P018288
P00002707,P00002708
P00019929,P00019930
B0002OQ5YO,B0002OQ5YO-reworded
P00016907,P00016908
33081,208085180
P000135,P000136
25413,90049795
B0001X9HKA,B0001X9HKA-reworded
P023779,P023780
P004871,P004872
P00008975,P00008976
B0000DYV3L,B0000DYV3L-reworded
30575,209297205
P000593,P000594
B0002A3SG6,B0002A3SG6-reworded
B0002NYQR8,B0002NYQR8-reworded
P00000825,P00000826
P00000695,P00000696
P00011065,P00011066
P00000013,P00000014
B000C385WK,B000C385WK-reworded
P00004027,P00004028
P001507,P001508
P00019461,P00019462
P00006259,P00006260
B0000WLH00,B0000WLH00-reworded
B000CFFML0,B000CFFML0-reworded
P00018479,P00018480
B000PSZYMQ,B000PSZYMQ-reworded
B000MS23JQ,B000MS23JQ-reworded
P00006119,P00006120
P001323,P001324
P023087,P023088
P00014163,P00014164
P013031,P013032
33453,207876535
P017991,P017992
P00019219,P00019220
b0001gjc52,http://www.google.com/base/feeds/snippets/13642535173107321529
P014763,P014764
P00010155,P00010156
P025559,P025560
P00013247,P00013248
P005123,P005124
P00012253,P00012254
B0002VNTPK,B0002VNTPK-reworded
P010843,P010844
B00080Q5CO,B00080Q5CO-reworded
P00010239,P00010240
b000bx5ggy,http://www.google.com/base/feeds/snippets/8317633865991250636
29099,204222472
P00005671,P00005672
P021903,P021904
P023675,P023676
B000EDH76I,B000EDH76I-reworded
P004399,P004400
b0007sxgla,http://www.google.com/base/feeds/snippets/318535575684738487
P00009177,P00009178
P022523,P022524
B0002VN8Q0,B0002VN8Q0-reworded
P00016157,P00016158
P006787,P006788
P00006863,P00006864
P003703,P003704
P007063,P007064
P005195,P005196
P003711,P003712
28951,206722263
P018295,P018296
38483,210259873
P00001683,P00001684
P00015059,P00015060
P003563,P003564
P012443,P012444
24615,203340555
P001547,P001548
P00016361,P00016362
B000MW0E20,B000MW0E20-reworded
P00004175,P00004176
P001567,P001568
P024267,P024268
P00009919,P00009920
B0002LKZNE,B0002LKZNE-reworded
P00006087,P00006088
P00020503,P00020504
B0000ASO39,B0000ASO39-reworded
P000719,P000720
B0006UZVUS,B0006UZVUS-reworded
P000293,P000294
P00004007,P00004008
P000555,P000556
B00006I5U9,B00006I5U9-reworded
37539,208670548
P00004145,P00004146
P015283,P015284
P00008853,P00008854
B0009IU2ZG,B0009IU2ZG-reworded
P006807,P006808
P00006473,P00006474
P000751,P000752
B0001MIAUO,B0001MIAUO-reworded
38834,209310268
P016451,P016452
P00012503,P00012504
P00003973,P00003974
B000E0C8LA,B000E0C8LA-reworded
P00012353,P00012354
P006883,P006884
P00014441,P00014442
P00020737,P00020738
P00015719,P00015720
P00009739,P00009740
B000P5LVR6,B000P5LVR6-reworded
P00002073,P00002074
P00008937,P00008938
P00006925,P00006926
P00018577,P00018578
P004175,P004176
31830,205557539
P00016709,P00016710
P00007999,P00008000
P000247,P000248
P00019803,P00019804
P00011023,P00011024
B00021B5EM,B00021B5EM-reworded
P00017937,P00017938
P024811,P024812
B000EOQEL6,B000EOQEL6-reworded
b0000y7wc0,http://www.google.com/base/feeds/snippets/18438098517069192631
P000827,P000828
P00013413,P00013414
P00005703,P00005704
B0000C396A,B0000C396A-reworded
P00006321,P00006322
P00015691,P00015692
P002579,P002580
P020627,P020628
P00006837,P00006838
P008319,P008320
P004655,P004656
B000ACJUXQ,B000ACJUXQ-reworded
B00068V72G,B00068V72G-reworded
P00017963,P00017964
P025735,P025736
B0002TPA3Q,B0002TPA3Q-reworded
P00001999,P00002000
B000PWFQHK,B000PWFQHK-reworded
P001251,P001252
P00001867,P00001868
P025715,P025716
b000euhiug,http://www.google.com/base/feeds/snippets/15998338875089949975
P00017475,P00017476
P025471,P025472
b0000als2s,http://www.google.com/base/feeds/snippets/17832927937923546408
35477,206359209
P00017875,P00017876
P00005721,P00005722
P012595,P012596
P00004325,P00004326
P00017041,P00017042
P00002113,P00002114
B000BT2TVS,B000BT2TVS-reworded
B000AY5VG4,B000AY5VG4-reworded
P002787,P002788
P00021151,P00021152
P006907,P006908
P00011229,P00011230
P00011175,P00011176
P00019611,P00019612
B0009U7RPW,B0009U7RPW-reworded
P023935,P023936
P020547,P020548
P00010803,P00010804
P00012023,P00012024
38323,203379234
B00023DCPU,B00023DCPU-reworded
P000095,P000096
P00019133,P00019134
P00000905,P00000906
P00004761,P00004762
P021695,P021696
P00006439,P00006440
P00015929,P00015930
P00014287,P00014288
P00015163,P00015164
P001043,P001044
P007807,P007808
P00000641,P00000642
B0006TSGHO,B0006TSGHO-reworded
b000cditbc,http://www.google.com/base/feeds/snippets/18377490087458020504
P00020583,P00020584
P002127,P002128
B000078P6A,B000078P6A-reworded
P025043,P025044
P00015495,P00015496
P00012971,P00012972
P015087,P015088
P00012229,P00012230
B00016BGRO,B00016BGRO-reworded
B00005JPO4,B00005JPO4-reworded
P00009447,P00009448
P008323,P008324
P007127,P007128
P00006743,P00006744
P002863,P002864
B000BKNNS0,B000BKNNS0-reworded
P00016725,P00016726
B0002XT7YA,B0002XT7YA-reworded
B000F9LCQ2,B000F9LCQ2-reworded
P009199,P009200
P00011709,P00011710
P002711,P002712
P00003647,P00003648
P001457,P001458
P013487,P013488
P00015711,P00015712
P00002351,P00002352
P001931,P001932
P007983,P007984
P00010991,P00010992
P006119,P006120
P00005277,P00005278
b000hlt5g2,http://www.google.com/base/feeds/snippets/3274305083856247424
P00016991,P00016992
P026407,P026408
P000281,P000282
P00011437,P00011438
B0006UD7I6,B0006UD7I6-reworded
B000BO5UQO,B000BO5UQO-reworded
B00066N30C,B00066N30C-reworded
P022163,P022164
B000LGGRQ4,B000LGGRQ4-reworded
P00003095,P00003096
P00016805,P00016806
b000j1h08k,http://www.google.com/base/feeds/snippets/17943324820292919047
P00015269,P00015270
P00009391,P00009392
28205,204419878
P00002013,P00002014
P000007,P000008
P00015299,P00015300
P001135,P001136
P00018009,P00018010
P00004501,P00004502
P025091,P025092
B000G00XUG,B000G00XUG-reworded
P001559,P001560
P010739,P010740
P00017671,P00017672
P021503,P021504
P00005189,P00005190
P00006865,P00006866
P020943,P020944
P00020171,P00020172
P008035,P008036
P019511,P019512
B000R36C2A,B000R36C2A-reworded
P000447,P000448
P00015883,P00015884
P00006279,P00006280
P00015367,P00015368
B0002XPKKK,B0002XPKKK-reworded
P00006329,P00006330
P00002207,P00002208
B0000867JC,B0000867JC-reworded
P00016075,P00016076
P024355,P024356
P024367,P024368
P002483,P002484
P00013483,P00013484
32874,202870171
P00014313,P00014314
P002795,P002796
P00003561,P00003562
B000P7NWF8,B000P7NWF8-reworded
P012383,P012384
B000NE20WO,B000NE20WO-reworded
P000587,P000588
P00005075,P00005076
P00010395,P00010396
P00007145,P00007146
P00020607,P00020608
P00003527,P00003528
P008563,P008564
P005971,P005972
b00062uji0,http://www.google.com/base/feeds/snippets/2644254417608822315
P00001073,P00001074
32877,204297424
P00009321,P00009322
P00001481,P00001482
P012567,P012568
P008699,P008700
P00010193,P00010194
B0002VN8GA,B0002VN8GA-reworded
P007743,P007744
P014639,P014640
b0002ibev4,http://www.google.com/base/feeds/snippets/1887899244694755891
P007995,P007996
B000A31DA8,B000A31DA8-reworded
P00003331,P00003332
P00005185,P00005186
b000h13a2w,http://www.google.com/base/feeds/snippets/13389337162643628213
P00016369,P00016370
b000gb0m7y,http://www.google.com/base/feeds/snippets/15318442980556593434
P017159,P017160
P00013151,P00013152
34130,207652053
P00012141,P00012142
B0002TOU7S,B0002TOU7S-reworded
P00017893,P00017894
P00004699,P00004700
P004115,P004116
P00006105,P00006106
P000843,P000844
B0007NP4QK,B0007NP4QK-reworded
P00014425,P00014426
b000qxd2tc,http://www.google.com/base/feeds/snippets/7653075580455328736
B00021MV3G,B00021MV3G-reworded
P00005485,P00005486
P005639,P005640
B000Q3MBLM,B000Q3MBLM-reworded
P00013341,P00013342
P004491,P004492
b000h69szu,http://www.google.com/base/feeds/snippets/15544999546747963941
33438,207390650
B000148ENA,B000148ENA-reworded
P008675,P008676
P012419,P012420
P020807,P020808
0072383720,0072383720-reworded
P00009785,P00009786
P000729,P000730
P000523,P000524
P00001527,P00001528
P00015885,P00015886
B0000C2RA6,B0000C2RA6-reworded
P00013785,P00013786
P00007631,P00007632
P009523,P009524
P00007193,P00007194
P00014011,P00014012
B0002G8JIW,B0002G8JIW-reworded
B000E1A3NY,B000E1A3NY-reworded
B000BN7EJ6,B000BN7EJ6-reworded
B0000C2KZC,B0000C2KZC-reworded
P00005027,P00005028
P00001805,P00001806
P00015293,P00015294
P00021057,P00021058
P003599,P003600
P00020479,P00020480
B000CBIIMO,B000CBIIMO-reworded
P00002377,P00002378
P012191,P012192
P00000349,P00000350
B000OY8IYM,B000OY8IYM-reworded
P00010607,P00010608
P00005445,P00005446
P00019591,P00019592
P00019667,P00019668
B0001DYW6E,B0001DYW6E-reworded
P00015431,P00015432
P00005575,P00005576
P00004951,P00004952
B0002OPR3O,B0002OPR3O-reworded
B000BKKKBI,B000BKKKBI-reworded
b000n28264,http://www.google.com/base/feeds/snippets/9029807166568270057
P00005867,P00005868
22940,203472622
P00005393,P00005394
b000s5x3q0,http://www.google.com/base/feeds/snippets/17919905528679711200
b000e8jl80,http://www.google.com/base/feeds/snippets/16064170791328826375
P024447,P024448
P022647,P022648
P009231,P009232
P00009969,P00009970
P020575,P020576
P026755,P026756
b000mrnc9m,http://www.google.com/base/feeds/snippets/6926972626200206366
P022403,P022404
b0007d8esa,http://www.google.com/base/feeds/snippets/18368896632826907002
P024091,P024092
P00006019,P00006020
P000871,P000872
P00000387,P00000388
B0002LKOMQ,B0002LKOMQ-reworded
P00001853,P00001854
P012135,P012136
b000i8od3y,http://www.google.com/base/feeds/snippets/576657957503096211
P009887,P009888
B00064AIHA,B00064AIHA-reworded
P004079,P004080
P00003397,P00003398
B00066ZRZQ,B00066ZRZQ-reworded
B0006NUG96,B0006NUG96-reworded
P00000237,P00000238
P00018393,P00018394
P021963,P021964
P023383,P023384
P00001583,P00001584
P00011009,P00011010
P00010831,P00010832
B00019QIM4,B00019QIM4-reworded
B0002LIO8M,B0002LIO8M-reworded
P022479,P022480
8552,90138609
P000621,P000622
P00005705,P00005706
B00008621A,B00008621A-reworded
P013747,P013748
P025419,P025420
P000277,P000278
B0001OGHSE,B0001OGHSE-reworded
B00008WZ41,B00008WZ41-reworded
B00008IO85,B00008IO85-reworded
P00007203,P00007204
P00021045,P00021046
P00001935,P00001936
P012711,P012712
P00011997,P00011998
B0006HGUHO,B0006HGUHO-reworded
B00066ZIWS,B00066ZIWS-reworded
P00000713,P00000714
B0000AHR8W,B0000AHR8W-reworded
P006835,P006836
B000HQE5KS,B000HQE5KS-reworded
P017575,P017576
B000BWQ7J0,B000BWQ7J0-reworded
P009751,P009752
P016911,P016912
P012035,P012036
P00001715,P00001716
P00007905,P00007906
P00014437,P00014438
b00022ptt8,http://www.google.com/base/feeds/snippets/10568264795540984053
P00017201,P00017202
P00020263,P00020264
P00014267,P00014268
6304428227,6304428227-reworded
P00012885,P00012886
P00014415,P00014416
P00007053,P00007054
B000J3FHCO,B000J3FHCO-reworded
P00001051,P00001052
B0000C31KB,B0000C31KB-reworded
P00011241,P00011242
P008463,P008464
P00009885,P00009886
B0002VNSQ0,B0002VNSQ0-reworded
B000E62S28,B000E62S28-reworded
P007167,P007168
B000IR1TCI,B000IR1TCI-reworded
P00007035,P00007036
P00017257,P00017258
P00015615,P00015616
P00000493,P00000494
25318,202049393
P023331,P023332
P009027,P009028
33021,203154818
B0001HJXEQ,B0001HJXEQ-reworded
P00007277,P00007278
P016955,P016956
P000919,P000920
P000823,P000824
P00012225,P00012226
P014543,P014544
P00018653,P00018654
P005567,P005568
P00020869,P00020870
P00013435,P00013436
P00019101,P00019102
33437,207464919
B0002XSVZQ,B0002XSVZQ-reworded
P007483,P007484
P00002981,P00002982
P00007085,P00007086
35623,207514417
B000IBD51W,B000IBD51W-reworded
P003211,P003212
P001277,P001278
B0000YS3FA,B0000YS3FA-reworded
P00010597,P00010598
31414,204222915
P026203,P026204
P00020461,P00020462
P00006583,P00006584
P001179,P001180
P000627,P000628
b000jx5ppi,http://www.google.com/base/feeds/snippets/18113699401844993243
P00010995,P00010996
P00016477,P00016478
P026747,P026748
P00014215,P00014216
P000595,P000596
P00008321,P00008322
b0007yepy6,http://www.google.com/base/feeds/snippets/4783370532123880956
P021511,P021512
P005255,P005256
B0001477XS,B0001477XS-reworded
P00009595,P00009596
P00017879,P00017880
P00018607,P00018608
P000727,P000728
B0002NYPUQ,B0002NYPUQ-reworded
P021467,P021468
P00012413,P00012414
P00006205,P00006206
P018971,P018972
b0009yx9be,http://www.google.com/base/feeds/snippets/1021042895134770712
P00016625,P00016626
B000C2NTKE,B000C2NTKE-reworded
P003339,P003340
b000nkpf7u,http://www.google.com/base/feeds/snippets/18308374908816476565
P00005395,P00005396
P00002657,P00002658
P00018049,P00018050
P00003945,P00003946
P019847,P019848
34378,210402319
P021163,P021164
P002599,P002600
P004195,P004196
P00021023,P00021024
P00009987,P00009988
P00003529,P00003530
B0006NV9K6,B0006NV9K6-reworded
P021039,P021040
P00006151,P00006152
P005527,P005528
P00011743,P00011744
P021219,P021220
P00005981,P00005982
P00014525,P00014526
B0002VNTOG,B0002VNTOG-reworded
P00002649,P00002650
P001155,P001156
P002435,P002436
P002587,P002588
P010999,P011000
P015607,P015608
P00018303,P00018304
P00020687,P00020688
P00012911,P00012912
P00003309,P00003310
P00016419,P00016420
B0000C3DQ2,B0000C3DQ2-reworded
P00016459,P00016460
P00000039,P00000040
B0000C2LQ3,B0000C2LQ3-reworded
P019731,P019732
B000A7VRD2,B000A7VRD2-reworded
P00015663,P00015664
P00012179,P00012180
P00013911,P00013912
31635,206460118
B00008S4WP,B00008S4WP-reworded
B0006B52QU,B0006B52QU-reworded
P007839,P007840
P000575,P000576
P00014043,P00014044
P00017339,P00017340
P003391,P003392
P00010119,P00010120
P023959,P023960
B00029BHEM,B00029BHEM-reworded
P004199,P004200
P00001587,P00001588
B000PI60VA,B000PI60VA-reworded
B000NLYVP6,B000NLYVP6-reworded
P00011765,P00011766
P019987,P019988
34905,207514568
P00001389,P00001390
P00020883,P00020884
B000C19GL6,B000C19GL6-reworded
P00001773,P00001774
b000b6n2oe,http://www.google.com/base/feeds/snippets/848125606533600340
P00013321,P00013322
P008635,P008636
P018663,P018664
P00004093,P00004094
B000073V1U,B000073V1U-reworded
P00015765,P00015766
P004935,P004936
P00004505,P00004506
P000351,P000352
P00003341,P00003342
B000GQWABU,B000GQWABU-reworded
B000O27CAK,B000O27CAK-reworded
P00002681,P00002682
P00013919,P00013920
P00010325,P00010326
P015107,P015108
B0002XSXDQ,B0002XSXDQ-reworded
37499,208043057
P00020149,P00020150
B000I7GLMG,B000I7GLMG-reworded
B000TDOFA4,B000TDOFA4-reworded
P00000271,P00000272
P00010605,P00010606
P00012093,P00012094
P003675,P003676
P00002025,P00002026
B00066PCFG,B00066PCFG-reworded
B0000C1WCE,B0000C1WCE-reworded
0708922619,0708922619-reworded
P00000445,P00000446
P00008865,P00008866
P00009327,P00009328
B00066PBUC,B00066PBUC-reworded
P00002989,P00002990
P00019161,P00019162
P012559,P012560
P00000683,P00000684
B000I1I198,B000I1I198-reworded
P00007605,P00007606
P00019357,P00019358
P00013113,P00013114
P016967,P016968
P00000021,P00000022
P006963,P006964
B0002T6E72,B0002T6E72-reworded
P00011469,P00011470
P00015737,P00015738
P00017385,P00017386
B00029JHBM,B00029JHBM-reworded
P00015035,P00015036
37181,209705773
B0001Y44AC,B0001Y44AC-reworded
P006863,P006864
P019159,P019160
P018679,P018680
P00017115,P00017116
36515,209687172
P021827,P021828
B0000C46FI,B0000C46FI-reworded
P00001401,P00001402
P00018839,P00018840
28020,204734549
P004895,P004896
P017919,P017920
P014771,P014772
P003195,P003196
P00001929,P00001930
17653,10382243
P004847,P004848
P001551,P001552
P00001815,P00001816
P00011639,P00011640
P003959,P003960
34031,207910213
19628,202778257
B00020WOFM,B00020WOFM-reworded
P018339,P018340
P016743,P016744
P00005363,P00005364
B00027EUUW,B00027EUUW-reworded
B0007ZF80U,B0007ZF80U-reworded
P00017469,P00017470
P020167,P020168
B000H82526,B000H82526-reworded
P00001247,P00001248
P017859,P017860
B0002VN8BK,B0002VN8BK-reworded
B0009UC09U,B0009UC09U-reworded
33477,208154551
b000cco5wa,http://www.google.com/base/feeds/snippets/18260252787140686571
P018871,P018872
37141,209194240
P00005629,P00005630
B000A8SXC4,B000A8SXC4-reworded
P00008681,P00008682
P00005581,P00005582
P00016431,P00016432
P00018847,P00018848
P00004915,P00004916
P026739,P026740
b000ihxoa8,http://www.google.com/base/feeds/snippets/15299848488500055875
P00003471,P00003472
P00016745,P00016746
P00009589,P00009590
P009691,P009692
B000148A84,B000148A84-reworded
P005471,P005472
b000hlt5hq,http://www.google.com/base/feeds/snippets/5120006088713032791
b000s8jxpc,http://www.google.com/base/feeds/snippets/18415890873747923115
P008663,P008664
P00002933,P00002934
b000mtebtu,http://www.google.com/base/feeds/snippets/7898902077337932386
B00015GEEA,B00015GEEA-reworded
P00019411,P00019412
B0001LMRU4,B0001LMRU4-reworded
b000pgaimo,http://www.google.com/base/feeds/snippets/5326441011843947394
B000068OAY,B000068OAY-reworded
b00005aycg,http://www.google.com/base/feeds/snippets/3987149121723701537
P00017481,P00017482
P000699,P000700
P00010277,P00010278
P00016755,P00016756
P00005969,P00005970
B000E1WBZW,B000E1WBZW-reworded
P020015,P020016
B000BW1T2K,B000BW1T2K-reworded
P00009505,P00009506
P00018189,P00018190
P00006665,P00006666
P00005689,P00005690
B000A2LTMQ,B000A2LTMQ-reworded
P00015565,P00015566
P000699,P000700
P00014185,P00014186
P00009581,P00009582
P00000747,P00000748
B0007QMTMO,B0007QMTMO-reworded
P00002667,P00002668
P004291,P004292
B00066ZPGC,B00066ZPGC-reworded
P007363,P007364
b000e3fn4g,http://www.google.com/base/feeds/snippets/18391865764441158658
B00008E2YS,B00008E2YS-reworded
B0000CBALA,B0000CBALA-reworded
b000bs5ibm,http://www.google.com/base/feeds/snippets/15944513620809178120
P025467,P025468
P001107,P001108
P017743,P017744
B000E73S5I,B000E73S5I-reworded
b0007lw22q,http://www.google.com/base/feeds/snippets/16090908477278345856
B00020X3CA,B00020X3CA-reworded
P001673,P001674
B000JX2HZY,B000JX2HZY-reworded
P00011679,P00011680
b000e8rdrq,http://www.google.com/base/feeds/snippets/890958699191814692
P00010013,P00010014
B0002NZE9C,B0002NZE9C-reworded
P010507,P010508
P00001677,P00001678
P021607,P021608
B0002H7LTO,B0002H7LTO-reworded
P00016111,P00016112
P00005781,P00005782
B000LSQGBI,B000LSQGBI-reworded
B0002TPCUC,B0002TPCUC-reworded
B00062NBOE,B00062NBOE-reworded
P00009205,P00009206
P00008151,P00008152
36454,208237793
P00013017,P00013018
B0002TI2B8,B0002TI2B8-reworded
b000ndibnc,http://www.google.com/base/feeds/snippets/16406760233183606059
P004063,P004064
P00014211,P00014212
P003247,P003248
36027,203396159
P001669,P001670
P00006813,P00006814
P00006561,P00006562
P012875,P012876
P00005577,P00005578
34263,207897315
P00003159,P00003160
P00000973,P00000974
P000183,P000184
P00001865,P00001866
P00002327,P00002328
P004267,P004268
B0006B52RO,B0006B52RO-reworded
P013695,P013696
B000GQ03GY,B000GQ03GY-reworded
P00002997,P00002998
B000NOVGS8,B000NOVGS8-reworded
P00019977,P00019978
P00012341,P00012342
B0000861ZM,B0000861ZM-reworded
P023867,P023868
B000A3XZ3Q,B000A3XZ3Q-reworded
P00000291,P00000292
B0002F42JS,B0002F42JS-reworded
P016355,P016356
B000MQ7DQ6,B000MQ7DQ6-reworded
B000I4MPJ2,B000I4MPJ2-reworded
P013563,P013564
P00018979,P00018980
P00014003,P00014004
P00019931,P00019932
P00015379,P00015380
P00003569,P00003570
P003107,P003108
P020059,P020060
P005731,P005732
P009587,P009588
P007267,P007268
B0003216GM,B0003216GM-reworded
P00013269,P00013270
P000805,P000806
P007323,P007324
B000JVVZYK,B000JVVZYK-reworded
P016539,P016540
P023259,P023260
34309,208455893
P00011063,P00011064
P00017055,P00017056
P00002575,P00002576
P00019709,P00019710
b000ub6avc,http://www.google.com/base/feeds/snippets/7795796130761039507
P00014125,P00014126
P00003171,P00003172
P00013689,P00013690
P00007787,P00007788
P001279,P001280
P00002263,P00002264
P011819,P011820
P017559,P017560
P000137,P000138
P00005987,P00005988
P00004121,P00004122
P000019,P000020
P00003843,P00003844
B000GZA4SW,B000GZA4SW-reworded
B00020O9DC,B00020O9DC-reworded
P005823,P005824
P00002403,P00002404
B0000D8Q1S,B0000D8Q1S-reworded
P00000433,P00000434
B000IWK0NC,B000IWK0NC-reworded
B0002M5AJ2,B0002M5AJ2-reworded
B000FBT48S,B000FBT48S-reworded
B0002TOV9A,B0002TOV9A-reworded
P00019265,P00019266
P00017361,P00017362
P00006083,P00006084
P007655,P007656
P021779,P021780
B000308N6A,B000308N6A-reworded
P00012975,P00012976
P002951,P002952
P011187,P011188
P00007721,P00007722
P00017109,P00017110
P00006045,P00006046
P00012965,P00012966
P00001335,P00001336
23350,50012447
P00003373,P00003374
P00005789,P00005790
P00006383,P00006384
P000379,P000380
P00021113,P00021114
38831,201854347
P018003,P018004
P00005955,P00005956
P012131,P012132
P00009123,P00009124
P007627,P007628
P00009689,P00009690
P026007,P026008
P00002193,P00002194
P00004421,P00004422
B000O3OK7C,B000O3OK7C-reworded
B000PYHF1I,B000PYHF1I-reworded
P013123,P013124
P00000737,P00000738
P005199,P005200
P00020303,P00020304
B000086221,B000086221-reworded
P00000855,P00000856
B000207J0M,B000207J0M-reworded
P00002755,P00002756
P00010545,P00010546
P00001207,P00001208
P00002643,P00002644
P005231,P005232
B000FW0TDQ,B000FW0TDQ-reworded
P009515,P009516
P00012761,P00012762
B000ND3IIA,B000ND3IIA-reworded
P007419,P007420
P020667,P020668
B0002M5AO2,B0002M5AO2-reworded
P00000249,P00000250
P00015089,P00015090
P002199,P002200
P00011335,P00011336
P00006773,P00006774
P00001565,P00001566
P00011529,P00011530
36197,207925440
P004643,P004644
P020963,P020964
B000P87KZU,B000P87KZU-reworded
P005375,P005376
P00006941,P00006942
B0002LINJM,B0002LINJM-reworded
P00007943,P00007944
P00007407,P00007408
P00010497,P00010498
P00013007,P00013008
b000nkpf7k,http://www.google.com/base/feeds/snippets/17506547254238780201
P00013709,P00013710
P001043,P001044
B0002TOTN8,B0002TOTN8-reworded
B000145Q5Y,B000145Q5Y-reworded
P021871,P021872
B00030IT0K,B00030IT0K-reworded
P010191,P010192
P00001105,P00001106
P018391,P018392
P00000375,P00000376
P000631,P000632
P00013547,P00013548
P005559,P005560
P00014809,P00014810
B0002OQV16,B0002OQV16-reworded
P00008695,P00008696
P00019417,P00019418
P003031,P003032
B000C7VE3I,B000C7VE3I-reworded
P00009055,P00009056
B0002ZRQJQ,B0002ZRQJQ-reworded
P00005347,P00005348
P008691,P008692
B000AYHLIA,B000AYHLIA-reworded
33955,207391023
P022491,P022492
B000FJEKO8,B000FJEKO8-reworded
31813,207533462
P00016439,P00016440
P00016187,P00016188
P017603,P017604
P00002831,P00002832
36859,210399849
P025223,P025224
P002471,P002472
P014943,P014944
P00014571,P00014572
P019191,P019192
P019567,P019568
P00012493,P00012494
P00005701,P00005702
P00000947,P00000948
b00062ak2k,http://www.google.com/base/feeds/snippets/18376072611700638452
P00000255,P00000256
P005187,P005188
26930,203445879
P00016663,P00016664
B00075ZXG4,B00075ZXG4-reworded
P006683,P006684
B000I05SUY,B000I05SUY-reworded
B000K6RJXK,B000K6RJXK-reworded
P010451,P010452
B000HZDNKC,B000HZDNKC-reworded
P015223,P015224
P002195,P002196
B0007NECQS,B0007NECQS-reworded
P023339,P023340
B00004TBM6,B00004TBM6-reworded
P019839,P019840
P020867,P020868
P00007689,P00007690
P010715,P010716
P00001205,P00001206
P00000403,P00000404
P00006477,P00006478
B000UU3XBS,B000UU3XBS-reworded
B000GHBBDC,B000GHBBDC-reworded
B0000D8WMP,B0000D8WMP-reworded
P00010601,P00010602
B00065WOTE,B00065WOTE-reworded
P00012833,P00012834
b000hed3fi,http://www.google.com/base/feeds/snippets/5655410586169835557
P00016723,P00016724
P00004171,P00004172
P00005825,P00005826
B000B7PKWU,B000B7PKWU-reworded
P025035,P025036
P00003405,P00003406
P013311,P013312
P00010753,P00010754
B0001UQVRK,B0001UQVRK-reworded
P024271,P024272
B0002NZQ7W,B0002NZQ7W-reworded
36022,208226697
P016143,P016144
P00001813,P00001814
B0000ASNQO,B0000ASNQO-reworded
P00019189,P00019190
P018999,P019000
P024655,P024656
P015011,P015012
P00008341,P00008342
B0006B51V6,B0006B51V6-reworded
P00001383,P00001384
P00001237,P00001238
P005879,P005880
P001661,P001662
B000NQTLFG,B000NQTLFG-reworded
P00002439,P00002440
B000MSC9N6,B000MSC9N6-reworded
b000j00xeo,http://www.google.com/base/feeds/snippets/8524288977169655479
P00003509,P00003510
B000AV06DA,B000AV06DA-reworded
P00012343,P00012344
B0002YLORW,B0002YLORW-reworded
B0006L9ZDG,B0006L9ZDG-reworded
P023539,P023540
B000HAZ25G,B000HAZ25G-reworded
P00008497,P00008498
P00005279,P00005280
b000fer1d0,http://www.google.com/base/feeds/snippets/2328950736697317790
B0002TI222,B0002TI222-reworded
B00008IEV4,B00008IEV4-reworded
B0001KDY20,B0001KDY20-reworded
B000F5BRXO,B000F5BRXO-reworded
P024059,P024060
P018875,P018876
P001091,P001092
P00018589,P00018590
b000jbxxtk,http://www.google.com/base/feeds/snippets/18377982787934617712
P022627,P022628
P00015673,P00015674
P012139,P012140
B0002T6EG8,B0002T6EG8-reworded
B00068Y3O0,B00068Y3O0-reworded
P00003737,P00003738
P00003991,P00003992
36080,207900178
P000585,P000586
34948,208114675
P00018349,P00018350
P00009611,P00009612
P013431,P013432
B000LHTBX4,B000LHTBX4-reworded
P001699,P001700
B000F6SJY8,B000F6SJY8-reworded
B0006ZAZQS,B0006ZAZQS-reworded
P00018745,P00018746
36909,208656497
B0002TPA8G,B0002TPA8G-reworded
B000674RR4,B000674RR4-reworded
P00014763,P00014764
P00005461,P00005462
P00020637,P00020638
0972128670,0972128670-reworded
P00008111,P00008112
P00001761,P00001762
P00007397,P00007398
P00016691,P00016692
P00002599,P00002600
P00003351,P00003352
P00009125,P00009126
P023719,P023720
P00003857,P00003858
P00011365,P00011366
P025131,P025132
B0002L01X8,B0002L01X8-reworded
P00009129,P00009130
P022547,P022548
P00014999,P00015000
32882,204563949
P00012887,P00012888
P00014947,P00014948
P002555,P002556
P00018675,P00018676
B0002YO2OY,B0002YO2OY-reworded
P002303,P002304
P00018239,P00018240
16394,203111424
P000855,P000856
P00012659,P00012660
b000dzfdbi,http://www.google.com/base/feeds/snippets/17922830512683848229
P00001457,P00001458
P000939,P000940
B000GZJ40Q,B000GZJ40Q-reworded
P00019881,P00019882
B000095IL8,B000095IL8-reworded
B000IZC0LY,B000IZC0LY-reworded
b00002s6sc,http://www.google.com/base/feeds/snippets/6908558013988135436
B0007NIGMO,B0007NIGMO-reworded
P00000721,P00000722
P00013277,P00013278
P00021141,P00021142
P011299,P011300
b000b57k4s,http://www.google.com/base/feeds/snippets/16798783463218493349
P023195,P023196
B000NUXO3W,B000NUXO3W-reworded
B000K36YAC,B000K36YAC-reworded
P020267,P020268
P00004427,P00004428
P00007653,P00007654
B0081AHDTW,B0081AHDTW-reworded
P006191,P006192
P00015597,P00015598
P001555,P001556
P011067,P011068
P004963,P004964
P00000579,P00000580
P00013201,P00013202
P001251,P001252
B0006L31UO,B0006L31UO-reworded
P00006815,P00006816
P00014591,P00014592
B000PHQAEI,B000PHQAEI-reworded
P00004587,P00004588
P00018001,P00018002
P022907,P022908
B0001YSAXY,B0001YSAXY-reworded
P007047,P007048
P000517,P000518
P00018529,P00018530
P024139,P024140
P00001891,P00001892
b00002s6sc,http://www.google.com/base/feeds/snippets/14941513108998426217
P00010191,P00010192
B000142N4G,B000142N4G-reworded
P023027,P023028
B0006NMB4Y,B0006NMB4Y-reworded
P00017233,P00017234
P00000489,P00000490
29272,203900792
P00016135,P00016136
P008939,P008940
B0000B38VC,B0000B38VC-reworded
P016271,P016272
B000247YNA,B000247YNA-reworded
P021271,P021272
b000kmcf0g,http://www.google.com/base/feeds/snippets/18420491833696681736
B000BDDFWG,B000BDDFWG-reworded
b000ndicze,http://www.google.com/base/feeds/snippets/15315731988494931444
P00018635,P00018636
P00005621,P00005622
B00011T7N4,B00011T7N4-reworded
b0007ly3zu,http://www.google.com/base/feeds/snippets/16699804671191247885
b000bcdrdo,http://www.google.com/base/feeds/snippets/9984474904568818121
B000FS2J8S,B000FS2J8S-reworded
P00018923,P00018924
P026447,P026448
P00015177,P00015178
P00012079,P00012080
P00002069,P00002070
B00017YW1U,B00017YW1U-reworded
B0001U1B8Y,B0001U1B8Y-reworded
P019599,P019600
b000ehq008,http://www.google.com/base/feeds/snippets/18415416380788323186
P00008645,P00008646
P00004377,P00004378
P000173,P000174
P025199,P025200
P00006143,P00006144
P020471,P020472
P00005179,P00005180
P00008571,P00008572
35431,207506251
B0000AWOEI,B0000AWOEI-reworded
P021711,P021712
P011991,P011992
b000e65hki,http://www.google.com/base/feeds/snippets/11050991040966629398
B0002OQV84,B0002OQV84-reworded
P000667,P000668
P012247,P012248
B00066N3ZM,B00066N3ZM-reworded
P00006957,P00006958
P006131,P006132
P002491,P002492
P00012199,P00012200
P023791,P023792
P00005929,P00005930
1931102953,http://www.google.com/base/feeds/snippets/12729065138733783657
B0000WZQRA,B0000WZQRA-reworded
P023631,P023632
P00006867,P00006868
B0002UFHJ2,B0002UFHJ2-reworded
P000535,P000536
P007307,P007308
P00010317,P00010318
P002179,P002180
P00016097,P00016098
P018283,P018284
P00006693,P00006694
P00007419,P00007420
P000179,P000180
P00006735,P00006736
P020907,P020908
P015487,P015488
P00015179,P00015180
P00016711,P00016712
P014723,P014724
P000089,P000090
P00005983,P00005984
P00007373,P00007374
P000579,P000580
b0008glgea,http://www.google.com/base/feeds/snippets/7415156197197389350
P00016885,P00016886
B0000C3DZB,B0000C3DZB-reworded
P015923,P015924
b000k2t0ou,http://www.google.com/base/feeds/snippets/13916432686331461255
b000iaolaw,http://www.google.com/base/feeds/snippets/2919031939469503608
P00010363,P00010364
P00019603,P00019604
P00006709,P00006710
P000251,P000252
P001555,P001556
P010731,P010732
P018475,P018476
B000HKJLCQ,B000HKJLCQ-reworded
P003115,P003116
b000bs5icq,http://www.google.com/base/feeds/snippets/4295762370065792405
P00004221,P00004222
B000HDF6J0,B000HDF6J0-reworded
P00016549,P00016550
P006755,P006756
P00007819,P00007820
B0001CIWR0,B0001CIWR0-reworded
B0001HYQ34,B0001HYQ34-reworded
31014,205777541
b00005op44,http://www.google.com/base/feeds/snippets/18381906790026125106
B0002MQF5A,B0002MQF5A-reworded
P00017933,P00017934
20466,201692695
P005671,P005672
P002255,P002256
P019683,P019684
P00017023,P00017024
P00006289,P00006290
P000099,P000100
25388,90145568
b0009qvgeo,http://www.google.com/base/feeds/snippets/10895411331126528294
P00011883,P00011884
B0001476E8,B0001476E8-reworded
B00024DWTU,B00024DWTU-reworded
P019047,P019048
P00007287,P00007288
P00011215,P00011216
P002543,P002544
P00007673,P00007674
P006007,P006008
b000ri161w,http://www.google.com/base/feeds/snippets/4601529828088226069
B0008GQG3Q,B0008GQG3Q-reworded
P00010141,P00010142
b000i84dum,http://www.google.com/base/feeds/snippets/17544872940647061920
P00006871,P00006872
B0000VIKUG,B0000VIKUG-reworded
P00011359,P00011360
P00004417,P00004418
P00007699,P00007700
P010195,P010196
P017491,P017492
B00020X1EA,B00020X1EA-reworded
P00009109,P00009110
P00006303,P00006304
P00012081,P00012082
P008407,P008408
B0006I7H66,B0006I7H66-reworded
P008335,P008336
B0007CKM0O,B0007CKM0O-reworded
P00015807,P00015808
P00000649,P00000650
P00002387,P00002388
28981,204559214
34363,206892902
P00014965,P00014966
P000241,P000242
37474,209310245
P012515,P012516
B000B5S646,B000B5S646-reworded
P00003027,P00003028
33863,207391013
P00001323,P00001324
P002339,P002340
P00020463,P00020464
P00001475,P00001476
B000QBO7D4,B000QBO7D4-reworded
P00007235,P00007236
P001195,P001196
b0002719lk,http://www.google.com/base/feeds/snippets/18416093365515680633
P00016325,P00016326
B0002LIJXW,B0002LIJXW-reworded
P00020431,P00020432
P00001869,P00001870
P00014789,P00014790
B00029U6JO,B00029U6JO-reworded
B0000A0MZM,B0000A0MZM-reworded
P00013231,P00013232
P009559,P009560
P00000213,P00000214
b000hjqyc2,http://www.google.com/base/feeds/snippets/15260761427784751076
P00001557,P00001558
P00013747,P00013748
P00000941,P00000942
P00008565,P00008566
P000743,P000744
P018631,P018632
B0000YBW8U,B0000YBW8U-reworded
P00002771,P00002772
P023931,P023932
P00017397,P00017398
P00008105,P00008106
B0002F0JCW,B0002F0JCW-reworded
P023475,P023476
P00016313,P00016314
11338,90140166
P00000303,P00000304
P024275,P024276
P00015267,P00015268
P00020893,P00020894
P00010213,P00010214
P003783,P003784
P00011999,P00012000
P022759,P022760
B000ASEW2Y,B000ASEW2Y-reworded
P00003503,P00003504
P000695,P000696
P026583,P026584
P002187,P002188
P00001213,P00001214
0773519017,0773519017-reworded
P00017193,P00017194
P002675,P002676
P00010195,P00010196
B0004Z34L8,B0004Z34L8-reworded
P003027,P003028
P00006415,P00006416
36864,210442350
P00013773,P00013774
P009019,P009020
P00012743,P00012744
B0007OV54O,B0007OV54O-reworded
P008923,P008924
P00002345,P00002346
P00019523,P00019524
34165,206928452
P001243,P001244
25111,203017912
B0002NZSPC,B0002NZSPC-reworded
P022651,P022652
B000196X60,B000196X60-reworded
B0000CB9UJ,B0000CB9UJ-reworded
P00007557,P00007558
32889,208085178
P008799,P008800
P00001031,P00001032
P001315,P001316
B000BQ4NEM,B000BQ4NEM-reworded
P00018853,P00018854
b00029rapc,http://www.google.com/base/feeds/snippets/17059526546034030562
30867,205554724
B000BPOBNG,B000BPOBNG-reworded
B000HZ48OM,B000HZ48OM-reworded
B00066PKUS,B00066PKUS-reworded
P00020283,P00020284
P00002323,P00002324
P011375,P011376
P003451,P003452
B0002T67TC,B0002T67TC-reworded
P00002943,P00002944
P013451,P013452
P026731,P026732
P00020093,P00020094
b000068u3h,http://www.google.com/base/feeds/snippets/11635339528486156141
P021743,P021744
B000A7SUVO,B000A7SUVO-reworded
P00002321,P00002322
b000h14rqk,http://www.google.com/base/feeds/snippets/10090208868795399315
B0007CKRFO,B0007CKRFO-reworded
b0009suw4w,http://www.google.com/base/feeds/snippets/4325793427900176296
b000byruai,http://www.google.com/base/feeds/snippets/10307558685940721323
B0001AURH0,B0001AURH0-reworded
P011507,P011508
38098,209026630
P020739,P020740
P002163,P002164
P00006071,P00006072
P00011017,P00011018
P00001421,P00001422
P021755,P021756
b000p49vis,http://www.google.com/base/feeds/snippets/17360430673200796553
P00012693,P00012694
P008455,P008456
P00012843,P00012844
b000rhdusa,http://www.google.com/base/feeds/snippets/17582660229215283000
P001867,P001868
P00011857,P00011858
P00019989,P00019990
b000v7y5j4,http://www.google.com/base/feeds/snippets/17269511268099992892
B000ERVFEY,B000ERVFEY-reworded
B000072RIM,B000072RIM-reworded
P010155,P010156
B0001YS9NU,B0001YS9NU-reworded
P00003897,P00003898
B000E9ICB6,B000E9ICB6-reworded
B000662EMA,B000662EMA-reworded
P00007309,P00007310
B00016PPJE,B00016PPJE-reworded
P00002011,P00002012
P00010675,P00010676
P00003031,P00003032
P00001641,P00001642
P021875,P021876
P00012755,P00012756
B00066ZT7M,B00066ZT7M-reworded
P00005953,P00005954
P00000361,P00000362
P00016443,P00016444
B000AM8RYY,B000AM8RYY-reworded
P025727,P025728
B0002M1XK2,B0002M1XK2-reworded
P00006727,P00006728
P00010763,P00010764
P00008913,P00008914
B0002VN4HS,B0002VN4HS-reworded
P00016571,P00016572
P020939,P020940
P00015505,P00015506
P00018219,P00018220
P023355,P023356
P001207,P001208
B0007OW5IY,B0007OW5IY-reworded
35183,208117920
P00015487,P00015488
B0002VMLC2,B0002VMLC2-reworded
P00014503,P00014504
P004071,P004072
P00004991,P00004992
P017795,P017796
P00012793,P00012794
P026331,P026332
P00001699,P00001700
33985,208504045
P00014035,P00014036
P00007541,P00007542
B000P1KG1W,B000P1KG1W-reworded
P00016807,P00016808
P00015195,P00015196
P001605,P001606
P00012649,P00012650
P00018113,P00018114
P00000969,P00000970
B000G7YMUG,B000G7YMUG-reworded
B0002VMSUC,B0002VMSUC-reworded
P00012827,P00012828
P00017443,P00017444
P00002701,P00002702
P006615,P006616
B000AALI4M,B000AALI4M-reworded
b000nwsclo,http://www.google.com/base/feeds/snippets/18404168006486239466
P00012071,P00012072
P00014195,P00014196
B0002ZUAU8,B0002ZUAU8-reworded
B0002EDQMS,B0002EDQMS-reworded
B0000C31UV,B0000C31UV-reworded
38492,206725966
P019659,P019660
P00011929,P00011930
34754,207543198
P011579,P011580
P015063,P015064
P006859,P006860
B0002MQF46,B0002MQF46-reworded
P00010861,P00010862
b000gcd6lw,http://www.google.com/base/feeds/snippets/6581993018347517264
P00018875,P00018876
P00003127,P00003128
B0000AUF4U,B0000AUF4U-reworded
B0002CQGJU,B0002CQGJU-reworded
P022031,P022032
P00008405,P00008406
P006383,P006384
P00010129,P00010130
P00009139,P00009140
P00004683,P00004684
P015151,P015152
P00017987,P00017988
P00018381,P00018382
P00009267,P00009268
b000gb1xfo,http://www.google.com/base/feeds/snippets/5068947095089747483
b00007e8d4,http://www.google.com/base/feeds/snippets/16959392076941739015
B0002YEGAO,B0002YEGAO-reworded
P00014047,P00014048
B0007DGVJO,B0007DGVJO-reworded
B0002M5AGU,B0002M5AGU-reworded
P00007531,P00007532
P00002593,P00002594
P00013983,P00013984
P00009057,P00009058
B000IEJVGM,B000IEJVGM-reworded
b000pijt6i,http://www.google.com/base/feeds/snippets/16984572314608520314
P007991,P007992
P00018373,P00018374
P00019617,P00019618
b0009eu0ca,http://www.google.com/base/feeds/snippets/12931942175551075589
P014891,P014892
P00014307,P00014308
B000LO5W8K,B000LO5W8K-reworded
B000665E72,B000665E72-reworded
P00013139,P00013140
P007883,P007884
B0000AWHPR,B0000AWHPR-reworded
P00008531,P00008532
P004251,P004252
P00011839,P00011840
B0002X0OX8,B0002X0OX8-reworded
P003235,P003236
b0000cdvuh,http://www.google.com/base/feeds/snippets/17695920349455995837
P00008129,P00008130
P020311,P020312
B0000AWYL9,B0000AWYL9-reworded
P00001333,P00001334
P00006597,P00006598
P00000233,P00000234
P017871,P017872
b00099xf0e,http://www.google.com/base/feeds/snippets/16819471998102486336
P00001233,P00001234
P016811,P016812
P026539,P026540
P001267,P001268
P00016339,P00016340
P00002623,P00002624
P00018851,P00018852
P00016425,P00016426
P00006737,P00006738
P003747,P003748
b000kipk02,http://www.google.com/base/feeds/snippets/3911347389465432711
P00001571,P00001572
P00016311,P00016312
B000KVR69M,B000KVR69M-reworded
B000FEC95K,B000FEC95K-reworded
P00003983,P00003984
P00020877,P00020878
B000B8LAGO,B000B8LAGO-reworded
b000in6trc,http://www.google.com/base/feeds/snippets/6874875179525744781
P00000827,P00000828
P00004187,P00004188
B000OZANBW,B000OZANBW-reworded
B0000C3BAA,B0000C3BAA-reworded
P00004057,P00004058
P00014681,P00014682
B000NND8PI,B000NND8PI-reworded
P020619,P020620
B0000B1UW2,B0000B1UW2-reworded
0758205538,0758205538-reworded
P00004029,P00004030
27920,206725724
B000EZUWB8,B000EZUWB8-reworded
P002639,P002640
P00007387,P00007388
b000a3x6te,http://www.google.com/base/feeds/snippets/16407653863068941558
P00014109,P00014110
B0002OQ4C2,B0002OQ4C2-reworded
P00016695,P00016696
b000k2pa3a,http://www.google.com/base/feeds/snippets/11972925909028080525
B00066ZJ3G,B00066ZJ3G-reworded
B000AAEA60,B000AAEA60-reworded
P00001563,P00001564
17596,90139261
P00000963,P00000964
P00003947,P00003948
P00005181,P00005182
P000107,P000108
B000H8HEE0,B000H8HEE0-reworded
34897,208504421
b000bknncq,http://www.google.com/base/feeds/snippets/10004325115759097777
7783,202900227
P00003935,P00003936
P00010251,P00010252
B0000A0MZD,B0000A0MZD-reworded
P000231,P000232
P00003445,P00003446
P022643,P022644
P000659,P000660
P00013601,P00013602
P018083,P018084
P022807,P022808
P00004673,P00004674
P00004025,P00004026
P001641,P001642
P00002723,P00002724
P00001041,P00001042
P00014669,P00014670
P00008985,P00008986
b000gcgqvy,http://www.google.com/base/feeds/snippets/17456162504360585884
B0000A0MYZ,B0000A0MYZ-reworded
31020,205835447
B000K5VD1U,B000K5VD1U-reworded
P00008517,P00008518
19672,203088013
P001101,P001102
P00006629,P00006630
B0006ZLIT6,B0006ZLIT6-reworded
B0000C31Z7,B0000C31Z7-reworded
P00012663,P00012664
P00018615,P00018616
B000ICZHF8,B000ICZHF8-reworded
P000355,P000356
P014955,P014956
P00015745,P00015746
P00015529,P00015530
B000BV0KDA,B000BV0KDA-reworded
P007603,P007604
B0002VNN1K,B0002VNN1K-reworded
P016875,P016876
B000GHLB96,B000GHLB96-reworded
P023219,P023220
27965,203136102
P006691,P006692
P024579,P024580
b000in34bq,http://www.google.com/base/feeds/snippets/5571864419424285346
P00012121,P00012122
P00001663,P00001664
b00009l1hv,http://www.google.com/base/feeds/snippets/11958168742202087168
P001365,P001366
P00001039,P00001040
B0002XYGSC,B0002XYGSC-reworded
P001451,P001452
B000EDOS4C,B000EDOS4C-reworded
P000495,P000496
b000oftj8u,http://www.google.com/base/feeds/snippets/13461495034626913881
P00009049,P00009050
P00021095,P00021096
P006555,P006556
P00010683,P00010684
P00010593,P00010594
15046,209297200
P00015987,P00015988
P00008503,P00008504
P024635,P024636
P00015905,P00015906
P00016335,P00016336
P007411,P007412
P00008121,P00008122
b000icpfmi,http://www.google.com/base/feeds/snippets/14325412592062687221
B000ER1H8S,B000ER1H8S-reworded
P021247,P021248
P00010669,P00010670
B000CO9WRQ,B000CO9WRQ-reworded
b0009afff6,http://www.google.com/base/feeds/snippets/9757350103424139605
P004535,P004536
P00000149,P00000150
P00005967,P00005968
B0006UZV44,B0006UZV44-reworded
P00008061,P00008062
B000GWFE58,B000GWFE58-reworded
P00017571,P00017572
B000EOQHAE,B000EOQHAE-reworded
P015891,P015892
P00021081,P00021082
P006703,P006704
P007935,P007936
P024575,P024576
P000835,P000836
P001741,P001742
b000hhxevi,http://www.google.com/base/feeds/snippets/2710470763365986624
P00016399,P00016400
P00003283,P00003284
P00003227,P00003228
P00009335,P00009336
B000P4F8EO,B000P4F8EO-reworded
32744,204832843
B00066PFOO,B00066PFOO-reworded
P005923,P005924
P00006823,P00006824
P002447,P002448
34998,208079230
P00004703,P00004704
P00016263,P00016264
P00005437,P00005438
B0002VNRWK,B0002VNRWK-reworded
P019679,P019680
P008495,P008496
P019155,P019156
B000FP2K2Q,B000FP2K2Q-reworded
P024983,P024984
P022707,P022708
P025583,P025584
P000253,P000254
P004087,P004088
B000FDW6KY,B000FDW6KY-reworded
B0006FUF4K,B0006FUF4K-reworded
34393,206362748
P008687,P008688
P000857,P000858
P00019439,P00019440
B000FK1ZAO,B000FK1ZAO-reworded
P010011,P010012
P00007399,P00007400
P019819,P019820
P00010921,P00010922
B00008JVMT,B00008JVMT-reworded
P001259,P001260
B0002VNSEW,B0002VNSEW-reworded
P00003851,P00003852
33924,208111904
b000mg2kpk,http://www.google.com/base/feeds/snippets/3907261301303045278
P00005193,P00005194
B000PWPE5E,B000PWPE5E-reworded
P00014095,P00014096
P00002929,P00002930
B0006O021C,B0006O021C-reworded
P00012437,P00012438
P00001111,P00001112
P00010163,P00010164
P005675,P005676
B000MS42IG,B000MS42IG-reworded
P018383,P018384
P00003209,P00003210
P024251,P024252
B0002VN7CK,B0002VN7CK-reworded
36507,208939028
P00016971,P00016972
P00020247,P00020248
P00006023,P00006024
P00013839,P00013840
P005839,P005840
P025587,P025588
P011655,P011656
P017711,P017712
P025835,P025836
P00007451,P00007452
b000ndibws,http://www.google.com/base/feeds/snippets/9484979283744840884
P005863,P005864
P00011769,P00011770
P00019437,P00019438
B0000ASNON,B0000ASNON-reworded
P00020947,P00020948
P000755,P000756
P003419,P003420
P00018047,P00018048
B000A2LA70,B000A2LA70-reworded
P009955,P009956
B0000BKDBJ,B0000BKDBJ-reworded
32625,201935171
P00015291,P00015292
B0009XQU0C,B0009XQU0C-reworded
P020003,P020004
P00011613,P00011614
P00013169,P00013170
P002803,P002804
B0001D0GUU,B0001D0GUU-reworded
P00006171,P00006172
b000mgo1r0,http://www.google.com/base/feeds/snippets/10555450463385817719
P002239,P002240
0815702221,0815702221-reworded
P00006437,P00006438
b00004ochi,http://www.google.com/base/feeds/snippets/8564521918031484066
P000279,P000280
P00000137,P00000138
P001577,P001578
P00001505,P00001506
30206,204222662
P008083,P008084
P016463,P016464
P00011347,P00011348
P00011645,P00011646
P00020177,P00020178
P001437,P001438
P000393,P000394
B0002T6CTW,B0002T6CTW-reworded
P025015,P025016
B0000WLGZQ,B0000WLGZQ-reworded
P00000119,P00000120
B0002VN518,B0002VN518-reworded
P020751,P020752
36367,208464207
P00001775,P00001776
B000A7Y6SK,B000A7Y6SK-reworded
b000bdezfw,http://www.google.com/base/feeds/snippets/18431383104785501737
P00016977,P00016978
P010435,P010436
b0009xb12o,http://www.google.com/base/feeds/snippets/18396354299258717606
P00003265,P00003266
P016131,P016132
B000HTNUR4,B000HTNUR4-reworded
P00002427,P00002428
B0001MICB6,B0001MICB6-reworded
P00011669,P00011670
P011903,P011904
b000egidpo,http://www.google.com/base/feeds/snippets/18000939542340526750
P001567,P001568
P00003915,P00003916
P019187,P019188
32279,205985717
P023351,P023352
B0007A2JH0,B0007A2JH0-reworded
P00002553,P00002554
P024951,P024952
36361,208226689
P00012931,P00012932
P00012589,P00012590
37078,210399915
B00080Q4DO,B00080Q4DO-reworded
P00011685,P00011686
P000887,P000888
b00006hvvo,http://www.google.com/base/feeds/snippets/3409784122469217433
B00027WQ1C,B00027WQ1C-reworded
P007727,P007728
P00007161,P00007162
P015495,P015496
B000308VVM,B000308VVM-reworded
P00007469,P00007470
P00001255,P00001256
B0000ZK6IG,B0000ZK6IG-reworded
B000FNB3O4,B000FNB3O4-reworded
P00004885,P00004886
b000jx7g3c,http://www.google.com/base/feeds/snippets/17886724437749928713
P017619,P017620
P000223,P000224
P00019735,P00019736
P008435,P008436
P007287,P007288
P001681,P001682
B00013PG78,B00013PG78-reworded
P00015973,P00015974
P00012339,P00012340
B0006OHX1O,B0006OHX1O-reworded
P024147,P024148
P00004303,P00004304
B00023MAGC,B00023MAGC-reworded
P00007919,P00007920
P003075,P003076
B000626KA6,B000626KA6-reworded
P007115,P007116
34036,207390682
B00066ZOC2,B00066ZOC2-reworded
P00011615,P00011616
P010771,P010772
33758,207910212
B000O3PDR8,B000O3PDR8-reworded
P00007701,P00007702
P00013939,P00013940
30436,204505951
P00003273,P00003274
B00009ZL5A,B00009ZL5A-reworded
33508,206928380
P00012857,P00012858
P00016063,P00016064
B0009ZGLXQ,B0009ZGLXQ-reworded
B0006I5XFI,B0006I5XFI-reworded
B000NZVE0C,B000NZVE0C-reworded
B00066PH0G,B00066PH0G-reworded
P017663,P017664
P00007445,P00007446
35019,208117926
b000090179,http://www.google.com/base/feeds/snippets/9700384320550908183
B0009U7RQG,B0009U7RQG-reworded
P007987,P007988
P013447,P013448
P004779,P004780
P00016103,P00016104
P00013521,P00013522
P00005041,P00005042
P008327,P008328
33662,205521002
26350,202537952
P001415,P001416
P007371,P007372
P001307,P001308
P018511,P018512
P000055,P000056
P00018183,P00018184
B00080QZ7O,B00080QZ7O-reworded
B0002VMS20,B0002VMS20-reworded
P013703,P013704
P00010655,P00010656
P018183,P018184
P008411,P008412
P026691,P026692
P00005943,P00005944
P00007579,P00007580
B000144NMQ,B000144NMQ-reworded
B0000C3E02,B0000C3E02-reworded
P020163,P020164
P009163,P009164
P001193,P001194
P00002183,P00002184
P00007027,P00007028
P00013955,P00013956
P00020443,P00020444
P004039,P004040
b000h1de00,http://www.google.com/base/feeds/snippets/17326098494894452732
P000215,P000216
P005319,P005320
P00012237,P00012238
b000b56boi,http://www.google.com/base/feeds/snippets/6779487277459931782
P003659,P003660
B0001YS7OG,B0001YS7OG-reworded
P021463,P021464
P00017325,P00017326
P00014739,P00014740
B0007Y707U,B0007Y707U-reworded
P00000129,P00000130
P00010459,P00010460
B0008GKWFE,B0008GKWFE-reworded
P017455,P017456
P00019607,P00019608
P00003185,P00003186
P019451,P019452
P009759,P009760
B0006NUENO,B0006NUENO-reworded
P020863,P020864
P00005883,P00005884
P016759,P016760
B0002VNS6U,B0002VNS6U-reworded
B0002ODLJG,B0002ODLJG-reworded
P013543,P013544
B000BJO0EW,B000BJO0EW-reworded
0387950168,0387950168-reworded
B000L7CDJS,B000L7CDJS-reworded
P00006315,P00006316
P00001969,P00001970
B000BJF0ZU,B000BJF0ZU-reworded
B000GHI91O,B000GHI91O-reworded
P00009073,P00009074
P00002479,P00002480
P00012815,P00012816
B0007WLBKY,B0007WLBKY-reworded
P00018123,P00018124
B0002T6AKS,B0002T6AKS-reworded
P00003043,P00003044
P022131,P022132
B00078MHHO,B00078MHHO-reworded
P008107,P008108
b00030cbu4,http://www.google.com/base/feeds/snippets/18379664802687261824
P015039,P015040
35384,208289993
B0002QNKXG,B0002QNKXG-reworded
P00009547,P00009548
B0002M0C54,B0002M0C54-reworded
B00065CSUY,B00065CSUY-reworded
b00062vos4,http://www.google.com/base/feeds/snippets/18011289804558195936
P001963,P001964
P00012757,P00012758
34220,209869342
33639,206928608
P00014779,P00014780
B0000B1UTJ,B0000B1UTJ-reworded
b0000vmim2,http://www.google.com/base/feeds/snippets/15283790763832398825
P00017767,P00017768
P00006755,P00006756
b000ndicze,http://www.google.com/base/feeds/snippets/17511510969143463932
P019347,P019348
B0009KJ0GQ,B0009KJ0GQ-reworded
B0000ASNDK,B0000ASNDK-reworded
P001775,P001776
B000A399NG,B000A399NG-reworded
P008935,P008936
B0006H2Z6O,B0006H2Z6O-reworded
P00020669,P00020670
B000NRF25S,B000NRF25S-reworded
b000fbgaia,http://www.google.com/base/feeds/snippets/30822033968544493
P013147,P013148
P00016999,P00017000
P00009539,P00009540
b000bckmaa,http://www.google.com/base/feeds/snippets/13796906802854864998
P019283,P019284
b0000y7wck,http://www.google.com/base/feeds/snippets/18395209041486825295
P016135,P016136
P00020925,P00020926
B000O1QHB6,B000O1QHB6-reworded
b000ndible,http://www.google.com/base/feeds/snippets/790771655328756919
B0000WZQNY,B0000WZQNY-reworded
P004899,P004900
P00000871,P00000872
P00019987,P00019988
24825,202900025
P005215,P005216
P00011873,P00011874
P021023,P021024
P018687,P018688
P00013367,P00013368
P00002647,P00002648
P00012029,P00012030
P013239,P013240
P00018223,P00018224
P00003825,P00003826
P00016173,P00016174
B000FH5LS4,B000FH5LS4-reworded
P00007351,P00007352
P00004631,P00004632
P00007121,P00007122
B000NADHX4,B000NADHX4-reworded
B000JEYQZC,B000JEYQZC-reworded
P00011239,P00011240
b000ndo7n0,http://www.google.com/base/feeds/snippets/17544063525352738794
P00004469,P00004470
B00013K6UU,B00013K6UU-reworded
P00011629,P00011630
P000615,P000616
P00013723,P00013724
P00014395,P00014396
P026231,P026232
P00006381,P00006382
39088,205074757
P00007343,P00007344
P000799,P000800
P00004083,P00004084
35903,205769439
P00010051,P00010052
P00002835,P00002836
P00002407,P00002408
P00012813,P00012814
P00020067,P00020068
P002443,P002444
P020615,P020616
P001337,P001338
P00007393,P00007394
B000236UAY,B000236UAY-reworded
P00014961,P00014962
P024439,P024440
B00013ZOMK,B00013ZOMK-reworded
P000239,P000240
B0009M8P2O,B0009M8P2O-reworded
P00015237,P00015238
P00015751,P00015752
B0000861PB,B0000861PB-reworded
P00001179,P00001180
B000120FCA,B000120FCA-reworded
b000bt559q,http://www.google.com/base/feeds/snippets/3137318477096164629
b000o3efrm,http://www.google.com/base/feeds/snippets/4233168214815079628
B0002E4VEK,B0002E4VEK-reworded
B0006FK1C6,B0006FK1C6-reworded
B00021US7W,B00021US7W-reworded
b000enucs8,http://www.google.com/base/feeds/snippets/4968803125750101769
P00016647,P00016648
32653,205888207
P006627,P006628
P00019819,P00019820
0131016342,0131016342-reworded
P00019505,P00019506
P000269,P000270
33522,207654106
P00009445,P00009446
P00000707,P00000708
b00008ajjc,http://www.google.com/base/feeds/snippets/18424464601572004274
P000891,P000892
P00008933,P00008934
P00011891,P00011892
B0009ORHKI,B0009ORHKI-reworded
P019051,P019052
b000hhvb9k,http://www.google.com/base/feeds/snippets/9852496278444342781
P00015919,P00015920
P00009751,P00009752
P00014007,P00014008
P003055,P003056
P019095,P019096
P00016287,P00016288
P00014801,P00014802
b000egidpe,http://www.google.com/base/feeds/snippets/4998847858583359731
25950,202870170
B00016L7HI,B00016L7HI-reworded
P00005895,P00005896
P00017657,P00017658
P006035,P006036
P003499,P003500
B000CDLIZQ,B000CDLIZQ-reworded
P002131,P002132
33209,208653765
B000A1L0GW,B000A1L0GW-reworded
B0001N7ZQI,B0001N7ZQI-reworded
P008491,P008492
B000HZGZ4I,B000HZGZ4I-reworded
P006915,P006916
P003879,P003880
P023287,P023288
P00019181,P00019182
P003367,P003368
P00016127,P00016128
P00002653,P00002654
32384,202989028
P026339,P026340
P001639,P001640
P001463,P001464
P00005809,P00005810
P00016027,P00016028
P023119,P023120
P00019775,P00019776
P017879,P017880
P00006943,P00006944
B00062NN7Y,B00062NN7Y-reworded
P000815,P000816
P001791,P001792
P024879,P024880
B000FKK1W2,B000FKK1W2-reworded
P00017371,P00017372
P00014979,P00014980
P020935,P020936
b000v7vz2e,http://www.google.com/base/feeds/snippets/17926987006913487270
P00002773,P00002774
P00007323,P00007324
B0002XRPFS,B0002XRPFS-reworded
P00015743,P00015744
P00007859,P00007860
P00001519,P00001520
P021239,P021240
B000K9QO4C,B000K9QO4C-reworded
P00018285,P00018286
24937,203324914
P008571,P008572
P004827,P004828
P00014887,P00014888
P024443,P024444
P018595,P018596
P00020351,P00020352
P00019077,P00019078
P00013847,P00013848
B000BQU3JG,B000BQU3JG-reworded
P024207,P024208
P014679,P014680
b000fzxipo,http://www.google.com/base/feeds/snippets/16630396354315555450
B0002NZPP0,B0002NZPP0-reworded
P026323,P026324
B0000AFHMD,B0000AFHMD-reworded
P001311,P001312
b000j4k804,http://www.google.com/base/feeds/snippets/18411875162562199123
P006395,P006396
P00008621,P00008622
P00003531,P00003532
36061,208791922
P024263,P024264
P00004661,P00004662
36789,208154854
B00068VJLK,B00068VJLK-reworded
B0000A0MZQ,B0000A0MZQ-reworded
33972,204556588
P00002157,P00002158
P019011,P019012
P00004889,P00004890
P00010487,P00010488
P00002367,P00002368
P00008355,P00008356
P00000363,P00000364
P00001679,P00001680
P006855,P006856
P00004847,P00004848
B0001MPX1I,B0001MPX1I-reworded
P00010347,P00010348
P008259,P008260
B000KC1LUG,B000KC1LUG-reworded
P008659,P008660
P00005787,P00005788
P000335,P000336
P009531,P009532
P00004507,P00004508
P00007995,P00007996
P00003691,P00003692
P005363,P005364
P00012991,P00012992
P001023,P001024
34256,206888001
P00015715,P00015716
P002375,P002376
P014567,P014568
b000i2y0cy,http://www.google.com/base/feeds/snippets/1528326579184485637
P00013853,P00013854
33047,201692665
P002515,P002516
B0001EMLZW,B0001EMLZW-reworded
P00015183,P00015184
P00011053,P00011054
P024919,P024920
P003351,P003352
P00001645,P00001646
b000hc0lw8,http://www.google.com/base/feeds/snippets/16714036815187031033
B0000C3DPG,B0000C3DPG-reworded
B000I7F9HY,B000I7F9HY-reworded
P002503,P002504
P026063,P026064
P004203,P004204
B0002NZGDQ,B0002NZGDQ-reworded
B0007G96RK,B0007G96RK-reworded
P00020625,P00020626
P00005341,P00005342
B0001YR9K4,B0001YR9K4-reworded
P008527,P008528
P00016795,P00016796
P00016521,P00016522
P017835,P017836
B00078W1G6,B00078W1G6-reworded
P00008825,P00008826
P011007,P011008
B000N0FM9Q,B000N0FM9Q-reworded
27391,204791643
P00016471,P00016472
P00009097,P00009098
P00014793,P00014794
P00004219,P00004220
P00004831,P00004832
P003859,P003860
P005399,P005400
P001245,P001246
P021615,P021616
P015287,P015288
P00005331,P00005332
P00009853,P00009854
P004811,P004812
P00000861,P00000862
B0002TP1B2,B0002TP1B2-reworded
P019551,P019552
P003903,P003904
P012039,P012040
b000pgs3cq,http://www.google.com/base/feeds/snippets/5631550280326312479
b000h25yoi,http://www.google.com/base/feeds/snippets/17357728675180341663
B000E0FZYW,B000E0FZYW-reworded
P00010755,P00010756
P00003233,P00003234
B000F2KR5G,B000F2KR5G-reworded
P001983,P001984
P00017505,P00017506
P000819,P000820
B0002VNQXK,B0002VNQXK-reworded
b000ndemb2,http://www.google.com/base/feeds/snippets/9858798962478264497
B000HZC53S,B000HZC53S-reworded
P00003637,P00003638
P00011651,P00011652
P00004717,P00004718
P00008929,P00008930
36957,207390709
P00007931,P00007932
P015847,P015848
P018267,P018268
P00003201,P00003202
P00014485,P00014486
P00007349,P00007350
33476,208504178
B000FEOABG,B000FEOABG-reworded
B0002CZSBW,B0002CZSBW-reworded
35185,208504304
P00015965,P00015966
P00000761,P00000762
P003523,P003524
B0000AHPA1,B0000AHPA1-reworded
P024067,P024068
b000i0bp6k,http://www.google.com/base/feeds/snippets/10110199435466109569
P00011985,P00011986
P00001701,P00001702
b000o3bge2,http://www.google.com/base/feeds/snippets/3594701920411099396
P00007723,P00007724
P005647,P005648
P00016183,P00016184
b000h22pg8,http://www.google.com/base/feeds/snippets/392494394952738157
P019639,P019640
b000h5fo8g,http://www.google.com/base/feeds/snippets/16987363527577090531
P00019339,P00019340
P00001855,P00001856
P013267,P013268
1585746371,1585746371-reworded
B000PHO5W2,B000PHO5W2-reworded
P013315,P013316
b000he39mk,http://www.google.com/base/feeds/snippets/17771223071817478541
B000H280QW,B000H280QW-reworded
P00007927,P00007928
P010795,P010796
B000RBIR8E,B000RBIR8E-reworded
P00012249,P00012250
P013419,P013420
P018051,P018052
P00017045,P00017046
B000GP5P3Q,B000GP5P3Q-reworded
P00015913,P00015914
P005995,P005996
P00007125,P00007126
b0001av65w,http://www.google.com/base/feeds/snippets/18312853825749428303
B000FI7A46,B000FI7A46-reworded
P00017919,P00017920
33382,207910214
B000NVA26I,B000NVA26I-reworded
P00012601,P00012602
P00002511,P00002512
B000BVXXPW,B000BVXXPW-reworded
B00023KLDQ,B00023KLDQ-reworded
P010291,P010292
P00002837,P00002838
P023783,P023784
P00004433,P00004434
P00009821,P00009822
P00001697,P00001698
P008751,P008752
P024255,P024256
B000NBCEDW,B000NBCEDW-reworded
P017451,P017452
P00011131,P00011132
B000I4ODRY,B000I4ODRY-reworded
P00009341,P00009342
P00005751,P00005752
P00021075,P00021076
B00030ISVU,B00030ISVU-reworded
B0002UD39I,B0002UD39I-reworded
0741429098,0741429098-reworded
P005175,P005176
P00006587,P00006588
P006607,P006608
B0000WLQ56,B0000WLQ56-reworded
B00008IPDQ,B00008IPDQ-reworded
P00000097,P00000098
P00010341,P00010342
P008719,P008720
33279,206808440
P00009069,P00009070
32878,204219387
P023443,P023444
34751,207543189
P013603,P013604
P008979,P008980
P023895,P023896
P009855,P009856
B0001YS56Q,B0001YS56Q-reworded
P002071,P002072
B000NMOM72,B000NMOM72-reworded
P018775,P018776
P00009283,P00009284
25550,202827713
P006839,P006840
B000IBEBGU,B000IBEBGU-reworded
P00009089,P00009090
P00008175,P00008176
B000KJVK0A,B000KJVK0A-reworded
P000557,P000558
P00012255,P00012256
P00002115,P00002116
P00017871,P00017872
P00001135,P00001136
P011615,P011616
P00013037,P00013038
P000295,P000296
P018915,P018916
P00010235,P00010236
P009923,P009924
P00011585,P00011586
B0000ARCTR,B0000ARCTR-reworded
P006331,P006332
P00015333,P00015334
B000M4D2JU,B000M4D2JU-reworded
0451456904,0451456904-reworded
P016531,P016532
P014935,P014936
P00011741,P00011742
P00019537,P00019538
P00006363,P00006364
P016083,P016084
B0000AELG8,B0000AELG8-reworded
P006747,P006748
P00009219,P00009220
b000hjdpx8,http://www.google.com/base/feeds/snippets/1829125396804686622
P004443,P004444
36118,203142471
B0001YRIP0,B0001YRIP0-reworded
P025279,P025280
P001823,P001824
P000399,P000400
P020559,P020560
P00019173,P00019174
B0009IQ6CE,B0009IQ6CE-reworded
P026551,P026552
P00004513,P00004514
P00004869,P00004870
B000J28ITE,B000J28ITE-reworded
P00013587,P00013588
P00011387,P00011388
34003,207637777
P00007899,P00007900
P00010745,P00010746
P000201,P000202
P004587,P004588
P00016423,P00016424
P024007,P024008
B000NP4EKE,B000NP4EKE-reworded
B000693WTG,B000693WTG-reworded
P002003,P002004
P001671,P001672
P00018619,P00018620
B000JFTYIA,B000JFTYIA-reworded
B000I5NRYI,B000I5NRYI-reworded
P00014957,P00014958
P00018701,P00018702
P001855,P001856
P00011453,P00011454
B000J23I8U,B000J23I8U-reworded
P00010321,P00010322
P00007019,P00007020
P005095,P005096
P00000381,P00000382
B0006JJV8M,B0006JJV8M-reworded
b000j00xf8,http://www.google.com/base/feeds/snippets/2828778266734579385
P00017269,P00017270
P00010401,P00010402
B0000AHR1A,B0000AHR1A-reworded
P00002251,P00002252
P00004557,P00004558
22042,202238311
P00000067,P00000068
P00006529,P00006530
P00012469,P00012470
P00013045,P00013046
P00014685,P00014686
35044,208504370
B0002YLQ4I,B0002YLQ4I-reworded
P00011069,P00011070
34661,208294716
P00009399,P00009400
B00029I0YC,B00029I0YC-reworded
b000jiqlxi,http://www.google.com/base/feeds/snippets/18151952927255406461
P00002099,P00002100
P007351,P007352
P00012955,P00012956
P018695,P018696
P001047,P001048
P00006849,P00006850
P00005265,P00005266
B0002M5BN2,B0002M5BN2-reworded
P00003717,P00003718
P007035,P007036
P005603,P005604
P000163,P000164
P00015021,P00015022
P007303,P007304
34595,203199121
B000P4M1FS,B000P4M1FS-reworded
B0002NZP5A,B0002NZP5A-reworded
b000cqpc32,http://www.google.com/base/feeds/snippets/18386940331900923694
P00014407,P00014408
P003427,P003428
B000072TWM,B000072TWM-reworded
B000072RIK,B000072RIK-reworded
P012547,P012548
P00020645,P00020646
23296,201647442
P00018217,P00018218
P00009489,P00009490
P00004311,P00004312
6493,203017999
P00003675,P00003676
P00005305,P00005306
P00002299,P00002300
P006895,P006896
B0002VNJ2I,B0002VNJ2I-reworded
P002059,P002060
P018651,P018652
B0002VN8RE,B0002VN8RE-reworded
P002383,P002384
P00013681,P00013682
B000AAAGJU,B000AAAGJU-reworded
P00000169,P00000170
P00012585,P00012586
P00000793,P00000794
P023999,P024000
B000162DGC,B000162DGC-reworded
P00010895,P00010896
P001275,P001276
P001671,P001672
B000LI40DE,B000LI40DE-reworded
P003827,P003828
P00007313,P00007314
37162,209208718
B000308OT6,B000308OT6-reworded
P00020847,P00020848
P00015823,P00015824
P019851,P019852
27779,205844283
b0001db6i6,http://www.google.com/base/feeds/snippets/12904825904608701558
P00018791,P00018792
B000BP8UKG,B000BP8UKG-reworded
P000759,P000760
b000o39tgo,http://www.google.com/base/feeds/snippets/17939626833908573527
P00005873,P00005874
b0009h9q1i,http://www.google.com/base/feeds/snippets/5665024204886410
P00006395,P00006396
B0006YZQJK,B0006YZQJK-reworded
P009803,P009804
P00002039,P00002040
b000frttvy,http://www.google.com/base/feeds/snippets/10497976503252074561
P026275,P026276
P00014745,P00014746
P000887,P000888
P00018829,P00018830
P006751,P006752
P00016001,P00016002
P004471,P004472
B0009R5KMM,B0009R5KMM-reworded
B0009JI95K,B0009JI95K-reworded
P00001037,P00001038
P00007457,P00007458
P00009633,P00009634
b000h241x8,http://www.google.com/base/feeds/snippets/13278655414642608462
P00018561,P00018562
B000PD9TG8,B000PD9TG8-reworded
P000681,P000682
P00018525,P00018526
P00003177,P00003178
P00015005,P00015006
B0000865PM,B0000865PM-reworded
P00017813,P00017814
B0006331P2,B0006331P2-reworded
B0002MFOGG,B0002MFOGG-reworded
B000F7HU5Q,B000F7HU5Q-reworded
P004327,P004328
P00006309,P00006310
B000K9QOVU,B000K9QOVU-reworded
36388,208226694
P00012517,P00012518
P00021155,P00021156
P00011217,P00011218
P024111,P024112
P004819,P004820
P00016565,P00016566
B000LI36DE,B000LI36DE-reworded
P00009819,P00009820
P021951,P021952
P001453,P001454
P00008431,P00008432
P00001629,P00001630
B000783K2K,B000783K2K-reworded
P001091,P001092
P025707,P025708
B000PEG672,B000PEG672-reworded
P00002317,P00002318
P00008887,P00008888
P00007687,P00007688
B000N5VV6O,B000N5VV6O-reworded
P00020349,P00020350
P000143,P000144
P00006407,P00006408
P022231,P022232
B000CCYOTY,B000CCYOTY-reworded
P00019231,P00019232
P00020939,P00020940
P001089,P001090
P00008709,P00008710
P00015259,P00015260
P00015403,P00015404
P00016887,P00016888
P00004793,P00004794
32990,206812505
B000CO84C0,B000CO84C0-reworded
P00011513,P00011514
P00017831,P00017832
P00011693,P00011694
P019699,P019700
P00006387,P00006388
B000072RIO,B000072RIO-reworded
B0001MTAD0,B0001MTAD0-reworded
P00009195,P00009196
b000h774k0,http://www.google.com/base/feeds/snippets/18419564278412211145
P020839,P020840
b000licg1m,http://www.google.com/base/feeds/snippets/6070036801370348429
0824821327,0824821327-reworded
P017983,P017984
P00001467,P00001468
B000E17M1K,B000E17M1K-reworded
b000h294mq,http://www.google.com/base/feeds/snippets/10856062098610973379
P004735,P004736
P000711,P000712
P00016197,P00016198
P00015899,P00015900
P019087,P019088
b000gknmd6,http://www.google.com/base/feeds/snippets/1088964682231544841
0787968404,0787968404-reworded
P016639,P016640
P010147,P010148
P018991,P018992
P00013073,P00013074
P006567,P006568
P00007291,P00007292
P00015697,P00015698
P00002519,P00002520
P023403,P023404
P00017749,P00017750
B000DIN3TO,B000DIN3TO-reworded
P00019753,P00019754
P00000285,P00000286
B0002TPC6G,B0002TPC6G-reworded
B000E43C2U,B000E43C2U-reworded
P024931,P024932
P004487,P004488
P00003395,P00003396
P024079,P024080
P001563,P001564
P020047,P020048
P008943,P008944
P008175,P008176
b000fepvcs,http://www.google.com/base/feeds/snippets/18395637668335924867
P00004059,P00004060
P002799,P002800
B000BRNDK6,B000BRNDK6-reworded
P00001219,P00001220
P00014727,P00014728
B000661RQE,B000661RQE-reworded
B0000865AY,B0000865AY-reworded
P00012557,P00012558
B0002YIAV0,B0002YIAV0-reworded
P00015623,P00015624
P00004995,P00004996
P00018831,P00018832
B000FBF2P2,B000FBF2P2-reworded
P025643,P025644
b0002jtvng,http://www.google.com/base/feeds/snippets/5572182459728876600
P001107,P001108
P001099,P001100
P025171,P025172
P00018775,P00018776
B000145QUO,B000145QUO-reworded
P025423,P025424
P00011467,P00011468
34659,208504191
P009467,P009468
b000qctqne,http://www.google.com/base/feeds/snippets/18375765231096501819
36636,206783256
b000h11f9c,http://www.google.com/base/feeds/snippets/18422623903556262295
B0000C31OH,B0000C31OH-reworded
B0000AJHZV,B0000AJHZV-reworded
P013711,P013712
P021083,P021084
B0000AWYK9,B0000AWYK9-reworded
P00011535,P00011536
B00000G40E,B00000G40E-reworded
P020911,P020912
P00012095,P00012096
P00020679,P00020680
P000445,P000446
P00009423,P00009424
P00015405,P00015406
P00000789,P00000790
B00093DM4E,B00093DM4E-reworded
P00001551,P00001552
33177,207390617
P00005407,P00005408
P001173,P001174
P001171,P001172
P00000709,P00000710
P005907,P005908
P022903,P022904
P004591,P004592
b0001wn0sq,http://www.google.com/base/feeds/snippets/7946849252371593289
B000Q39XPO,B000Q39XPO-reworded
P00010137,P00010138
P00006749,P00006750
P00014833,P00014834
P001743,P001744
P00011789,P00011790
P00021107,P00021108
P00000951,P00000952
P015023,P015024
B000GIZ7NG,B000GIZ7NG-reworded
B0002LKNP4,B0002LKNP4-reworded
B00030NSE2,B00030NSE2-reworded
27479,10351869
P001057,P001058
B00008IPA9,B00008IPA9-reworded
b000922dwc,http://www.google.com/base/feeds/snippets/15297739858013318917
B000JWEE2Y,B000JWEE2Y-reworded
P022543,P022544
B0002E4C6W,B0002E4C6W-reworded
P012823,P012824
P00003241,P00003242
B000B5S63C,B000B5S63C-reworded
B0002VMMPI,B0002VMMPI-reworded
P022271,P022272
B0000YDTBS,B0000YDTBS-reworded
B0007PN9BU,B0007PN9BU-reworded
P00017175,P00017176
P00013327,P00013328
P019739,P019740
33537,206898358
P00000917,P00000918
P004835,P004836
P011327,P011328
b000exu9ay,http://www.google.com/base/feeds/snippets/17823721749459533075
P000235,P000236
P000891,P000892
B000JW03HY,B000JW03HY-reworded
P001149,P001150
B0009WMNJK,B0009WMNJK-reworded
B000633T6I,B000633T6I-reworded
P00009801,P00009802
P002831,P002832
P005795,P005796
P00012915,P00012916
P00009937,P00009938
B000JZ1YNI,B000JZ1YNI-reworded
P00009947,P00009948
P010363,P010364
B000094Q17,B000094Q17-reworded
P00000675,P00000676
P000667,P000668
P00008323,P00008324
b000gkli0a,http://www.google.com/base/feeds/snippets/6426816868919758079
B000AQF4JG,B000AQF4JG-reworded
P009839,P009840
P000803,P000804
P00002569,P00002570
P026295,P026296
b000ogsyjy,http://www.google.com/base/feeds/snippets/16579315096492817894
P000119,P000120
P021771,P021772
P00011445,P00011446
B000A131GO,B000A131GO-reworded
B00062RBG8,B00062RBG8-reworded
P00016947,P00016948
P00006031,P00006032
B0000C37PT,B0000C37PT-reworded
P00000253,P00000254
B000NM0VMC,B000NM0VMC-reworded
P015167,P015168
P00002879,P00002880
P00000507,P00000508
31176,205844279
B00022EJVC,B00022EJVC-reworded
P00015923,P00015924
P018407,P018408
P00007851,P00007852
P00011791,P00011792
P002407,P002408
B0000ZHRYM,B0000ZHRYM-reworded
P00007211,P00007212
B0000C3G6F,B0000C3G6F-reworded
P00001601,P00001602
b000hhzie4,http://www.google.com/base/feeds/snippets/11038012533329162078
P00008487,P00008488
P009111,P009112
P00017773,P00017774
P019503,P019504
P010687,P010688
b000p9cr66,http://www.google.com/base/feeds/snippets/17724977097925207764
22100,201953026
P011471,P011472
P004719,P004720
P00013541,P00013542
P016099,P016100
P00015011,P00015012
19358,90144996
19604,203025446
P012351,P012352
P00001997,P00001998
b000b6n2o4,http://www.google.com/base/feeds/snippets/1167394947195166949
B0000E241E,B0000E241E-reworded
P00020433,P00020434
B000KKIPDO,B000KKIPDO-reworded
B000GASBQ4,B000GASBQ4-reworded
B000O3ILMC,B000O3ILMC-reworded
P023575,P023576
P023759,P023760
P00009015,P00009016
P00012863,P00012864
P00016651,P00016652
P00017757,P00017758
22729,202473822
32017,202916547
P00015993,P00015994
P00019945,P00019946
P00006819,P00006820
B000ML9QO8,B000ML9QO8-reworded
B00024EMIU,B00024EMIU-reworded
P022127,P022128
P021147,P021148
P00009211,P00009212
b000ecqxjq,http://www.google.com/base/feeds/snippets/5615075942724114350
P007611,P007612
P00017137,P00017138
P00011957,P00011958
P003219,P003220
P00004767,P00004768
P00018437,P00018438
P00007109,P00007110
P00012777,P00012778
P003039,P003040
P011511,P011512
B000ASKRFK,B000ASKRFK-reworded
P00019127,P00019128
P015599,P015600
P00008327,P00008328
P015647,P015648
P00019701,P00019702
b0009dwkwo,http://www.google.com/base/feeds/snippets/15744420000863688597
B0002T6AWQ,B0002T6AWQ-reworded
B0002VNJ4Q,B0002VNJ4Q-reworded
B0001FFDLA,B0001FFDLA-reworded
B0007XHMX8,B0007XHMX8-reworded
B0002XPJQ0,B0002XPJQ0-reworded
P024979,P024980
P00015207,P00015208
P00014859,P00014860
P00021123,P00021124
P00007865,P00007866
P00001727,P00001728
B000J28CD6,B000J28CD6-reworded
B000LP0RAW,B000LP0RAW-reworded
P00016153,P00016154
B0007WHZ7W,B0007WHZ7W-reworded
P00009361,P00009362
P023451,P023452
P00003669,P00003670
P023171,P023172
P00000981,P00000982
B00021URJQ,B00021URJQ-reworded
B0000C3A2C,B0000C3A2C-reworded
P001095,P001096
P005807,P005808
P002399,P002400
P00016199,P00016200
B000JVY1W8,B000JVY1W8-reworded
B0006G4F0O,B0006G4F0O-reworded
b000ie8u4g,http://www.google.com/base/feeds/snippets/17308332648335562662
P006527,P006528
P021407,P021408
P00011705,P00011706
P001429,P001430
P00005145,P00005146
P00013259,P00013260
b000ra3l3g,http://www.google.com/base/feeds/snippets/6628446350064818078
P002291,P002292
P00012267,P00012268
P00011729,P00011730
P026079,P026080
P004647,P004648
P00018441,P00018442
P010571,P010572
P000999,P001000
b00008mopv,http://www.google.com/base/feeds/snippets/16621550764866327052
P00016573,P00016574
B000AMUFWG,B000AMUFWG-reworded
P00008875,P00008876
B000P9UBKU,B000P9UBKU-reworded
P019411,P019412
P00001489,P00001490
P011731,P011732
P019183,P019184
P00001013,P00001014
P006935,P006936
P00009711,P00009712
P00019441,P00019442
P018423,P018424
P007691,P007692
B0002VMU32,B0002VMU32-reworded
P00010747,P00010748
B00008DH0L,B00008DH0L-reworded
P012939,P012940
B00064OO4I,B00064OO4I-reworded
P00021125,P00021126
B0001HYQ3E,B0001HYQ3E-reworded
B0000C3ERL,B0000C3ERL-reworded
P016535,P016536
B000HXDTH6,B000HXDTH6-reworded
P00003815,P00003816
P012999,P013000
B000Q7X2Z2,B000Q7X2Z2-reworded
B00066PZ7Q,B00066PZ7Q-reworded
0415911486,0415911486-reworded
P00021099,P00021100
b00001qgvr,http://www.google.com/base/feeds/snippets/17956725325082284641
P00013041,P00013042
P023975,P023976
P011795,P011796
P00018863,P00018864
P00011593,P00011594
P00011257,P00011258
P00004277,P00004278
P002607,P002608
P001545,P001546
P00003971,P00003972
P00003429,P00003430
P001751,P001752
P011847,P011848
P00018549,P00018550
B0002OQSIC,B0002OQSIC-reworded
P00020813,P00020814
P014835,P014836
P00006505,P00006506
P023311,P023312
35306,207543196
b000szzpi4,http://www.google.com/base/feeds/snippets/17036928989465404370
P026743,P026744
P00008829,P00008830
b0007yepx2,http://www.google.com/base/feeds/snippets/17962667015870936885
B00007AU5O,B00007AU5O-reworded
B00024EMJO,B00024EMJO-reworded
P00004605,P00004606
P003303,P003304
P00020803,P00020804
B000AXV2Y0,B000AXV2Y0-reworded
P00003959,P00003960
P016619,P016620
B0002NXSX6,B0002NXSX6-reworded
P000843,P000844
P00002999,P00003000
B0002YEX4S,B0002YEX4S-reworded
P017779,P017780
P00021119,P00021120
P011983,P011984
P000687,P000688
P019951,P019952
B0002YO81G,B0002YO81G-reworded
33488,208154765
B0004Z32L0,B0004Z32L0-reworded
B0000863UQ,B0000863UQ-reworded
35012,207642355
35035,208156879
P00016555,P00016556
P006403,P006404
P018591,P018592
P015827,P015828
P024407,P024408
P00015801,P00015802
30602,208111280
P026707,P026708
P00000161,P00000162
P00018733,P00018734
P004667,P004668
P001139,P001140
B0000C3A5P,B0000C3A5P-reworded
B00021US6S,B00021US6S-reworded
b0002vcuzk,http://www.google.com/base/feeds/snippets/14443906686010295390
P00002037,P00002038
36258,10376165
P00015309,P00015310
P00007081,P00007082
P00010539,P00010540
B0002DI06Q,B0002DI06Q-reworded
P00018335,P00018336
37010,210399855
P00003263,P00003264
b0001wn0m2,http://www.google.com/base/feeds/snippets/17784299186975876292
P001447,P001448
36993,206928378
P024779,P024780
B0002OMJQW,B0002OMJQW-reworded
b000qtu1ay,http://www.google.com/base/feeds/snippets/18391195855196917401
P004615,P004616
P009007,P009008
P012319,P012320
P020847,P020848
0316518565,0316518565-reworded
P004511,P004512
B00066PCPQ,B00066PCPQ-reworded
P006803,P006804
B000H7O07K,B000H7O07K-reworded
P010615,P010616
P000375,P000376
B000BNOLVA,B000BNOLVA-reworded
P00014209,P00014210
B000LWJNJQ,B000LWJNJQ-reworded
B000H7EMGE,B000H7EMGE-reworded
P00019713,P00019714
B0008G21K8,B0008G21K8-reworded
P00019055,P00019056
B00007AQ4V,B00007AQ4V-reworded
P000365,P000366
P001755,P001756
P00015909,P00015910
P00016601,P00016602
B0002CQGHM,B0002CQGHM-reworded
B000072TWP,B000072TWP-reworded
B000HZFPIU,B000HZFPIU-reworded
P00003321,P00003322
P00006047,P00006048
P00004349,P00004350
B0002VNIJW,B0002VNIJW-reworded
P000399,P000400
P000175,P000176
P019447,P019448
P010371,P010372
P010943,P010944
P00017329,P00017330
P025139,P025140
B0006L9YJ6,B0006L9YJ6-reworded
B0001YS2J6,B0001YS2J6-reworded
P001059,P001060
B000P0QNEW,B000P0QNEW-reworded
P016599,P016600
P00002889,P00002890
B0000861PT,B0000861PT-reworded
P009339,P009340
P011899,P011900
P00015897,P00015898
B0002NZB40,B0002NZB40-reworded
B00030IT6O,B00030IT6O-reworded
B0002YEG4A,B0002YEG4A-reworded
B000MMBN5M,B000MMBN5M-reworded
P00000791,P00000792
b0001d56uu,http://www.google.com/base/feeds/snippets/18039361276696190381
P00001525,P00001526
P00014471,P00014472
B0002J4LAY,B0002J4LAY-reworded
P025335,P025336
B000BQ1NYU,B000BQ1NYU-reworded
P006579,P006580
B000GZJ43S,B000GZJ43S-reworded
P00016107,P00016108
B00091UNW0,B00091UNW0-reworded
P008155,P008156
b000a40w4a,http://www.google.com/base/feeds/snippets/16720347622986234211
P00003347,P00003348
P00009997,P00009998
P026227,P026228
B000074VEN,B000074VEN-reworded
P010559,P010560
P015803,P015804
B00008DH0I,B00008DH0I-reworded
P00013085,P00013086
b000in4uak,http://www.google.com/base/feeds/snippets/12243674671451624208
P010171,P010172
P00012073,P00012074
16669,90140203
B00017C820,B00017C820-reworded
P024755,P024756
P001707,P001708
b000hcvr5s,http://www.google.com/base/feeds/snippets/12218017436042377109
b000fcyts2,http://www.google.com/base/feeds/snippets/14641221219676710452
P022275,P022276
P000479,P000480
P006167,P006168
P000117,P000118
B0002TUYAU,B0002TUYAU-reworded
P00004985,P00004986
b000p9cr34,http://www.google.com/base/feeds/snippets/18421148872586071492
B001K98M46,B001K98M46-reworded
b00009apna,http://www.google.com/base/feeds/snippets/3435680088823178198
P007003,P007004
P009103,P009104
P00007513,P00007514
P00003389,P00003390
P002151,P002152
P00013273,P00013274
B000SQTCHS,B000SQTCHS-reworded
P00008739,P00008740
P00003811,P00003812
P004467,P004468
P00020211,P00020212
P00016791,P00016792
P020159,P020160
P00013947,P00013948
P005751,P005752
B0000WLFSE,B0000WLFSE-reworded
P00016237,P00016238
P009719,P009720
b000jx3mx0,http://www.google.com/base/feeds/snippets/18142071205016449884
P00016737,P00016738
P00014815,P00014816
b0007wv3ei,http://www.google.com/base/feeds/snippets/18347005743602331538
P007707,P007708
B000OYHCEE,B000OYHCEE-reworded
P019147,P019148
P00004355,P00004356
P00004879,P00004880
P006023,P006024
P000927,P000928
P007023,P007024
P021487,P021488
P00001549,P00001550
P024679,P024680
B000P1KFKY,B000P1KFKY-reworded
P007643,P007644
B0002TBUFS,B0002TBUFS-reworded
P000381,P000382
P000395,P000396
P001267,P001268
P00002547,P00002548
P00010647,P00010648
P00009577,P00009578
P00015031,P00015032
B0000866EL,B0000866EL-reworded
b00068u7ww,http://www.google.com/base/feeds/snippets/13815055497602261010
P00012399,P00012400
P00012735,P00012736
b000saufbg,http://www.google.com/base/feeds/snippets/18225778049143407208
B0002FHIMQ,B0002FHIMQ-reworded
P006939,P006940
P00002075,P00002076
P00000451,P00000452
P00010173,P00010174
B000JSZV66,B000JSZV66-reworded
P00012453,P00012454
P016215,P016216
P006719,P006720
P00015805,P00015806
P00011205,P00011206
P00005991,P00005992
21297,202070149
P00010243,P00010244
B000LI196K,B000LI196K-reworded
P00014303,P00014304
P025099,P025100
P010083,P010084
26861,203388612
B0006UZMNO,B0006UZMNO-reworded
P00013871,P00013872
B000GUSFEC,B000GUSFEC-reworded
P00009117,P00009118
B00066PIPK,B00066PIPK-reworded
b000ra778g,http://www.google.com/base/feeds/snippets/1503028931039652298
b0007m69s8,http://www.google.com/base/feeds/snippets/17998064550570873069
P021911,P021912
P00010529,P00010530
P00006861,P00006862
b000bcdrdo,http://www.google.com/base/feeds/snippets/18395874674910243298
B0006L9V26,B0006L9V26-reworded
P00010059,P00010060
P00007229,P00007230
P000067,P000068
b000o39u3q,http://www.google.com/base/feeds/snippets/18386729116244999637
B000073V20,B000073V20-reworded
P00019711,P00019712
P00019269,P00019270
b00005bigp,http://www.google.com/base/feeds/snippets/17738870551709614779
B000BN6B9A,B000BN6B9A-reworded
P002395,P002396
b000exq2cs,http://www.google.com/base/feeds/snippets/9463842250533836611
B00008I94F,B00008I94F-reworded
P00005615,P00005616
P00018957,P00018958
P008671,P008672
P005347,P005348
P00014515,P00014516
P00010345,P00010346
b000rhdusa,http://www.google.com/base/feeds/snippets/11927579066669830952
P00002915,P00002916
P00002221,P00002222
P00011565,P00011566
P00010283,P00010284
P025191,P025192
P00009831,P00009832
P00006947,P00006948
25855,205986339
P022055,P022056
P00020901,P00020902
P00004131,P00004132
P00007545,P00007546
P007099,P007100
P00012669,P00012670
P00014573,P00014574
26930,203920144
P00015355,P00015356
28971,204679144
B000EN0KBC,B000EN0KBC-reworded
P00016227,P00016228
P00018937,P00018938
P004967,P004968
P00010969,P00010970
P00004907,P00004908
P00001943,P00001944
P001271,P001272
P00008905,P00008906
P00003029,P00003030
P024295,P024296
B0006H38D8,B0006H38D8-reworded
P009315,P009316
P020251,P020252
P00009017,P00009018
B0002IYV00,B0002IYV00-reworded
P00014819,P00014820
P00011843,P00011844
P00013179,P00013180
B000NZYGRA,B000NZYGRA-reworded
b000aoz7jk,http://www.google.com/base/feeds/snippets/15423446152280840126
B000FDL2ZE,B000FDL2ZE-reworded
P00017999,P00018000
b0009rgzgm,http://www.google.com/base/feeds/snippets/1883379429602083103
P00012855,P00012856
P00003231,P00003232
b000hhvb5e,http://www.google.com/base/feeds/snippets/2651646167662758246
P00006981,P00006982
P00015469,P00015470
P00019431,P00019432
P003591,P003592
35851,206462228
P00008573,P00008574
b000bc38o2,http://www.google.com/base/feeds/snippets/12383342975629473219
B000HZGM2S,B000HZGM2S-reworded
P026495,P026496
P005275,P005276
P00007219,P00007220
13580,90125772
P00008545,P00008546
b000mfqzoi,http://www.google.com/base/feeds/snippets/16972373098771212794
P010467,P010468
P000171,P000172
P00003519,P00003520
P012787,P012788
B000FOTV9W,B000FOTV9W-reworded
35530,210252184
P001397,P001398
P00018259,P00018260
P001123,P001124
P00004751,P00004752
B0002NXT4E,B0002NXT4E-reworded
B0007G96HK,B0007G96HK-reworded
P009687,P009688
P012327,P012328
P00016035,P00016036
29008,204792886
P00009251,P00009252
P002975,P002976
P00001961,P00001962
b0009jgv50,http://www.google.com/base/feeds/snippets/13809600021930717984
P00019337,P00019338
P016895,P016896
B008D19Z36,B008D19Z36-reworded
P00017935,P00017936
P026219,P026220
P00010613,P00010614
P020399,P020400
P020759,P020760
B000HKF3X2,B000HKF3X2-reworded
P00018459,P00018460
P018795,P018796
P00008345,P00008346
P000147,P000148
P017635,P017636
B0000B1V33,B0000B1V33-reworded
P00019857,P00019858
P00004825,P00004826
b00099qrok,http://www.google.com/base/feeds/snippets/9755705822363275907
P000187,P000188
B000G2L3EY,B000G2L3EY-reworded
B0000AHPG0,B0000AHPG0-reworded
P00021011,P00021012
P00017989,P00017990
P00009435,P00009436
P00017273,P00017274
P007663,P007664
P017847,P017848
P00008757,P00008758
P00003267,P00003268
P014791,P014792
P023943,P023944
P017171,P017172
B0000ASOQS,B0000ASOQS-reworded
P00008519,P00008520
P00004905,P00004906
P00005487,P00005488
18202,203347464
P010691,P010692
B000IIDB00,B000IIDB00-reworded
P00002151,P00002152
P019523,P019524
B000E4UMWI,B000E4UMWI-reworded
P010767,P010768
P00003877,P00003878
B0006JNRVO,B0006JNRVO-reworded
P005663,P005664
B000BN63JS,B000BN63JS-reworded
32405,203938179
P000759,P000760
P024831,P024832
B0002TPA8Q,B0002TPA8Q-reworded
P00014005,P00014006
B000IMVP18,B000IMVP18-reworded
P00015279,P00015280
P025507,P025508
P024723,P024724
P001597,P001598
P00002031,P00002032
P013803,P013804
P024687,P024688
P00015549,P00015550
b000h20hu4,http://www.google.com/base/feeds/snippets/11816902045207686274
B000GJR6XO,B000GJR6XO-reworded
P00018915,P00018916
38468,210435432
P001451,P001452
B000MWXCL0,B000MWXCL0-reworded
P00008065,P00008066
P004743,P004744
P015215,P015216
P001939,P001940
36243,206678505
B0000WLLTW,B0000WLLTW-reworded
34723,207666380
P000331,P000332
P004887,P004888
P007143,P007144
35014,208117937
P00003551,P00003552
P001097,P001098
B000215D54,B000215D54-reworded
B000CFJMN4,B000CFJMN4-reworded
b000gkshi6,http://www.google.com/base/feeds/snippets/16952776452110398384
P011091,P011092
P00015197,P00015198
P00018311,P00018312
P019031,P019032
P004755,P004756
33275,206808430
B0001GRS2Q,B0001GRS2Q-reworded
P017615,P017616
B0000B1ULN,B0000B1ULN-reworded
B0006B129Q,B0006B129Q-reworded
B0006I3TXG,B0006I3TXG-reworded
B0009VEB1O,B0009VEB1O-reworded
P008575,P008576
P00005993,P00005994
B0000C2VKH,B0000C2VKH-reworded
P002351,P002352
P004319,P004320
P00016109,P00016110
P007683,P007684
P00013671,P00013672
b000csramg,http://www.google.com/base/feeds/snippets/7150077051864937455
37052,208941076
P021795,P021796
b000hjott2,http://www.google.com/base/feeds/snippets/16558385795268912766
P00019457,P00019458
P00009025,P00009026
P00000959,P00000960
22558,10412590
B000LU6L66,B000LU6L66-reworded
30603,208111279
P023843,P023844
P00012145,P00012146
P00004983,P00004984
P026143,P026144
P00013639,P00013640
35165,208117924
B000147LXY,B000147LXY-reworded
P00009557,P00009558
P00009095,P00009096
P016779,P016780
B00020OLA8,B00020OLA8-reworded
P013183,P013184
P00016323,P00016324
P00013749,P00013750
32984,203934122
P004187,P004188
38108,208893661
27985,204740191
29758,201953029
P00012127,P00012128
B000NI8QPU,B000NI8QPU-reworded
B000Q34T30,B000Q34T30-reworded
P010791,P010792
B0006B5GN4,B0006B5GN4-reworded
P00009749,P00009750
P011739,P011740
22382,90131941
B000E0R08Q,B000E0R08Q-reworded
P00013787,P00013788
P018947,P018948
P005211,P005212
P001303,P001304
P000303,P000304
P00009837,P00009838
P00017215,P00017216
P004515,P004516
P008183,P008184
P000209,P000210
P00008033,P00008034
P00018993,P00018994
P00001271,P00001272
P00005125,P00005126
B0000C39NR,B0000C39NR-reworded
P000871,P000872
P00013023,P00013024
P00013507,P00013508
B0000BN9MB,B0000BN9MB-reworded
P00013279,P00013280
B000MQTVG6,B000MQTVG6-reworded
P00005723,P00005724
B0009W6RZG,B0009W6RZG-reworded
B0000C3XQ3,B0000C3XQ3-reworded
P00020205,P00020206
B0000C7FCL,B0000C7FCL-reworded
P000357,P000358
P00016765,P00016766
B000H7L0AK,B000H7L0AK-reworded
P00006971,P00006972
b000e8jlai,http://www.google.com/base/feeds/snippets/8918859484248831701
P001355,P001356
B0001F329A,B0001F329A-reworded
B0001YRYJA,B0001YRYJA-reworded
P00006811,P00006812
B00008IPMU,B00008IPMU-reworded
B000695J6K,B000695J6K-reworded
P005859,P005860
P006967,P006968
P002843,P002844
P00002045,P00002046
P00018367,P00018368
P00017205,P00017206
P010515,P010516
P00015861,P00015862
P009639,P009640
b000e3c6c8,http://www.google.com/base/feeds/snippets/17693391962532243349
P023199,P023200
P00012729,P00012730
B000BI7QX0,B000BI7QX0-reworded
B0000AJGP6,B0000AJGP6-reworded
37964,209310243
P00015649,P00015650
P00019739,P00019740
6301708199,6301708199-reworded
P00002493,P00002494
P007899,P007900
P00019053,P00019054
P00008349,P00008350
b00006sijr,http://www.google.com/base/feeds/snippets/6247936198343071793
P008239,P008240
P007207,P007208
P00005497,P00005498
B0057IY55Q,B0057IY55Q-reworded
P00002521,P00002522
P00015251,P00015252
P00012293,P00012294
P00009157,P00009158
P019947,P019948
16000,208226457
29304,206901618
P025639,P025640
P009571,P009572
b000olsreg,http://www.google.com/base/feeds/snippets/17966566453322835928
B000SDL72Y,B000SDL72Y-reworded
B00028AX2U,B00028AX2U-reworded
P00006053,P00006054
P001079,P001080
P004971,P004972
P018939,P018940
P005779,P005780
P00021131,P00021132
B000OT9CDI,B000OT9CDI-reworded
P00007743,P00007744
P00010323,P00010324
B000CODOR0,B000CODOR0-reworded
P00003323,P00003324
P00016203,P00016204
P00006923,P00006924
P015855,P015856
B000A2LSPO,B000A2LSPO-reworded
P002287,P002288
B000NIBNIW,B000NIBNIW-reworded
B0000WLSYU,B0000WLSYU-reworded
B000ET56SS,B000ET56SS-reworded
P005411,P005412
P00002683,P00002684
B000FGEARI,B000FGEARI-reworded
P00009979,P00009980
B0009WJ29O,B0009WJ29O-reworded
P00011423,P00011424
B00062MTLK,B00062MTLK-reworded
P005035,P005036
P00000475,P00000476
B0000868TJ,B0000868TJ-reworded
P00014347,P00014348
P00007563,P00007564
P024667,P024668
P00017353,P00017354
b000gw55es,http://www.google.com/base/feeds/snippets/7744548491761569898
P00007855,P00007856
6742,202845629
35277,208085253
b0002nt5ho,http://www.google.com/base/feeds/snippets/5527718669808727624
P007059,P007060
P00001555,P00001556
P00013975,P00013976
P001721,P001722
P00016029,P00016030
P009491,P009492
P004759,P004760
38129,210227261
P00010245,P00010246
P00020723,P00020724
P022071,P022072
P00010523,P00010524
B00026IRC0,B00026IRC0-reworded
P00001877,P00001878
P00003605,P00003606
P00005623,P00005624
33931,207391017
P00011575,P00011576
B000IAPCSM,B000IAPCSM-reworded
B00066PKEY,B00066PKEY-reworded
P00003755,P00003756
B000OZAKPQ,B000OZAKPQ-reworded
P00000265,P00000266
P00003687,P00003688
P00019345,P00019346
P00000289,P00000290
P001643,P001644
P022027,P022028
P000057,P000058
P002463,P002464
b000c55alw,http://www.google.com/base/feeds/snippets/10177129616064822618
P00010591,P00010592
P00010919,P00010920
P020675,P020676
P013111,P013112
P00011333,P00011334
P000563,P000564
P00016873,P00016874
P008251,P008252
B000BIZQJG,B000BIZQJG-reworded
P009879,P009880
B0000862BJ,B0000862BJ-reworded
P00003931,P00003932
P024751,P024752
B000MN99IE,B000MN99IE-reworded
P018523,P018524
P016047,P016048
P024099,P024100
P007539,P007540
34724,207666382
P00007963,P00007964
B000HQ8URW,B000HQ8URW-reworded
P001067,P001068
B0002TPA86,B0002TPA86-reworded
B000I03U0O,B000I03U0O-reworded
P00014219,P00014220
P002139,P002140
P00004735,P00004736
b000o39u3g,http://www.google.com/base/feeds/snippets/13023052343955574084
P00016495,P00016496
P021371,P021372
P00007361,P00007362
P00017101,P00017102
P00005841,P00005842
P010851,P010852
P00001593,P00001594
B000FA2KIA,B000FA2KIA-reworded
P016427,P016428
B0001KDUHY,B0001KDUHY-reworded
P00007307,P00007308
B0009DTGP8,B0009DTGP8-reworded
29861,204792876
B0002NZ6L8,B0002NZ6L8-reworded
B000COA1AI,B000COA1AI-reworded
P005503,P005504
B000JUDQF2,B000JUDQF2-reworded
B000637TLO,B000637TLO-reworded
P008331,P008332
P017607,P017608
P025815,P025816
P021395,P021396
B0000C3501,B0000C3501-reworded
P003635,P003636
26929,203651765
37360,202784323
P000175,P000176
P020599,P020600
P00000549,P00000550
B0002TOY9W,B0002TOY9W-reworded
P00013481,P00013482
P00011935,P00011936
B00066ZJ2M,B00066ZJ2M-reworded
P00013923,P00013924
B0002XSTT4,B0002XSTT4-reworded
P00000307,P00000308
P00015513,P00015514
P002371,P002372
B00008DH0F,B00008DH0F-reworded
P006679,P006680
B0007Y70IE,B0007Y70IE-reworded
P00001153,P00001154
P001461,P001462
b000h16pag,http://www.google.com/base/feeds/snippets/3192985906364439341
B0004LXVDS,B0004LXVDS-reworded
P00013805,P00013806
P00007083,P00007084
P00017373,P00017374
B000ALMNNQ,B000ALMNNQ-reworded
P002611,P002612
P00011505,P00011506
P00007681,P00007682
P018207,P018208
30591,204849801
P00001357,P00001358
B000BRM6YU,B000BRM6YU-reworded
P023115,P023116
P00017421,P00017422
b000hkgj8k,http://www.google.com/base/feeds/snippets/18417354130985846422
B0000WLFPC,B0000WLFPC-reworded
P00009437,P00009438
P000553,P000554
P00001595,P00001596
P010395,P010396
B00066ZIYG,B00066ZIYG-reworded
P00000189,P00000190
B00011TLI0,B00011TLI0-reworded
P005167,P005168
P00009679,P00009680
B0002YO8FC,B0002YO8FC-reworded
33790,210252356
P00005415,P00005416
P023987,P023988
B000073V2A,B000073V2A-reworded
B0000WZQPW,B0000WZQPW-reworded
b000jx1kdy,http://www.google.com/base/feeds/snippets/13499930330802525158
P00020619,P00020620
B0009SUZLW,B0009SUZLW-reworded
P022235,P022236
B000A132T0,B000A132T0-reworded
P016567,P016568
P021767,P021768
P00012157,P00012158
P003183,P003184
P00009923,P00009924
P019707,P019708
P00019489,P00019490
P021863,P021864
P00019969,P00019970
37208,209656950
B000G1QKBG,B000G1QKBG-reworded
P013679,P013680
B0001BH8NU,B0001BH8NU-reworded
25732,203341506
P024063,P024064
B0000APDBI,B0000APDBI-reworded
P00014867,P00014868
P023907,P023908
B00064LTJQ,B00064LTJQ-reworded
P023547,P023548
P015631,P015632
P00009079,P00009080
B0000X0W96,B0000X0W96-reworded
P00006869,P00006870
P00014241,P00014242
B000B13WKS,B000B13WKS-reworded
b000ar96bm,http://www.google.com/base/feeds/snippets/16873990150005697074
P020707,P020708
P005455,P005456
P00000799,P00000800
B0002E1H9W,B0002E1H9W-reworded
b000emgcxs,http://www.google.com/base/feeds/snippets/18384214908341178781
P023291,P023292
P023231,P023232
P023207,P023208
b000e8jlda,http://www.google.com/base/feeds/snippets/14794198635011271295
P002247,P002248
P00021065,P00021066
P016711,P016712
P00021157,P00021158
P026151,P026152
P004907,P004908
P00018799,P00018800
P003327,P003328
P00018547,P00018548
B0000WLGTC,B0000WLGTC-reworded
P00002305,P00002306
P00018617,P00018618
B0001M3UW2,B0001M3UW2-reworded
P009735,P009736
B00014876O,B00014876O-reworded
P00012985,P00012986
B0002ZROGG,B0002ZROGG-reworded
B000PHO5U4,B000PHO5U4-reworded
B000PUHJIQ,B000PUHJIQ-reworded
B0002KVZSE,B0002KVZSE-reworded
B0002VN96O,B0002VN96O-reworded
P00001503,P00001504
P006763,P006764
P00005023,P00005024
P007459,P007460
P019335,P019336
P00011095,P00011096
B0001NJSI6,B0001NJSI6-reworded
P00008483,P00008484
P00013577,P00013578
B000PTBML2,B000PTBML2-reworded
P001667,P001668
P002391,P002392
b000230e4m,http://www.google.com/base/feeds/snippets/3000347833164648276
B0000ASVP4,B0000ASVP4-reworded
P00007967,P00007968
P00019983,P00019984
P00012119,P00012120
P011419,P011420
P00002123,P00002124
B0002YIAN8,B0002YIAN8-reworded
P001619,P001620
B000LPCKJS,B000LPCKJS-reworded
P004951,P004952
P019355,P019356
P003515,P003516
P00000611,P00000612
P00000967,P00000968
B000A2RQWS,B000A2RQWS-reworded
b000h0k3zu,http://www.google.com/base/feeds/snippets/12105115514315351902
P00013183,P00013184
31887,206639246
P00007807,P00007808
P013271,P013272
P00011993,P00011994
B0002YIQEG,B0002YIQEG-reworded
B0006591AO,B0006591AO-reworded
B0002VNQ8U,B0002VNQ8U-reworded
b000g0lieq,http://www.google.com/base/feeds/snippets/10542539041826323398
P011147,P011148
P00000559,P00000560
B0002U9OPK,B0002U9OPK-reworded
P00001301,P00001302
P00000621,P00000622
P006351,P006352
P00016685,P00016686
P004283,P004284
33998,208112354
B000PQICOU,B000PQICOU-reworded
P014571,P014572
B000P13OBG,B000P13OBG-reworded
P00005557,P00005558
P00008131,P00008132
P019903,P019904
P025855,P025856
P003443,P003444
P00016653,P00016654
B000H16NE4,B000H16NE4-reworded
B0002LIJYG,B0002LIJYG-reworded
P00014661,P00014662
B0006I4P5C,B0006I4P5C-reworded
P00002295,P00002296
B0009OE990,B0009OE990-reworded
P00000049,P00000050
P00014133,P00014134
P008519,P008520
P004387,P004388
P00019383,P00019384
P023583,P023584
P023691,P023692
33278,206808441
P00010115,P00010116
P006731,P006732
P00017675,P00017676
B000AP0UGO,B000AP0UGO-reworded
P002791,P002792
P00001627,P00001628
P00018709,P00018710
B00009R6FS,B00009R6FS-reworded
P006359,P006360
B0001MBJP2,B0001MBJP2-reworded
P001691,P001692
B00077AAWO,B00077AAWO-reworded
P022939,P022940
P00005037,P00005038
23965,203322272
P00005349,P00005350
P00002747,P00002748
P005691,P005692
P000495,P000496
34719,207543188
B000BJLTUA,B000BJLTUA-reworded
B000HONCPE,B000HONCPE-reworded
P00009915,P00009916
P005635,P005636
34001,209297154
P010675,P010676
P00002801,P00002802
P00018121,P00018122
B0007V3HIE,B0007V3HIE-reworded
P002755,P002756
P003539,P003540
P000087,P000088
P002695,P002696
B000GBIBJU,B000GBIBJU-reworded
P00010397,P00010398
P021971,P021972
P00018815,P00018816
P00003987,P00003988
P00001437,P00001438
P00010187,P00010188
B000PDEV16,B000PDEV16-reworded
38796,209310279
b000rlnqcq,http://www.google.com/base/feeds/snippets/17395564824016755724
b000ndibbo,http://www.google.com/base/feeds/snippets/16934204320953872944
B00078MIY6,B00078MIY6-reworded
P013763,P013764
P009731,P009732
P00003219,P00003220
b000hkpb3e,http://www.google.com/base/feeds/snippets/11022538834870557563
P00005627,P00005628
P00010445,P00010446
P00009677,P00009678
P00019083,P00019084
P00008731,P00008732
P001371,P001372
B0002TELZ4,B0002TELZ4-reworded
P00009647,P00009648
B000FW7TM0,B000FW7TM0-reworded
B000145UKK,B000145UKK-reworded
P00020229,P00020230
P00012241,P00012242
P00004113,P00004114
P001879,P001880
28190,208464837
P017595,P017596
P000831,P000832
P00009631,P00009632
P00008411,P00008412
P008811,P008812
P00005091,P00005092
P001225,P001226
B000Q93BII,B000Q93BII-reworded
P000409,P000410
B0002U4A4K,B0002U4A4K-reworded
P019343,P019344
P003987,P003988
P009179,P009180
33276,205865183
B0000VIKVU,B0000VIKVU-reworded
P00013815,P00013816
P00009839,P00009840
P00018313,P00018314
35680,208156276
P00008759,P00008760
P00008403,P00008404
P00002137,P00002138
P00007155,P00007156
B000MSZMXU,B000MSZMXU-reworded
B000E7XFMY,B000E7XFMY-reworded
P00008505,P00008506
P010907,P010908
P019223,P019224
P00018767,P00018768
P00004115,P00004116
P00020187,P00020188
P00009221,P00009222
B000FJF3ZI,B000FJF3ZI-reworded
P021351,P021352
34880,207929461
P011015,P011016
28350,204206935
P001623,P001624
P000691,P000692
P00010617,P00010618
P00017009,P00017010
P00002369,P00002370
P00007685,P00007686
P00008079,P00008080
P00002257,P00002258
B000144YMU,B000144YMU-reworded
P00012809,P00012810
B000AA4LLO,B000AA4LLO-reworded
P00019641,P00019642
P001375,P001376
P012359,P012360
P015459,P015460
P006571,P006572
P011251,P011252
P00015383,P00015384
38327,207390671
b000feyg7o,http://www.google.com/base/feeds/snippets/15564784742978828373
P008763,P008764
P017131,P017132
P008987,P008988
B0002VNR1Q,B0002VNR1Q-reworded
P00007095,P00007096
B0002IVL62,B0002IVL62-reworded
B0000862D4,B0000862D4-reworded
38619,202985806
P017459,P017460
B00075ZYXQ,B00075ZYXQ-reworded
B000MQQ7UY,B000MQQ7UY-reworded
P023439,P023440
P023479,P023480
B0002ZES88,B0002ZES88-reworded
B0000C39FS,B0000C39FS-reworded
P00007991,P00007992
P00006017,P00006018
P001071,P001072
P005219,P005220
34878,207895085
P007571,P007572
P00009753,P00009754
P008971,P008972
P008915,P008916
P009871,P009872
P00013275,P00013276
P021067,P021068
P011843,P011844
P004043,P004044
P00000147,P00000148
34370,207390706
26137,204272122
P00005603,P00005604
B0006G424S,B0006G424S-reworded
B0000YDD5A,B0000YDD5A-reworded
B000KWTDJM,B000KWTDJM-reworded
P017819,P017820
P00018477,P00018478
P013571,P013572
B0000C32B1,B0000C32B1-reworded
P00018569,P00018570
P00009641,P00009642
P00016559,P00016560
P00007571,P00007572
P00005261,P00005262
P000945,P000946
P007915,P007916
b000b6n2lw,http://www.google.com/base/feeds/snippets/18382903514613113420
P00019015,P00019016
P00004739,P00004740
24153,208715855
b0002e3lpk,http://www.google.com/base/feeds/snippets/3815040086805205738
P00014351,P00014352
b000ro7h3w,http://www.google.com/base/feeds/snippets/2783290587760886650
35925,205074375
36083,206362623
P008555,P008556
B000227NGA,B000227NGA-reworded
B000AD3IEM,B000AD3IEM-reworded
P008503,P008504
B000F74MKC,B000F74MKC-reworded
P00008013,P00008014
P019787,P019788
P006075,P006076
P00019139,P00019140
P00008485,P00008486
P00016393,P00016394
P00016171,P00016172
P00013761,P00013762
P00013243,P00013244
P00009665,P00009666
P015327,P015328
B0002YO7ZI,B0002YO7ZI-reworded
P022083,P022084
B000DZFXTU,B000DZFXTU-reworded
B0006596IG,B0006596IG-reworded
P002319,P002320
P000091,P000092
B0006GBJLC,B0006GBJLC-reworded
P00002399,P00002400
B000141HF2,B000141HF2-reworded
P00012313,P00012314
P00009877,P00009878
b000j588g4,http://www.google.com/base/feeds/snippets/17733079574233143461
P00010085,P00010086
B0000ZHAUS,B0000ZHAUS-reworded
P022199,P022200
P00008045,P00008046
P00000509,P00000510
b000a2zlam,http://www.google.com/base/feeds/snippets/1904648546294590301
B0000C32B6,B0000C32B6-reworded
P00017667,P00017668
b0000c6eol,http://www.google.com/base/feeds/snippets/10445277524546945239
B0002DGYDC,B0002DGYDC-reworded
P00015103,P00015104
P00003721,P00003722
P000033,P000034
P00001603,P00001604
B000ARTP6I,B000ARTP6I-reworded
b000pg8kxs,http://www.google.com/base/feeds/snippets/13312621869477195220
B000AAL5I6,B000AAL5I6-reworded
P004891,P004892
P00000027,P00000028
P003455,P003456
P00007467,P00007468
P019771,P019772
B0002VNS2O,B0002VNS2O-reworded
P005083,P005084
P00004259,P00004260
P00015297,P00015298
P000211,P000212
P00014583,P00014584
P00004949,P00004950
P020131,P020132
P00000601,P00000602
P008579,P008580
P00017281,P00017282
P002631,P002632
b0000azvvs,http://www.google.com/base/feeds/snippets/5310740648374994867
P00001923,P00001924
P00008847,P00008848
P00007023,P00007024
P00012279,P00012280
P019867,P019868
B0002UE6OY,B0002UE6OY-reworded
P020931,P020932
B0009GH0A8,B0009GH0A8-reworded
P006047,P006048
P00002881,P00002882
P006983,P006984
B000J3B33Q,B000J3B33Q-reworded
P00009545,P00009546
b000i3g30k,http://www.google.com/base/feeds/snippets/13078719460791292222
B000OAEM3W,B000OAEM3W-reworded
P00011813,P00011814
P00006557,P00006558
B0002CQGJ0,B0002CQGJ0-reworded
32059,205131849
P00006599,P00006600
P00020139,P00020140
P00014231,P00014232
P00008415,P00008416
B0000AHPF7,B0000AHPF7-reworded
P00014057,P00014058
P00000135,P00000136
B000GW475Q,B000GW475Q-reworded
P00003961,P00003962
P00012181,P00012182
P00008547,P00008548
34016,208042911
B000161C5U,B000161C5U-reworded
B0002A6I40,B0002A6I40-reworded
B00063J9GC,B00063J9GC-reworded
B0002YO8R0,B0002YO8R0-reworded
b000gbukgm,http://www.google.com/base/feeds/snippets/2448830856693653081
B0002LYCVA,B0002LYCVA-reworded
P00012049,P00012050
b0009hj5ve,http://www.google.com/base/feeds/snippets/904752907591542149
P00002795,P00002796
B00015HKOS,B00015HKOS-reworded
P00019185,P00019186
P011451,P011452
P00016951,P00016952
P00004387,P00004388
P021823,P021824
B00064LTKA,B00064LTKA-reworded
B0006L0HK6,B0006L0HK6-reworded
P00009747,P00009748
B000N2993Y,B000N2993Y-reworded
33864,207936135
P00000537,P00000538
24316,204569292
P00009081,P00009082
P00006139,P00006140
B0002XSVPG,B0002XSVPG-reworded
P001191,P001192
B000I7MXQY,B000I7MXQY-reworded
P00007275,P00007276
B00068V730,B00068V730-reworded
P000979,P000980
P00003353,P00003354
B0009SUZT4,B0009SUZT4-reworded
P00008015,P00008016
P001573,P001574
B00066ZN7I,B00066ZN7I-reworded
P011427,P011428
P00013083,P00013084
38767,204154429
P022175,P022176
B000JMTPWS,B000JMTPWS-reworded
P00004329,P00004330
B000MKZ6S4,B000MKZ6S4-reworded
P00014139,P00014140
P00017547,P00017548
P00013993,P00013994
P00014811,P00014812
P001501,P001502
P024611,P024612
B0001YS2M8,B0001YS2M8-reworded
P016459,P016460
P00007871,P00007872
P00019493,P00019494
B000FN5FG6,B000FN5FG6-reworded
P00009451,P00009452
P00010771,P00010772
P00013307,P00013308
B0002M0CSG,B0002M0CSG-reworded
P002111,P002112
P00004519,P00004520
P001143,P001144
P00012849,P00012850
P001131,P001132
B000PON1C0,B000PON1C0-reworded
P00000535,P00000536
b000krd3bq,http://www.google.com/base/feeds/snippets/10299611596430222322
P00005339,P00005340
P018079,P018080
B0007G96K2,B0007G96K2-reworded
B0007PN6KO,B0007PN6KO-reworded
P00017479,P00017480
P021995,P021996
P00005253,P00005254
B000LGEWBQ,B000LGEWBQ-reworded
P00012769,P00012770
B0002NYU92,B0002NYU92-reworded
P00018481,P00018482
P00019843,P00019844
P00005143,P00005144
P00005525,P00005526
34666,207876534
b000b3z2zo,http://www.google.com/base/feeds/snippets/5286999908576362211
P023511,P023512
27810,204563770
P00011919,P00011920
P00016629,P00016630
P00003641,P00003642
P00007993,P00007994
P00009805,P00009806
P00019037,P00019038
P00005269,P00005270
P000925,P000926
P000437,P000438
P021187,P021188
P00011183,P00011184
B0000868BC,B0000868BC-reworded
P00000557,P00000558
P00003955,P00003956
b000ozhfsq,http://www.google.com/base/feeds/snippets/9997282084409978802
b000gbukgm,http://www.google.com/base/feeds/snippets/11524039735478682676
P011311,P011312
P002243,P002244
P00010025,P00010026
P00004681,P00004682
P00017709,P00017710
P004555,P004556
P004095,P004096
P00012505,P00012506
P024643,P024644
P00015151,P00015152
P00003723,P00003724
b00002s755,http://www.google.com/base/feeds/snippets/1946192615586358516
P012011,P012012
P00020889,P00020890
P022443,P022444
B0002JRZ3Y,B0002JRZ3Y-reworded
P00008935,P00008936
P000073,P000074
P00004607,P00004608
P017147,P017148
P00015419,P00015420
P000937,P000938
P000151,P000152
P000791,P000792
P00003975,P00003976
P013075,P013076
P003603,P003604
B00066ZS46,B00066ZS46-reworded
P00004933,P00004934
P00012209,P00012210
P00018057,P00018058
P007615,P007616
P007827,P007828
P00005141,P00005142
P00008967,P00008968
P00002089,P00002090
P00017535,P00017536
P006947,P006948
P010479,P010480
P00010473,P00010474
P000139,P000140
P00009163,P00009164
P00014569,P00014570
B0001ZO2VM,B0001ZO2VM-reworded
P019211,P019212
B00068Y3Z4,B00068Y3Z4-reworded
b00006y0es,http://www.google.com/base/feeds/snippets/12445044163325859752
34831,207682339
P00011567,P00011568
P00014365,P00014366
P00004301,P00004302
P005087,P005088
b00062vfec,http://www.google.com/base/feeds/snippets/17362544992159710827
P000299,P000300
B0000BKDLG,B0000BKDLG-reworded
P00011931,P00011932
P00014633,P00014634
P00016821,P00016822
B0001B98XI,B0001B98XI-reworded
B000KHPKI0,B000KHPKI0-reworded
P00010947,P00010948
P001151,P001152
P00010687,P00010688
P000947,P000948
B0000AHO8N,B0000AHO8N-reworded
29825,205664966
P009243,P009244
B000A4T2JQ,B000A4T2JQ-reworded
B0000AHR49,B0000AHR49-reworded
P00001613,P00001614
P00011055,P00011056
P020355,P020356
P00012035,P00012036
P021139,P021140
P00015995,P00015996
B000E3GKUM,B000E3GKUM-reworded
19204,203389382
P00009497,P00009498
P00019097,P00019098
P00002819,P00002820
B0002AJ84W,B0002AJ84W-reworded
B0000WL9A8,B0000WL9A8-reworded
B000667D8A,B000667D8A-reworded
P00018593,P00018594
P005659,P005660
B0006ITJ9O,B0006ITJ9O-reworded
P00011519,P00011520
P00010909,P00010910
P000639,P000640
B000NSGIVY,B000NSGIVY-reworded
B000669496,B000669496-reworded
21267,203087865
B0000AHR4V,B0000AHR4V-reworded
33273,206808432
P00011019,P00011020
B0000A6ELB,B0000A6ELB-reworded
P00014785,P00014786
P00007249,P00007250
B0002M18WK,B0002M18WK-reworded
P00008567,P00008568
P00016059,P00016060
B0000894LR,B0000894LR-reworded
B0006OC0U8,B0006OC0U8-reworded
P005943,P005944
P008347,P008348
P00017835,P00017836
P018427,P018428
P00012325,P00012326
B0000ZOV9Q,B0000ZOV9Q-reworded
P013503,P013504
P003083,P003084
b000hctyte,http://www.google.com/base/feeds/snippets/7882287499485291732
B0002LIOLO,B0002LIOLO-reworded
P00004309,P00004310
P003331,P003332
P00016799,P00016800
B000FYZC6I,B000FYZC6I-reworded
P00002361,P00002362
P00007961,P00007962
P00015939,P00015940
B000667DDA,B000667DDA-reworded
b000he9psc,http://www.google.com/base/feeds/snippets/14520556770161082452
P00008911,P00008912
P00018409,P00018410
P00011657,P00011658
P024939,P024940
P00016719,P00016720
b000k7vio0,http://www.google.com/base/feeds/snippets/9592753698712041843
P00010007,P00010008
P012227,P012228
P010199,P010200
P00001199,P00001200
P00007133,P00007134
P00012689,P00012690
P003687,P003688
P001471,P001472
B000JLIYF8,B000JLIYF8-reworded
35663,207536226
P00003003,P00003004
P00002223,P00002224
P00005507,P00005508
b0007yll20,http://www.google.com/base/feeds/snippets/18431066094306345892
P012295,P012296
34815,208033806
B0000866JZ,B0000866JZ-reworded
P00000719,P00000720
P001411,P001412
P00020733,P00020734
B000GZYOFQ,B000GZYOFQ-reworded
B0006HENDW,B0006HENDW-reworded
P015307,P015308
P00003911,P00003912
b00005v55b,http://www.google.com/base/feeds/snippets/18011756922272923721
36097,205838157
P001489,P001490
P00008333,P00008334
b000in6tnq,http://www.google.com/base/feeds/snippets/18251424810598585817
P00001067,P00001068
P022847,P022848
P00012201,P00012202
P00003355,P00003356
B00066Q0I4,B00066Q0I4-reworded
P013659,P013660
B00065WPM0,B00065WPM0-reworded
B000GEC7J2,B000GEC7J2-reworded
B000PHO56S,B000PHO56S-reworded
P017823,P017824
P00016221,P00016222
P00016545,P00016546
P014591,P014592
P023863,P023864
B000NQKNNA,B000NQKNNA-reworded
b000gkpds8,http://www.google.com/base/feeds/snippets/5515688203820371988
P025247,P025248
P000825,P000826
P00007827,P00007828
P00016013,P00016014
B00026UM50,B00026UM50-reworded
P00005769,P00005770
B0000WLGM4,B0000WLGM4-reworded
B000IJVUO8,B000IJVUO8-reworded
P00000511,P00000512
P00004565,P00004566
B000H6H41A,B000H6H41A-reworded
P00000937,P00000938
B0002GD3OC,B0002GD3OC-reworded
P00003255,P00003256
P008343,P008344
P009915,P009916
P00017347,P00017348
b0001fyrqm,http://www.google.com/base/feeds/snippets/6239309275726276581
B000NV8BHK,B000NV8BHK-reworded
P019531,P019532
B0007YG594,B0007YG594-reworded
18567,208456203
b0009jgv6o,http://www.google.com/base/feeds/snippets/171336667164499787
P00015997,P00015998
B000LDQRXK,B000LDQRXK-reworded
P000785,P000786
P004863,P004864
P023487,P023488
19112,90148541
P002891,P002892
B000P1048M,B000P1048M-reworded
P00004475,P00004476
B0002Y4KXW,B0002Y4KXW-reworded
P026483,P026484
B00066ZTOK,B00066ZTOK-reworded
P001827,P001828
B000OI0ETU,B000OI0ETU-reworded
P00017993,P00017994
P001249,P001250
B0006I4XOK,B0006I4XOK-reworded
P00001993,P00001994
P015271,P015272
P00014251,P00014252
37796,210239335
B0000ANHRG,B0000ANHRG-reworded
P00008679,P00008680
B00066PI46,B00066PI46-reworded
P00013825,P00013826
P003215,P003216
B00066ZHME,B00066ZHME-reworded
P00001879,P00001880
P00016213,P00016214
P015155,P015156
P00009861,P00009862
P00008009,P00008010
B000ILW982,B000ILW982-reworded
P00018207,P00018208
P00011157,P00011158
B0002UD488,B0002UD488-reworded
B0000891KL,B0000891KL-reworded
P011927,P011928
B000Q5VPUI,B000Q5VPUI-reworded
P00001121,P00001122
P00003041,P00003042
P024327,P024328
P012879,P012880
P000401,P000402
B0000ASOU1,B0000ASOU1-reworded
P00020075,P00020076
B0002CIE5Y,B0002CIE5Y-reworded
B000BQ4NGA,B000BQ4NGA-reworded
P021831,P021832
P003239,P003240
P00010101,P00010102
P006107,P006108
P00014501,P00014502
P00013663,P00013664
B000P8NTQY,B000P8NTQY-reworded
37893,208937534
P002731,P002732
P00007835,P00007836
B0002995OQ,B0002995OQ-reworded
P026571,P026572
B0006I5XJO,B0006I5XJO-reworded
P00019245,P00019246
P00015735,P00015736
B0002VNB5S,B0002VNB5S-reworded
b0001wn1a8,http://www.google.com/base/feeds/snippets/8324654787720267662
B000N8S13W,B000N8S13W-reworded
P000745,P000746
34928,208117931
P00021061,P00021062
P00012401,P00012402
B00007GCYQ,B00007GCYQ-reworded
P001891,P001892
P020327,P020328
B0002YLB5M,B0002YLB5M-reworded
P003619,P003620
P00010841,P00010842
B0006JKZXC,B0006JKZXC-reworded
P00010153,P00010154
B0007ZA0V2,B0007ZA0V2-reworded
P00004811,P00004812
P00002319,P00002320
P00003517,P00003518
P013519,P013520
P024027,P024028
P00018945,P00018946
P003483,P003484
b000eqy0ss,http://www.google.com/base/feeds/snippets/17149948893700452737
P020999,P021000
P015979,P015980
B0002OQLDE,B0002OQLDE-reworded
P005615,P005616
B0000AJGPI,B0000AJGPI-reworded
P00016801,P00016802
P00007891,P00007892
P004679,P004680
P00000155,P00000156
P00014189,P00014190
P00017029,P00017030
P019971,P019972
b000bdiqpc,http://www.google.com/base/feeds/snippets/17153123894129090968
b000s604de,http://www.google.com/base/feeds/snippets/18240281005302874979
P00004555,P00004556
b000q1pyzo,http://www.google.com/base/feeds/snippets/16880028183560827373
B000K2MJ2A,B000K2MJ2A-reworded
B0006FJOZ6,B0006FJOZ6-reworded
B0002VN4XC,B0002VN4XC-reworded
P025339,P025340
b0001gu7jc,http://www.google.com/base/feeds/snippets/17037106486883484113
b000hhvbdq,http://www.google.com/base/feeds/snippets/9685850187894108398
P001103,P001104
P008991,P008992
P00008867,P00008868
b00004t2un,http://www.google.com/base/feeds/snippets/17501987182659378619
P00003213,P00003214
B000OV7CN8,B000OV7CN8-reworded
P008487,P008488
P020903,P020904
P00011713,P00011714
P00005425,P00005426
P004091,P004092
P00020543,P00020544
P00018983,P00018984
P00007585,P00007586
P007719,P007720
B000147ICI,B000147ICI-reworded
P00007669,P00007670
P001683,P001684
P006463,P006464
B000E8O4R8,B000E8O4R8-reworded
P023535,P023536
P00003173,P00003174
P00005469,P00005470
B0001487C8,B0001487C8-reworded
B0006V28BM,B0006V28BM-reworded
P007715,P007716
P002015,P002016
P00003659,P00003660
35175,208117922
P012719,P012720
P00013239,P00013240
28554,204443417
23519,208456185
B0006LJGYO,B0006LJGYO-reworded
P00003777,P00003778
B000N8RDJU,B000N8RDJU-reworded
P00006829,P00006830
36999,206761808
B00066ZOSQ,B00066ZOSQ-reworded
P023795,P023796
P00005597,P00005598
B000M44SN4,B000M44SN4-reworded
P00007997,P00007998
P00015385,P00015386
P00002381,P00002382
P001367,P001368
B0002AJ8D8,B0002AJ8D8-reworded
P00013431,P00013432
P00009901,P00009902
P014983,P014984
P00007719,P00007720
B0001LVB2E,B0001LVB2E-reworded
P00002055,P00002056
B0006TJ89O,B0006TJ89O-reworded
b000io79mu,http://www.google.com/base/feeds/snippets/17943553623332924825
P00012365,P00012366
P023159,P023160
P009335,P009336
P00011207,P00011208
P001491,P001492
b000jx5nm8,http://www.google.com/base/feeds/snippets/17083097999546756325
P00009485,P00009486
33936,207391019
P020531,P020532
P00019223,P00019224
B0002E4EN8,B0002E4EN8-reworded
P00019089,P00019090
P00018579,P00018580
P00011739,P00011740
P017691,P017692
B00008JVN9,B00008JVN9-reworded
P001223,P001224
B0002KV6BA,B0002KV6BA-reworded
P016839,P016840
b000in8n30,http://www.google.com/base/feeds/snippets/4377533611520192512
B0001XON9A,B0001XON9A-reworded
P00000173,P00000174
P00003293,P00003294
P023279,P023280
P000607,P000608
P00010817,P00010818
P00017753,P00017754
P005711,P005712
P006919,P006920
B00066Q1SS,B00066Q1SS-reworded
B000A3LHHC,B000A3LHHC-reworded
b000i84dts,http://www.google.com/base/feeds/snippets/18373254644070862441
P019119,P019120
P00013157,P00013158
P005079,P005080
P00005565,P00005566
P00018013,P00018014
P021931,P021932
P001163,P001164
P00019151,P00019152
P017179,P017180
P00014199,P00014200
P00018611,P00018612
P00002761,P00002762
P00004725,P00004726
31392,205753566
P00005137,P00005138
P009963,P009964
P00012369,P00012370
P017103,P017104
0380796333,0380796333-reworded
b0002vjvxy,http://www.google.com/base/feeds/snippets/15893880004435051441
30219,207910337
P004019,P004020
B00066ZRX8,B00066ZRX8-reworded
P020671,P020672
P000475,P000476
P00019283,P00019284
P020679,P020680
P00017941,P00017942
P026335,P026336
P00020505,P00020506
b000cbqbby,http://www.google.com/base/feeds/snippets/5968511357343083164
b000099107,http://www.google.com/base/feeds/snippets/16698946140878275557
P021675,P021676
P025267,P025268
P00007117,P00007118
P025523,P025524
P008163,P008164
P00009959,P00009960
P003551,P003552
B0007CKRKO,B0007CKRKO-reworded
P00007077,P00007078
P016119,P016120
B0002PZYWC,B0002PZYWC-reworded
b00005v55b,http://www.google.com/base/feeds/snippets/12732181672723754930
P025159,P025160
30962,205599985
B000EY8BBW,B000EY8BBW-reworded
P00008899,P00008900
P00018543,P00018544
P00003319,P00003320
P000095,P000096
P00008143,P00008144
P00007491,P00007492
32563,206615085
P00019009,P00019010
b000i4rmfe,http://www.google.com/base/feeds/snippets/14007006525589850325
P00009099,P00009100
B000AA7J5E,B000AA7J5E-reworded
P000359,P000360
P025771,P025772
B000E892U2,B000E892U2-reworded
B00066PFNK,B00066PFNK-reworded
B000FGDD0I,B000FGDD0I-reworded
P004979,P004980
B000I4Y59K,B000I4Y59K-reworded
P00002259,P00002260
P00008727,P00008728
P00003929,P00003930
P015751,P015752
P025107,P025108
P00002861,P00002862
P00004257,P00004258
P00007159,P00007160
B0001YS7UK,B0001YS7UK-reworded
P00016133,P00016134
B0006ZKFEA,B0006ZKFEA-reworded
P00007757,P00007758
P00009965,P00009966
B0002LKM50,B0002LKM50-reworded
P00014595,P00014596
P00004711,P00004712
P00003741,P00003742
b00002s75b,http://www.google.com/base/feeds/snippets/18029245320668853953
P00011285,P00011286
P007339,P007340
P00004157,P00004158
P016547,P016548
P00007535,P00007536
30593,204860316
P004275,P004276
P000765,P000766
10640,203024425
B000JZ8YZE,B000JZ8YZE-reworded
P003719,P003720
B0000C2VNJ,B0000C2VNJ-reworded
B00062NT32,B00062NT32-reworded
B0002E4BOU,B0002E4BOU-reworded
P020747,P020748
P00005777,P00005778
P00000587,P00000588
b0006b6b1a,http://www.google.com/base/feeds/snippets/18378422702839985200
P021431,P021432
P020103,P020104
P00016881,P00016882
P00018099,P00018100
B000AOKZHE,B000AOKZHE-reworded
B000LAC53Y,B000LAC53Y-reworded
P00018165,P00018166
P001815,P001816
P00007087,P00007088
b000edjjhs,http://www.google.com/base/feeds/snippets/17033785854482020785
P019675,P019676
P008427,P008428
P001617,P001618
P00013161,P00013162
P000807,P000808
B0000C124J,B0000C124J-reworded
b000bsf02e,http://www.google.com/base/feeds/snippets/7475984506445353918
P00016803,P00016804
P00019809,P00019810
P006083,P006084
P00017785,P00017786
P007975,P007976
P00001495,P00001496
P00020381,P00020382
P00009487,P00009488
P008927,P008928
B00080OSQO,B00080OSQO-reworded
P00013877,P00013878
P002411,P002412
P00008569,P00008570
B0002PQ8O0,B0002PQ8O0-reworded
P000561,P000562
P022687,P022688
P012103,P012104
P005067,P005068
P00010249,P00010250
P012235,P012236
P00009733,P00009734
P019483,P019484
B000EMK8QA,B000EMK8QA-reworded
P00006277,P00006278
0793805724,0793805724-reworded
b000kmehha,http://www.google.com/base/feeds/snippets/11463298814554093369
34056,207643190
P00020023,P00020024
P024287,P024288
P00015869,P00015870
P00015073,P00015074
P00011093,P00011094
P00007829,P00007830
b000egidpy,http://www.google.com/base/feeds/snippets/5558998293398547766
B0002OQSIM,B0002OQSIM-reworded
B000GZD6DC,B000GZD6DC-reworded
P00006249,P00006250
P00017087,P00017088
P00014337,P00014338
B000R2YYVM,B000R2YYVM-reworded
P015119,P015120
P001737,P001738
B0000AFRV4,B0000AFRV4-reworded
P008899,P008900
34442,208455894
P022263,P022264
P000267,P000268
P00005127,P00005128
B0002OQSKU,B0002OQSKU-reworded
P006115,P006116
B000NJ2682,B000NJ2682-reworded
B000073V2C,B000073V2C-reworded
B000667CM2,B000667CM2-reworded
P00020219,P00020220
P024915,P024916
P012175,P012176
B0002NZGZ4,B0002NZGZ4-reworded
P010207,P010208
B0000ASOR5,B0000ASOR5-reworded
B0003DJCYY,B0003DJCYY-reworded
P011931,P011932
B000B6JCQQ,B000B6JCQQ-reworded
P003491,P003492
P00002727,P00002728
P025719,P025720
b000ogsyk8,http://www.google.com/base/feeds/snippets/391160076939023566
P000091,P000092
P023679,P023680
P021547,P021548
P00015985,P00015986
P00013437,P00013438
P00008391,P00008392
P00003793,P00003794
B0009IC8WG,B0009IC8WG-reworded
P00018929,P00018930
0688144934,0688144934-reworded
P005999,P006000
B0003GV9E2,B0003GV9E2-reworded
P00010131,P00010132
B000MX5TQU,B000MX5TQU-reworded
P00004351,P00004352
P00012811,P00012812
P007219,P007220
B000P4JXO0,B000P4JXO0-reworded
B000B7CEO2,B000B7CEO2-reworded
P00016031,P00016032
P017271,P017272
P00005271,P00005272
P000791,P000792
P000387,P000388
P00010643,P00010644
P00020609,P00020610
P00011707,P00011708
P007695,P007696
P003663,P003664
B00029BHHO,B00029BHHO-reworded
P026059,P026060
P006255,P006256
B0001FF982,B0001FF982-reworded
B000F76OBC,B000F76OBC-reworded
B000KHDUN2,B000KHDUN2-reworded
B0009Z3NGO,B0009Z3NGO-reworded
P00016569,P00016570
P004335,P004336
P005203,P005204
P00004787,P00004788
P00012345,P00012346
P004519,P004520
P018147,P018148
B00066Q1RY,B00066Q1RY-reworded
P00007241,P00007242
P012783,P012784
P00008245,P00008246
b000edkurg,http://www.google.com/base/feeds/snippets/13699037964945038111
B0002NYW6I,B0002NYW6I-reworded
b0008g2bvm,http://www.google.com/base/feeds/snippets/18275035621919457369
P00008815,P00008816
P00013013,P00013014
B0001487KK,B0001487KK-reworded
P00000551,P00000552
P00018769,P00018770
B0000C31N3,B0000C31N3-reworded
P00020457,P00020458
P00001743,P00001744
B00009KO0B,B00009KO0B-reworded
P018607,P018608
P00014945,P00014946
P00001931,P00001932
P000839,P000840
P00005293,P00005294
P00014649,P00014650
P001313,P001314
B00030NSDS,B00030NSDS-reworded
P001393,P001394
P009867,P009868
P013831,P013832
P006887,P006888
P00012925,P00012926
P00005945,P00005946
P000313,P000314
P007651,P007652
B000KRKQ16,B000KRKQ16-reworded
P019039,P019040
P009331,P009332
P000077,P000078
P00019789,P00019790
P00001187,P00001188
P017343,P017344
P00003727,P00003728
P003263,P003264
P007443,P007444
B0008JFJZO,B0008JFJZO-reworded
P00019131,P00019132
B0000C46FJ,B0000C46FJ-reworded
P022991,P022992
P00016445,P00016446
P002227,P002228
P00000597,P00000598
P00009159,P00009160
P018891,P018892
P023335,P023336
B0002LKSTA,B0002LKSTA-reworded
P018307,P018308
B00017ABHY,B00017ABHY-reworded
P00009297,P00009298
P007355,P007356
P001439,P001440
B0002VGQEG,B0002VGQEG-reworded
B000M4IXPI,B000M4IXPI-reworded
B0009288L2,B0009288L2-reworded
P00019751,P00019752
B0000A884H,B0000A884H-reworded
B000JVGIOC,B000JVGIOC-reworded
30708,205083947
P007251,P007252
P00002919,P00002920
P018319,P018320
P00010975,P00010976
B0000D8VFU,B0000D8VFU-reworded
P00013517,P00013518
B000P372QW,B000P372QW-reworded
B000078QYG,B000078QYG-reworded
P000503,P000504
P00011941,P00011942
P00008109,P00008110
P00006135,P00006136
B0000869HG,B0000869HG-reworded
P012655,P012656
P00012183,P00012184
P00005201,P00005202
P025679,P025680
P018279,P018280
B0001OGHMU,B0001OGHMU-reworded
P00018203,P00018204
b00024wjrq,http://www.google.com/base/feeds/snippets/16744224390148606478
P00002673,P00002674
P008639,P008640
B008RNYN8M,B008RNYN8M-reworded
B000EGKRLW,B000EGKRLW-reworded
34303,207900179
P00020059,P00020060
B000H46OHC,B000H46OHC-reworded
P004855,P004856
P00004239,P00004240
B000I074X8,B000I074X8-reworded
B000I6MH66,B000I6MH66-reworded
P00011079,P00011080
B0006I5UZ6,B0006I5UZ6-reworded
P00015191,P00015192
B00008IO8G,B00008IO8G-reworded
P00005835,P00005836
b000ndibl4,http://www.google.com/base/feeds/snippets/14992670292987095559
B000FCNXLQ,B000FCNXLQ-reworded
P00008793,P00008794
P00019639,P00019640
P003207,P003208
P00008823,P00008824
P003311,P003312
P026083,P026084
P003823,P003824
P00000643,P00000644
P021003,P021004
P023347,P023348
P00014987,P00014988
P00003985,P00003986
B000BDH996,B000BDH996-reworded
P015031,P015032
B0006BD94W,B0006BD94W-reworded
P011099,P011100
P022735,P022736
P00010625,P00010626
P000663,P000664
P00006041,P00006042
P002559,P002560
25857,202870177
P014523,P014524
26310,203459314
P00008439,P00008440
P018803,P018804
P00001933,P00001934
B0002UBS4A,B0002UBS4A-reworded
P001131,P001132
B0000A16WJ,B0000A16WJ-reworded
B000A0HTV8,B000A0HTV8-reworded
38704,209114575
P00007893,P00007894
B0006HOWK6,B0006HOWK6-reworded
P00013795,P00013796
P00010139,P00010140
P00020083,P00020084
P00015135,P00015136
B000N55Q0G,B000N55Q0G-reworded
P00018773,P00018774
P010819,P010820
P00010869,P00010870
P008783,P008784
P00005605,P00005606
P017443,P017444
P026703,P026704
P022955,P022956
b000o39qoo,http://www.google.com/base/feeds/snippets/1160856703276103950
B0001ABWXS,B0001ABWXS-reworded
B0000AHPF3,B0000AHPF3-reworded
B0002D7X14,B0002D7X14-reworded
P00019233,P00019234
B0005IBVQY,B0005IBVQY-reworded
P024335,P024336
P011975,P011976
b000fjsa2g,http://www.google.com/base/feeds/snippets/5364807314885028760
P007051,P007052
P00005123,P00005124
P00015785,P00015786
P00011357,P00011358
P00008041,P00008042
P017811,P017812
P00016997,P00016998
P013531,P013532
B0002UE6T4,B0002UE6T4-reworded
B0007ZFAPI,B0007ZFAPI-reworded
P004207,P004208
P011719,P011720
P00020495,P00020496
P008819,P008820
P00010719,P00010720
P00007593,P00007594
P00014735,P00014736
B000KYTGCE,B000KYTGCE-reworded
P00018097,P00018098
B000JNRHAE,B000JNRHAE-reworded
P00000421,P00000422
b000k2nkua,http://www.google.com/base/feeds/snippets/8251934342990013076
P00019201,P00019202
P018571,P018572
B0000ASNJY,B0000ASNJY-reworded
P00005845,P00005846
P000509,P000510
B0006OLB1W,B0006OLB1W-reworded
b000cs3s2c,http://www.google.com/base/feeds/snippets/17715266298340609214
P025967,P025968
P023375,P023376
P024827,P024828
B00021UT9Y,B00021UT9Y-reworded
P00008507,P00008508
31284,204049534
B0009V5XGQ,B0009V5XGQ-reworded
P003995,P003996
P00011501,P00011502
P002947,P002948
B0001X7T32,B0001X7T32-reworded
B000HEBAQW,B000HEBAQW-reworded
P00013679,P00013680
B0002TOXKC,B0002TOXKC-reworded
P00010361,P00010362
P007775,P007776
b000i8od5w,http://www.google.com/base/feeds/snippets/17828266310377038415
B0002NZRAS,B0002NZRAS-reworded
P00010805,P00010806
P00008743,P00008744
37404,209705778
B000R30A8C,B000R30A8C-reworded
P00017341,P00017342
P001349,P001350
B000I23PW0,B000I23PW0-reworded
P00020913,P00020914
P007199,P007200
P00004045,P00004046
P00005767,P00005768
P00006803,P00006804
P020851,P020852
B000KEM5XG,B000KEM5XG-reworded
P00013845,P00013846
P005075,P005076
P011115,P011116
P00007833,P00007834
P00004883,P00004884
B000EGUXBG,B000EGUXBG-reworded
b000ogsgzq,http://www.google.com/base/feeds/snippets/18053677474084218860
B000IN06XK,B000IN06XK-reworded
b000h27puo,http://www.google.com/base/feeds/snippets/747897289202016262
34126,203166120
P00005463,P00005464
P00010759,P00010760
P017375,P017376
B000Q7SVOY,B000Q7SVOY-reworded
P00002853,P00002854
P00000053,P00000054
B00062N8DI,B00062N8DI-reworded
P00008613,P00008614
25797,204416098
P00011753,P00011754
P019079,P019080
27793,204292473
B00006BBBY,B00006BBBY-reworded
P006643,P006644
P00013945,P00013946
P00019195,P00019196
B000LD2XHY,B000LD2XHY-reworded
P002663,P002664
P00017305,P00017306
P00009847,P00009848
P00019513,P00019514
P021955,P021956
P00010573,P00010574
P007863,P007864
P00010845,P00010846
P018527,P018528
P007583,P007584
P00013319,P00013320
B00016PPOO,B00016PPOO-reworded
P00016517,P00016518
P00014327,P00014328
P00016953,P00016954
P00016241,P00016242
21175,10412788
B000R36CG6,B000R36CG6-reworded
P011167,P011168
B0006593NY,B0006593NY-reworded
b000fdetx6,http://www.google.com/base/feeds/snippets/4635585281695496952
P000287,P000288
b000csralc,http://www.google.com/base/feeds/snippets/17802084899902028186
P00011799,P00011800
P00015329,P00015330
P00009443,P00009444
P019123,P019124
P00000779,P00000780
B0009GG7VQ,B0009GG7VQ-reworded
b000099sie,http://www.google.com/base/feeds/snippets/12471937113581397461
P00010843,P00010844
b000ivjv10,http://www.google.com/base/feeds/snippets/16673725682059181917
P017299,P017300
B0000AHPI0,B0000AHPI0-reworded
P018575,P018576
P00011031,P00011032
P001203,P001204
P00019559,P00019560
B000BNWSKQ,B000BNWSKQ-reworded
B0001F35II,B0001F35II-reworded
P00016937,P00016938
b000gr1ceu,http://www.google.com/base/feeds/snippets/4703701453618359906
B0001DRHGG,B0001DRHGG-reworded
P001219,P001220
b000e8jlas,http://www.google.com/base/feeds/snippets/1532472446439845707
P003343,P003344
b0002iwyke,http://www.google.com/base/feeds/snippets/10827782844634609439
P026263,P026264
B0001ZHYYY,B0001ZHYYY-reworded
B0002VMNAC,B0002VMNAC-reworded
P00012829,P00012830
B0001MXZU4,B0001MXZU4-reworded
P007955,P007956
P00003543,P00003544
b000h229d2,http://www.google.com/base/feeds/snippets/14928650794745636736
P00019221,P00019222
P006991,P006992
37808,204740188
P005303,P005304
P00020227,P00020228
P00004051,P00004052
37805,209085175
B000FECAKE,B000FECAKE-reworded
P00019381,P00019382
P010115,P010116
P005667,P005668
P00001515,P00001516
b000fj16ou,http://www.google.com/base/feeds/snippets/17192736847409473684
P00017761,P00017762
B000PMIRLM,B000PMIRLM-reworded
P00009381,P00009382
P001355,P001356
P013495,P013496
P005787,P005788
P026235,P026236
B000R32E5O,B000R32E5O-reworded
P010551,P010552
P00002841,P00002842
P00006683,P00006684
P00002447,P00002448
P00006421,P00006422
P00013589,P00013590
P021839,P021840
P00003305,P00003306
P007375,P007376
P00017221,P00017222
P00013523,P00013524
P019103,P019104
P006575,P006576
P000723,P000724
P00019111,P00019112
P002419,P002420
P00006785,P00006786
P024419,P024420
B0001FUYRI,B0001FUYRI-reworded
P000889,P000890
P005371,P005372
P00012065,P00012066
P00015435,P00015436
B0002EDRQ8,B0002EDRQ8-reworded
P00016811,P00016812
P00007485,P00007486
b0009tqb3w,http://www.google.com/base/feeds/snippets/6112085133304289995
P021175,P021176
P001007,P001008
0716786559,0716786559-reworded
P014979,P014980
P019115,P019116
P00019599,P00019600
P00017349,P00017350
P00012511,P00012512
P00019393,P00019394
P00017105,P00017106
P00008723,P00008724
P011127,P011128
P018367,P018368
P00018147,P00018148
P018115,P018116
b000ag5sb0,http://www.google.com/base/feeds/snippets/12546664403196501542
B00062N8EW,B00062N8EW-reworded
b0006g2wr2,http://www.google.com/base/feeds/snippets/18403352308945312678
P001459,P001460
P002619,P002620
P00005609,P00005610
P025475,P025476
B000HVYNQO,B000HVYNQO-reworded
B000CE9EF6,B000CE9EF6-reworded
P00017415,P00017416
0764227017,0764227017-reworded
P00002979,P00002980
P00020905,P00020906
23658,203065730
B000BYQQAI,B000BYQQAI-reworded
P011343,P011344
P00014377,P00014378
P00008253,P00008254
P00006043,P00006044
P000317,P000318
P00019465,P00019466
b0007q7mg2,http://www.google.com/base/feeds/snippets/13558726664717453661
P00016759,P00016760
P00004777,P00004778
P00013311,P00013312
P00004229,P00004230
P006603,P006604
B000NTYP7M,B000NTYP7M-reworded
B0002Q9DRS,B0002Q9DRS-reworded
P007835,P007836
P019023,P019024
P002735,P002736
b00022pti4,http://www.google.com/base/feeds/snippets/16729750960777382226
P007879,P007880
P024143,P024144
B00062NNWE,B00062NNWE-reworded
b000bh3dbk,http://www.google.com/base/feeds/snippets/18141440313618559567
P00017589,P00017590
P023007,P023008
P006503,P006504
P00009323,P00009324
P00011525,P00011526
B0006HJ8GY,B0006HJ8GY-reworded
P00018901,P00018902
B0000CBACM,B0000CBACM-reworded
P000959,P000960
B0006L9TF0,B0006L9TF0-reworded
P00013461,P00013462
P025123,P025124
P00007679,P00007680
P017015,P017016
B00083DDM6,B00083DDM6-reworded
B00066PD1E,B00066PD1E-reworded
P00011497,P00011498
B0009A1EAG,B0009A1EAG-reworded
B000OWQZ6C,B000OWQZ6C-reworded
P021267,P021268
P017163,P017164
P00003279,P00003280
P007407,P007408
P00000997,P00000998
P023463,P023464
P00008691,P00008692
P00009235,P00009236
P00021147,P00021148
P00002925,P00002926
P00010623,P00010624
P00000755,P00000756
P00005645,P00005646
P00015519,P00015520
b0009i5sgy,http://www.google.com/base/feeds/snippets/7702263644150091221
P009603,P009604
B00099I1EY,B00099I1EY-reworded
P00005807,P00005808
B000P8J8A0,B000P8J8A0-reworded
P000661,P000662
P00012283,P00012284
P00008609,P00008610
P00014281,P00014282
P000653,P000654
P00020967,P00020968
B000AYFYW0,B000AYFYW0-reworded
P00011091,P00011092
P00004849,P00004850
P00012351,P00012352
P001187,P001188
B0002YO2IK,B0002YO2IK-reworded
B0002NYUAQ,B0002NYUAQ-reworded
P00012719,P00012720
P00004289,P00004290
B0002TPCXY,B0002TPCXY-reworded
P00007105,P00007106
P00000309,P00000310
P008187,P008188
P020571,P020572
P00016927,P00016928
P00020907,P00020908
P00013173,P00013174
P022771,P022772
P00001017,P00001018
B000IEGQ56,B000IEGQ56-reworded
B000ND3HS6,B000ND3HS6-reworded
P013091,P013092
P00011783,P00011784
18441,209002546
P018539,P018540
P00003123,P00003124
B0002VNSFQ,B0002VNSFQ-reworded
P00006493,P00006494
P00003199,P00003200
P022011,P022012
B0002TPBL2,B0002TPBL2-reworded
P001087,P001088
P023703,P023704
P00018391,P00018392
P011475,P011476
B000ND5DE2,B000ND5DE2-reworded
P00006167,P00006168
P003611,P003612
B0000C398T,B0000C398T-reworded
P00012641,P00012642
P00007165,P00007166
38644,208344063
P00019409,P00019410
P005335,P005336
P022987,P022988
P000405,P000406
P008363,P008364
14715,203021705
P00008947,P00008948
P00011983,P00011984
P00003461,P00003462
P000231,P000232
B0002LIO28,B0002LIO28-reworded
P016115,P016116
P021171,P021172
P00015535,P00015536
P018355,P018356
B0002NXSWC,B0002NXSWC-reworded
P00002535,P00002536
P004883,P004884
B0000AHR5A,B0000AHR5A-reworded
P021559,P021560
P001691,P001692
b0007lw230,http://www.google.com/base/feeds/snippets/10595032077010116055
B000GTVE1O,B000GTVE1O-reworded
B000271AMS,B000271AMS-reworded
P00006789,P00006790
P00006107,P00006108
B0002TOSJI,B0002TOSJI-reworded
b000o3ek2m,http://www.google.com/base/feeds/snippets/18295506345742178609
B000MS809S,B000MS809S-reworded
P004919,P004920
P000327,P000328
b000qfqa1w,http://www.google.com/base/feeds/snippets/18405745276041721942
P006727,P006728
P00002297,P00002298
P00011221,P00011222
B0000C3DPM,B0000C3DPM-reworded
P00000347,P00000348
b000h16p9w,http://www.google.com/base/feeds/snippets/12831181740691949409
P010787,P010788
P00015457,P00015458
P00005513,P00005514
P00004517,P00004518
P00013835,P00013836
P00003885,P00003886
P00001079,P00001080
P00021007,P00021008
B0007OW81I,B0007OW81I-reworded
33784,207538225
P024847,P024848
P010875,P010876
33595,207388756
B0007G6Z60,B0007G6Z60-reworded
B0001B9E3C,B0001B9E3C-reworded
P00017121,P00017122
B000196UY0,B000196UY0-reworded
P016067,P016068
B0006G8LFO,B0006G8LFO-reworded
P00007627,P00007628
b000ep3gei,http://www.google.com/base/feeds/snippets/4837330611493150937
P00019965,P00019966
P00016913,P00016914
P00004031,P00004032
P001103,P001104
P001541,P001542
B000K8CH4Y,B000K8CH4Y-reworded
B000NABEE8,B000NABEE8-reworded
P001719,P001720
P00003905,P00003906
P00017091,P00017092
B00095VKKA,B00095VKKA-reworded
P00017407,P00017408
P017815,P017816
P00018383,P00018384
P004455,P004456
P00018663,P00018664
31273,203086857
P009075,P009076
P026003,P026004
P00007847,P00007848
P000287,P000288
P00009693,P00009694
B0000864RU,B0000864RU-reworded
b000hbxjve,http://www.google.com/base/feeds/snippets/17956249157120493393
P003907,P003908
P00003927,P00003928
b000cabe4y,http://www.google.com/base/feeds/snippets/2462325488620129357
b000coxs30,http://www.google.com/base/feeds/snippets/18397190495511936667
13581,90125786
P00014625,P00014626
P00019217,P00019218
P00013887,P00013888
P00003633,P00003634
P00005243,P00005244
P00016065,P00016066
P00004987,P00004988
27501,203928709
37354,207390184
P013455,P013456
P00013609,P00013610
P022775,P022776
b000nknb62,http://www.google.com/base/feeds/snippets/13773294714940805969
P001083,P001084
B00009W9HI,B00009W9HI-reworded
P00016355,P00016356
P00012305,P00012306
P00015603,P00015604
P00003893,P00003894
P00015607,P00015608
P00005749,P00005750
P00009241,P00009242
B0002VNAF4,B0002VNAF4-reworded
B0001MIC84,B0001MIC84-reworded
P019035,P019036
P023919,P023920
P00007573,P00007574
b000v7rij8,http://www.google.com/base/feeds/snippets/16778737466501327415
P00002775,P00002776
P022059,P022060
B0000DYHW5,B0000DYHW5-reworded
b000eztvym,http://www.google.com/base/feeds/snippets/3370622523798561341
P00019479,P00019480
B000PI9BO8,B000PI9BO8-reworded
P017419,P017420
P00015921,P00015922
P00010775,P00010776
27103,202985803
P00007175,P00007176
P00002783,P00002784
P00009907,P00009908
B0002XPKSC,B0002XPKSC-reworded
33967,207391021
P001611,P001612
P013583,P013584
P00011121,P00011122
P00008039,P00008040
B0008EOXOW,B0008EOXOW-reworded
P023211,P023212
P00007517,P00007518
b000k6b2l0,http://www.google.com/base/feeds/snippets/17834804262117799503
P00003567,P00003568
P00020921,P00020922
P007851,P007852
P00010587,P00010588
P025619,P025620
b000787g6q,http://www.google.com/base/feeds/snippets/14035761522429892531
P001687,P001688
P00019791,P00019792
P009115,P009116
P023543,P023544
B0002A1TQC,B0002A1TQC-reworded
b000hcl5sm,http://www.google.com/base/feeds/snippets/12905177887993533095
P00003853,P00003854
P017239,P017240
b000ogsgym,http://www.google.com/base/feeds/snippets/15551866173776009457
B000FYZCH2,B000FYZCH2-reworded
B00028NK6Q,B00028NK6Q-reworded
P009203,P009204
B0002D0DV6,B0002D0DV6-reworded
P00017181,P00017182
B0006I3PJO,B0006I3PJO-reworded
P008619,P008620
B0001MIC1Q,B0001MIC1Q-reworded
P000715,P000716
P00020081,P00020082
P000651,P000652
P00010515,P00010516
P00019527,P00019528
P003531,P003532
P020823,P020824
P023767,P023768
P026363,P026364
b00019jgwi,http://www.google.com/base/feeds/snippets/407742822135371560
B0002VMPIC,B0002VMPIC-reworded
P00000113,P00000114
b000a7q6n8,http://www.google.com/base/feeds/snippets/13561687450780175373
P018831,P018832
37531,204226641
B0002VN8ME,B0002VN8ME-reworded
B0000AWHSU,B0000AWHSU-reworded
b000fkbhlg,http://www.google.com/base/feeds/snippets/725822618923623741
P00020289,P00020290
b0002bqqxw,http://www.google.com/base/feeds/snippets/18436194751131787997
P006451,P006452
P00002091,P00002092
P00005865,P00005866
P017051,P017052
B0000AHPFY,B0000AHPFY-reworded
b000h5j4ka,http://www.google.com/base/feeds/snippets/11343247749866294908
P000777,P000778
P00015169,P00015170
P025887,P025888
b000fbgapi,http://www.google.com/base/feeds/snippets/18364140307508478752
P010899,P010900
P004147,P004148
P004359,P004360
P00016105,P00016106
P00004033,P00004034
P00020153,P00020154
P00009045,P00009046
b000ofnrhy,http://www.google.com/base/feeds/snippets/10453015417098446087
P00002009,P00002010
P00002661,P00002662
P00015283,P00015284
b000ccvp0a,http://www.google.com/base/feeds/snippets/12536674159579454939
b000e28ut2,http://www.google.com/base/feeds/snippets/17072957672946519930
P016071,P016072
B0006HEHHY,B0006HEHHY-reworded
B0007YXV1O,B0007YXV1O-reworded
B000I668JI,B000I668JI-reworded
P00012567,P00012568
B0007NUJ88,B0007NUJ88-reworded
P00000087,P00000088
P003383,P003384
P010651,P010652
P00020771,P00020772
P00017975,P00017976
P00004101,P00004102
P00004701,P00004702
B000283CZA,B000283CZA-reworded
P00019907,P00019908
B0001YS4D0,B0001YS4D0-reworded
P025923,P025924
b00008mnxr,http://www.google.com/base/feeds/snippets/13582930230756997101
P00016261,P00016262
P017999,P018000
P025127,P025128
P00019211,P00019212
B000NWAEXS,B000NWAEXS-reworded
P00008113,P00008114
P00008127,P00008128
P00016583,P00016584
B000PHQBQK,B000PHQBQK-reworded
P023491,P023492
P013283,P013284
6300184412,6300184412-reworded
B0000E6T7D,B0000E6T7D-reworded
P010923,P010924
P016431,P016432
P001295,P001296
B000086280,B000086280-reworded
P001373,P001374
B000AL2WQE,B000AL2WQE-reworded
B0000C3ES6,B0000C3ES6-reworded
P00002503,P00002504
P007943,P007944
P00001259,P00001260
P00013641,P00013642
b000067vpa,http://www.google.com/base/feeds/snippets/18389772286278704810
P00002465,P00002466
P010579,P010580
B0002M35GM,B0002M35GM-reworded
B000NGMKD6,B000NGMKD6-reworded
P00019939,P00019940
P00020937,P00020938
P000199,P000200
b00006jo4g,http://www.google.com/base/feeds/snippets/10206096308013781162
B0000AHRA1,B0000AHRA1-reworded
P00008401,P00008402
b0001y7poo,http://www.google.com/base/feeds/snippets/4468026794504477734
P006423,P006424
B001IBCS1E,B001IBCS1E-reworded
b000ej9w0q,http://www.google.com/base/feeds/snippets/17596883596074762243
P006039,P006040
b00005yx8i,http://www.google.com/base/feeds/snippets/18417819850768172148
P009139,P009140
b000enucvk,http://www.google.com/base/feeds/snippets/3437735654737897918
20448,10377226
B00021URC8,B00021URC8-reworded
B0001YR54Y,B0001YR54Y-reworded
P00000539,P00000540
P000111,P000112
P00007021,P00007022
b000bckm7i,http://www.google.com/base/feeds/snippets/13540884315258409885
P025863,P025864
B0002Z82B2,B0002Z82B2-reworded
B0000AFX43,B0000AFX43-reworded
P001357,P001358
P001863,P001864
P00009981,P00009982
P016439,P016440
P017063,P017064
34894,208504340
B000F9WAPE,B000F9WAPE-reworded
P00007937,P00007938
B000078PHB,B000078PHB-reworded
P004099,P004100
B000H8DZUW,B000H8DZUW-reworded
P003163,P003164
P00004181,P00004182
P00018471,P00018472
B000783HLO,B000783HLO-reworded
B000JLFKCI,B000JLFKCI-reworded
B00080XOWI,B00080XOWI-reworded
P00008329,P00008330
B0002NYPXS,B0002NYPXS-reworded
P00011549,P00011550
P00002255,P00002256
P003727,P003728
B00078MHU6,B00078MHU6-reworded
P00016077,P00016078
B000KH9O78,B000KH9O78-reworded
P00014657,P00014658
P00009185,P00009186
P001015,P001016
P00006777,P00006778
B0007TIYQG,B0007TIYQG-reworded
b000bnkbdm,http://www.google.com/base/feeds/snippets/18374143831267894200
P00001825,P00001826
P00017235,P00017236
P020923,P020924
P008423,P008424
B00026BX9O,B00026BX9O-reworded
P000121,P000122
P00012907,P00012908
P021507,P021508
B000RHKAV0,B000RHKAV0-reworded
P00014721,P00014722
P009723,P009724
P004851,P004852
B0006Z74LM,B0006Z74LM-reworded
P00008117,P00008118
P000207,P000208
P008703,P008704
b000hi1i6u,http://www.google.com/base/feeds/snippets/3752772644614152917
P017767,P017768
B0000AJGPM,B0000AJGPM-reworded
P00012285,P00012286
B0002T6B02,B0002T6B02-reworded
P00012323,P00012324
P005071,P005072
P018671,P018672
P021287,P021288
P00016777,P00016778
38399,210479062
P018019,P018020
B00021NDGU,B00021NDGU-reworded
B0006HEM7O,B0006HEM7O-reworded
P00019693,P00019694
B0001YR5BW,B0001YR5BW-reworded
B000JQWGW0,B000JQWGW0-reworded
20532,90105654
P00004233,P00004234
B0002EDTIO,B0002EDTIO-reworded
P010483,P010484
B0002VNQBM,B0002VNQBM-reworded
P00020821,P00020822
b00007g3ai,http://www.google.com/base/feeds/snippets/15756558104583624199
P00002275,P00002276
34465,209890796
B000EN0VE8,B000EN0VE8-reworded
P023747,P023748
P00006585,P00006586
B00009OLTX,B00009OLTX-reworded
B000QAPZG8,B000QAPZG8-reworded
B000FHG39A,B000FHG39A-reworded
B00066PFB2,B00066PFB2-reworded
b000nif4im,http://www.google.com/base/feeds/snippets/16793437722628106463
B00017AI3Q,B00017AI3Q-reworded
P00003131,P00003132
P001423,P001424
P00017367,P00017368
P00000007,P00000008
P00007101,P00007102
B00066MB8C,B00066MB8C-reworded
33788,207543197
b000jx3qxq,http://www.google.com/base/feeds/snippets/18435579466587005010
P00011833,P00011834
P006619,P006620
P00010825,P00010826
P000421,P000422
B000EI4SZG,B000EI4SZG-reworded
P00007613,P00007614
B000J269F4,B000J269F4-reworded
P00003747,P00003748
P00008181,P00008182
P002207,P002208
P001423,P001424
P007515,P007516
P00006459,P00006460
B00066PAIA,B00066PAIA-reworded
P00003703,P00003704
33263,208105573
B0002VNJBY,B0002VNJBY-reworded
P00005833,P00005834
P010811,P010812
P002283,P002284
P00002033,P00002034
P00004813,P00004814
P020019,P020020
B000IO9HAW,B000IO9HAW-reworded
B000O5GY24,B000O5GY24-reworded
P00019307,P00019308
P00002289,P00002290
B0006G806E,B0006G806E-reworded
B000146WNO,B000146WNO-reworded
P00003645,P00003646
P00019031,P00019032
P00003541,P00003542
B0001YR4MM,B0001YR4MM-reworded
B0002H7LVW,B0002H7LVW-reworded
P00000123,P00000124
B0000AWO2P,B0000AWO2P-reworded
P023187,P023188
P017523,P017524
P00013145,P00013146
P010419,P010420
P00003183,P00003184
P005243,P005244
P005007,P005008
P007951,P007952
B000A2LWIW,B000A2LWIW-reworded
B00020ZWOC,B00020ZWOC-reworded
P008959,P008960
B000GB7O7A,B000GB7O7A-reworded
P025287,P025288
P00009347,P00009348
P005055,P005056
P00013289,P00013290
P00008123,P00008124
P00019731,P00019732
P000675,P000676
P026119,P026120
P00017695,P00017696
B000665E7M,B000665E7M-reworded
P00017323,P00017324
P00017663,P00017664
P022751,P022752
P026247,P026248
P00019321,P00019322
P00018789,P00018790
P00001917,P00001918
B00020X1AO,B00020X1AO-reworded
P002823,P002824
B000EALI6Q,B000EALI6Q-reworded
P00004085,P00004086
P00008457,P00008458
P003835,P003836
P00014467,P00014468
B0000C3GMQ,B0000C3GMQ-reworded
P003147,P003148
B00075VSFE,B00075VSFE-reworded
B0002LI71Q,B0002LI71Q-reworded
P00011583,P00011584
B0001HN0FY,B0001HN0FY-reworded
B000AOEQ10,B000AOEQ10-reworded
P00001823,P00001824
P00000847,P00000848
P021835,P021836
P00015079,P00015080
B0002PZYY0,B0002PZYY0-reworded
B000207J16,B000207J16-reworded
P00013053,P00013054
P00020049,P00020050
P00002527,P00002528
P00015661,P00015662
P00005367,P00005368
P00010095,P00010096
P021595,P021596
P00020871,P00020872
P00003023,P00003024
P000819,P000820
B0002VNIOC,B0002VNIOC-reworded
B0000C350N,B0000C350N-reworded
P00013603,P00013604
P024943,P024944
22242,203198950
P011271,P011272
P00020759,P00020760
P00010939,P00010940
P000883,P000884
P018111,P018112
P023743,P023744
P003807,P003808
074320641X,074320641X-reworded
37287,208937533
P014507,P014508
B0001YRY9K,B0001YRY9K-reworded
P003651,P003652
P015775,P015776
P00006569,P00006570
P001371,P001372
P00002579,P00002580
B00030ISP6,B00030ISP6-reworded
P022819,P022820
31337,203884610
P000149,P000150
B000KJ9NE0,B000KJ9NE0-reworded
P00015829,P00015830
P00011499,P00011500
B0006IT6Z6,B0006IT6Z6-reworded
38278,206725964
P026503,P026504
P00013781,P00013782
B000HZDUQ4,B000HZDUQ4-reworded
P00002637,P00002638
b000he4riu,http://www.google.com/base/feeds/snippets/12068923163500219493
P006343,P006344
B000EON9MS,B000EON9MS-reworded
P00014651,P00014652
P00015731,P00015732
P024451,P024452
P015783,P015784
P023423,P023424
P000941,P000942
P00004757,P00004758
P007963,P007964
b0009dxjuq,http://www.google.com/base/feeds/snippets/16790631679419428442
P00005903,P00005904
0967746906,0967746906-reworded
P00005839,P00005840
P00001355,P00001356
P00009729,P00009730
24571,202537967
P003631,P003632
P00016375,P00016376
P001333,P001334
B000657IEK,B000657IEK-reworded
B0002NZ5LO,B0002NZ5LO-reworded
P00014191,P00014192
P00002363,P00002364
B00009XEHL,B00009XEHL-reworded
P015379,P015380
P021531,P021532
P013535,P013536
P010003,P010004
P00005039,P00005040
B0002VNCWK,B0002VNCWK-reworded
P00000681,P00000682
P00016045,P00016046
P00010559,P00010560
B0002U4A5E,B0002U4A5E-reworded
P00000797,P00000798
P003695,P003696
P00009483,P00009484
P00015397,P00015398
P025999,P026000
P00009405,P00009406
P011767,P011768
P013115,P013116
P00017473,P00017474
35305,207637793
B0002YOESS,B0002YOESS-reworded
P000367,P000368
P014823,P014824
36264,209000383
P00011795,P00011796
P004711,P004712
P024319,P024320
P00015411,P00015412
33713,206812380
0253347289,0253347289-reworded
B0009UD4ZE,B0009UD4ZE-reworded
P00000089,P00000090
B000CGS0J0,B000CGS0J0-reworded
P00000037,P00000038
P022003,P022004
P00002021,P00002022
P00018781,P00018782
34033,207390665
P00005333,P00005334
P00011563,P00011564
B000923B6O,B000923B6O-reworded
P005023,P005024
P017047,P017048
P022295,P022296
P017675,P017676
B0000C31HF,B0000C31HF-reworded
P008843,P008844
P018603,P018604
B00069IOW6,B00069IOW6-reworded
14070,203162678
B000EGKRF8,B000EGKRF8-reworded
P001563,P001564
P00018697,P00018698
P00011867,P00011868
552,90132241
P00000343,P00000344
B00028NLII,B00028NLII-reworded
P013687,P013688
P002467,P002468
b0002fgfiy,http://www.google.com/base/feeds/snippets/16668702350993735780
P000179,P000180
B000KFQ7UM,B000KFQ7UM-reworded
P000627,P000628
P00015045,P00015046
P00011259,P00011260
P025867,P025868
P012663,P012664
P00009531,P00009532
B000NMXOL2,B000NMXOL2-reworded
B0006SQO24,B0006SQO24-reworded
P00000961,P00000962
P00000655,P00000656
P00002611,P00002612
b000v7pf3o,http://www.google.com/base/feeds/snippets/17249871924749189514
P001875,P001876
34266,207900180
P00013797,P00013798
b000gamw7s,http://www.google.com/base/feeds/snippets/18053348848713858697
P00005079,P00005080
P00004455,P00004456
P016855,P016856
P00000971,P00000972
P011995,P011996
32340,205761530
P00008211,P00008212
P00020927,P00020928
b000pg8kwe,http://www.google.com/base/feeds/snippets/7402484848566215245
P013179,P013180
B0006I4XMM,B0006I4XMM-reworded
P026595,P026596
P00012175,P00012176
B0001MIBMG,B0001MIBMG-reworded
P00018491,P00018492
B000G3BCMQ,B000G3BCMQ-reworded
P017119,P017120
P000249,P000250
P00005523,P00005524
P004015,P004016
P00006193,P00006194
b000eqieik,http://www.google.com/base/feeds/snippets/8261805484012687318
P00006895,P00006896
B0001GRS30,B0001GRS30-reworded
P022899,P022900
B0002YO2T4,B0002YO2T4-reworded
P00019129,P00019130
P000739,P000740
P013015,P013016
P003407,P003408
P00015445,P00015446
B0007WSORW,B0007WSORW-reworded
P00010599,P00010600
P00005233,P00005234
P001871,P001872
P00011907,P00011908
P00005087,P00005088
B0002VMNI4,B0002VMNI4-reworded
P008731,P008732
B0000AWIGA,B0000AWIGA-reworded
B0002EERL2,B0002EERL2-reworded
P00016581,P00016582
P00000393,P00000394
P00005313,P00005314
P016399,P016400
P00007713,P00007714
B0002MQF3W,B0002MQF3W-reworded
b000iek7kg,http://www.google.com/base/feeds/snippets/16351355486478883410
P023035,P023036
P023731,P023732
P008911,P008912
P00014157,P00014158
B0000AHQY8,B0000AHQY8-reworded
33498,206928390
b000a7mfn8,http://www.google.com/base/feeds/snippets/18387170188665857199
P000943,P000944
B0002OQIFU,B0002OQIFU-reworded
P000787,P000788
B0002XSTSU,B0002XSTSU-reworded
b0009yx9bo,http://www.google.com/base/feeds/snippets/18395787464051623418
B0006TI1CO,B0006TI1CO-reworded
P00018337,P00018338
P026211,P026212
b000mz7c2w,http://www.google.com/base/feeds/snippets/15648850844085647958
P00012387,P00012388
B000MKTUI6,B000MKTUI6-reworded
P009619,P009620
P003899,P003900
b000ozjtoo,http://www.google.com/base/feeds/snippets/13637950682292849732
P00004775,P00004776
P004739,P004740
B000GKU4WS,B000GKU4WS-reworded
P00000453,P00000454
P00011641,P00011642
P00002471,P00002472
P00013081,P00013082
P00013131,P00013132
B000HYLUH6,B000HYLUH6-reworded
36077,207900176
B0001FUUYU,B0001FUUYU-reworded
b000bgtv80,http://www.google.com/base/feeds/snippets/11711993756559182415
P010219,P010220
P012955,P012956
P00003039,P00003040
P015095,P015096
B0006632LW,B0006632LW-reworded
P003103,P003104
P00015617,P00015618
P001629,P001630
P010555,P010556
P00011311,P00011312
36452,209208655
P004623,P004624
P00014663,P00014664
P005279,P005280
P00003059,P00003060
P010343,P010344
P00004481,P00004482
b000p4tc82,http://www.google.com/base/feeds/snippets/18172308291108986699
P026347,P026348
13945,207544306
B0001LMRWC,B0001LMRWC-reworded
P00012737,P00012738
P00020213,P00020214
33922,207925432
P00004597,P00004598
B000H824YU,B000H824YU-reworded
P00015815,P00015816
35981,207539418
B0007FCIJ4,B0007FCIJ4-reworded
b000byrinm,http://www.google.com/base/feeds/snippets/17081837201771092975
P00001197,P00001198
P001517,P001518
B000FAVXPG,B000FAVXPG-reworded
P003799,P003800
P008531,P008532
P019743,P019744
P000307,P000308
P00018053,P00018054
B000E48CUC,B000E48CUC-reworded
B000BI24NW,B000BI24NW-reworded
P00012333,P00012334
P018103,P018104
P002295,P002296
b00070ouja,http://www.google.com/base/feeds/snippets/13771177133224281760
P016823,P016824
P00001887,P00001888
B0007YXVVO,B0007YXVVO-reworded
P00017409,P00017410
b000bs2vzs,http://www.google.com/base/feeds/snippets/10956401022937572078
P00012997,P00012998
P002495,P002496
B0007NIZ0W,B0007NIZ0W-reworded
P006523,P006524
b000922deu,http://www.google.com/base/feeds/snippets/17512159947329144136
P025047,P025048
P013175,P013176
P00007045,P00007046
P013383,P013384
P00009825,P00009826
P00019975,P00019976
P00014257,P00014258
B000JD9OSM,B000JD9OSM-reworded
P00011315,P00011316
P002939,P002940
P00008837,P00008838
B0000CBBKT,B0000CBBKT-reworded
P00006731,P00006732
P011211,P011212
P010567,P010568
35231,208114686
0615119085,0615119085-reworded
P00012765,P00012766
P00013479,P00013480
38324,209393521
B0002LIOLY,B0002LIOLY-reworded
P00015209,P00015210
P00009637,P00009638
33726,207993409
P001071,P001072
P010139,P010140
1592330797,1592330797-reworded
P006111,P006112
B000OYW6Y0,B000OYW6Y0-reworded
P00002487,P00002488
P001195,P001196
b000cepgwg,http://www.google.com/base/feeds/snippets/4433860407786915136
P009083,P009084
b000h27psq,http://www.google.com/base/feeds/snippets/13799844440134110129
P007511,P007512
B0000C1WC0,B0000C1WC0-reworded
B0002NZB6S,B0002NZB6S-reworded
B00078W166,B00078W166-reworded
B0006V0BLQ,B0006V0BLQ-reworded
38434,210227285
30197,205593354
B0002HB226,B0002HB226-reworded
P00018777,P00018778
P00009259,P00009260
P008207,P008208
P00003809,P00003810
B000C0MLVO,B000C0MLVO-reworded
P00016043,P00016044
B000621V64,B000621V64-reworded
P00011559,P00011560
P00004881,P00004882
B0000866BY,B0000866BY-reworded
B002ZGW9HE,B002ZGW9HE-reworded
P017803,P017804
P00007765,P00007766
P003187,P003188
P025479,P025480
P00015563,P00015564
25829,202827684
P024051,P024052
b000ozhfsq,http://www.google.com/base/feeds/snippets/18438075297130458214
b000hkim7q,http://www.google.com/base/feeds/snippets/17555720475076621347
P00017187,P00017188
P016395,P016396
P00005205,P00005206
P023559,P023560
P025443,P025444
P000849,P000850
P024595,P024596
P00018211,P00018212
P00006127,P00006128
P005843,P005844
P013231,P013232
P012347,P012348
B000JW1TPE,B000JW1TPE-reworded
P00007063,P00007064
P010667,P010668
B000ITPUIA,B000ITPUIA-reworded
P001239,P001240
P005851,P005852
P00011809,P00011810
P010491,P010492
B000KWRAW4,B000KWRAW4-reworded
P00009769,P00009770
14061,203025423
P00016693,P00016694
P007671,P007672
B0007XHMUQ,B0007XHMUQ-reworded
B0001MIBVW,B0001MIBVW-reworded
P024535,P024536
B00023KM58,B00023KM58-reworded
b0009yn1rq,http://www.google.com/base/feeds/snippets/8664755713112971171
P003587,P003588
P00014665,P00014666
P001167,P001168
P00003545,P00003546
P004479,P004480
P001425,P001426
37322,209307663
P00010993,P00010994
P019527,P019528
P009431,P009432
B000QU4XA2,B000QU4XA2-reworded
P022611,P022612
P00007747,P00007748
b00076ywii,http://www.google.com/base/feeds/snippets/17407485579094223073
P023823,P023824
B00066PG7U,B00066PG7U-reworded
P00020017,P00020018
b000jgf410,http://www.google.com/base/feeds/snippets/9949258255997064102
P00003109,P00003110
P002259,P002260
B00066MB82,B00066MB82-reworded
B000L9TRPE,B000L9TRPE-reworded
P007471,P007472
P025695,P025696
P00005543,P00005544
B000HDQ2OI,B000HDQ2OI-reworded
P00002975,P00002976
27771,202592070
P00010779,P00010780
P00016769,P00016770
P021935,P021936
P00000949,P00000950
P003087,P003088
33496,206928384
B00020O8VK,B00020O8VK-reworded
P017951,P017952
P00014205,P00014206
38511,210460676
34253,206887992
B000ELT33K,B000ELT33K-reworded
P001731,P001732
P00002081,P00002082
P00012591,P00012592
P004191,P004192
B0002D9GEG,B0002D9GEG-reworded
P00010437,P00010438
P00004737,P00004738
P00002945,P00002946
P00015211,P00015212
P001649,P001650
P000151,P000152
P00015427,P00015428
P005315,P005316
P00001599,P00001600
P026471,P026472
P00005851,P00005852
P016315,P016316
B000A15FJK,B000A15FJK-reworded
P000973,P000974
P00006885,P00006886
P00006625,P00006626
P002079,P002080
P008243,P008244
P00008841,P00008842
P00004531,P00004532
P00014879,P00014880
P00014637,P00014638
P024455,P024456
P00016177,P00016178
P00006979,P00006980
B0006IBCEO,B0006IBCEO-reworded
B000JLC3PK,B000JLC3PK-reworded
b000v9yxj4,http://www.google.com/base/feeds/snippets/17521446718236049500
P024343,P024344
P001411,P001412
B0002FHGEQ,B0002FHGEQ-reworded
P00008465,P00008466
P00005371,P00005372
P00014311,P00014312
P015835,P015836
B000FB96YA,B000FB96YA-reworded
P00008219,P00008220
B000792PNO,B000792PNO-reworded
P00002085,P00002086
B0006I3V9I,B0006I3V9I-reworded
P00005413,P00005414
P005919,P005920
P00003895,P00003896
P00012883,P00012884
P00001417,P00001418
P022467,P022468
P00004053,P00004054
P00005673,P00005674
P00002709,P00002710
P000059,P000060
P007135,P007136
P00008811,P00008812
P001199,P001200
B000FE5PBU,B000FE5PBU-reworded
P00017251,P00017252
P00017507,P00017508
P00007655,P00007656
B00008621Z,B00008621Z-reworded
P024387,P024388
B000O7KYKK,B000O7KYKK-reworded
P00017725,P00017726
1569243719,1569243719-reworded
30159,208033486
P001001,P001002
P00008767,P00008768
P00002817,P00002818
b000bp8alk,http://www.google.com/base/feeds/snippets/11465786913875583817
P00007339,P00007340
P024603,P024604
P00004347,P00004348
P00013667,P00013668
P00008007,P00008008
P00020401,P00020402
P017863,P017864
P00003943,P00003944
P00005093,P00005094
B0002ZO3MY,B0002ZO3MY-reworded
P019647,P019648
P000375,P000376
34349,207660498
P001675,P001676
P00003479,P00003480
P00009237,P00009238
B00008IPMH,B00008IPMH-reworded
P00008453,P00008454
P00008157,P00008158
b000lz6a5i,http://www.google.com/base/feeds/snippets/16835999630329052337
P00001303,P00001304
B00029BHP6,B00029BHP6-reworded
P00000657,P00000658
P00019571,P00019572
P00000359,P00000360
P00009657,P00009658
B0002VNLJE,B0002VNLJE-reworded
P00008549,P00008550
P00006299,P00006300
P00012439,P00012440
P00017079,P00017080
B0000ZHCDS,B0000ZHCDS-reworded
P013635,P013636
B0006G46TO,B0006G46TO-reworded
P001303,P001304
P00017729,P00017730
B0006699HI,B0006699HI-reworded
P002115,P002116
P00006465,P00006466
P00007353,P00007354
P00002213,P00002214
B0001YIY4O,B0001YIY4O-reworded
B000IU360I,B000IU360I-reworded
P00010673,P00010674
P00006691,P00006692
P00009775,P00009776
P018735,P018736
P00000669,P00000670
P001627,P001628
P013327,P013328
P018747,P018748
P00015687,P00015688
P003431,P003432
P021975,P021976
B0000868X5,B0000868X5-reworded
P00003711,P00003712
P00008599,P00008600
B000173I74,B000173I74-reworded
b000nvspyo,http://www.google.com/base/feeds/snippets/17346668920138765245
P00010911,P00010912
P00018687,P00018688
P00008407,P00008408
P00013969,P00013970
P025951,P025952
P014511,P014512
B000FA82FA,B000FA82FA-reworded
P020779,P020780
P015791,P015792
P021519,P021520
P000101,P000102
P00017889,P00017890
26444,203407045
P026459,P026460
P00001451,P00001452
P00008513,P00008514
P00000009,P00000010
P007311,P007312
B0002VNIF6,B0002VNIF6-reworded
P00013359,P00013360
P026675,P026676
P00008785,P00008786
P024587,P024588
P017995,P017996
P005871,P005872
P021427,P021428
P00008873,P00008874
P002723,P002724
P00010305,P00010306
P017655,P017656
P00020389,P00020390
P00001085,P00001086
B000Q7EKDA,B000Q7EKDA-reworded
17187,202041204
P00009745,P00009746
35591,208171946
P00013733,P00013734
P00012797,P00012798
B0001GDB90,B0001GDB90-reworded
33908,208111903
P00018323,P00018324
P00008377,P00008378
P025487,P025488
P00012349,P00012350
P00002049,P00002050
P001583,P001584
B0000VLR8I,B0000VLR8I-reworded
P00003427,P00003428
b000hbxjxc,http://www.google.com/base/feeds/snippets/11409582066977374017
P021611,P021612
B000QBSKGO,B000QBSKGO-reworded
P003543,P003544
P00016553,P00016554
P00018319,P00018320
P00019633,P00019634
P00000569,P00000570
P00020591,P00020592
P00004731,P00004732
P00003781,P00003782
P00016095,P00016096
P00012105,P00012106
P010307,P010308
P000771,P000772
P00005373,P00005374
P008159,P008160
b0006b4zr2,http://www.google.com/base/feeds/snippets/18387344743770716829
P00019469,P00019470
P00018667,P00018668
P020831,P020832
P023827,P023828
P00014225,P00014226
b000ej9w0q,http://www.google.com/base/feeds/snippets/10299611596430222322
b000e6mjig,http://www.google.com/base/feeds/snippets/4549566074000049896
P00015717,P00015718
P00009479,P00009480
P00007367,P00007368
B0000AHR9L,B0000AHR9L-reworded
B0000ASDHL,B0000ASDHL-reworded
P025959,P025960
P00004213,P00004214
P006707,P006708
P00009887,P00009888
P00016815,P00016816
P00013127,P00013128
P014643,P014644
B000JWD2AE,B000JWD2AE-reworded
18564,208715747
P00019549,P00019550
P00008843,P00008844
P00003051,P00003052
P004943,P004944
P00003795,P00003796
B00004WZS7,B00004WZS7-reworded
b000cqnjim,http://www.google.com/base/feeds/snippets/10662427062723563235
B0007U0GO8,B0007U0GO8-reworded
P000017,P000018
P008511,P008512
B000JM236I,B000JM236I-reworded
P00002199,P00002200
P000683,P000684
P00014955,P00014956
P001427,P001428
B000IGC3O2,B000IGC3O2-reworded
b000hi1i2e,http://www.google.com/base/feeds/snippets/2084347887571442067
P00012677,P00012678
B000GJVYCS,B000GJVYCS-reworded
B00020O536,B00020O536-reworded
P00005399,P00005400
P00011745,P00011746
P00015847,P00015848
P00020815,P00020816
P00012233,P00012234
P00010857,P00010858
P019591,P019592
P00000517,P00000518
P00000723,P00000724
P021619,P021620
P00007625,P00007626
B000PV27U0,B000PV27U0-reworded
P000307,P000308
P00016603,P00016604
P019727,P019728
P002915,P002916
37496,202985950
P00015413,P00015414
B0000862CZ,B0000862CZ-reworded
P020915,P020916
P00013659,P00013660
P006315,P006316
B0007QKXAO,B0007QKXAO-reworded
P00007285,P00007286
B0006G8NUC,B0006G8NUC-reworded
P00016859,P00016860
21268,203086405
P00019239,P00019240
P001835,P001836
b000oajy8a,http://www.google.com/base/feeds/snippets/7354148618116652287
P00006161,P00006162
P026267,P026268
P00005459,P00005460
17906,204274644
P013379,P013380
B000H2453O,B000H2453O-reworded
P00018539,P00018540
P002403,P002404
P00004875,P00004876
B000L4K8P2,B000L4K8P2-reworded
P021927,P021928
P010807,P010808
P00019007,P00019008
P00015459,P00015460
P000879,P000880
P00017495,P00017496
P00018181,P00018182
P00016357,P00016358
P00018407,P00018408
P00011161,P00011162
B0002VMMLW,B0002VMMLW-reworded
P00004339,P00004340
P00019069,P00019070
P00011667,P00011668
P00001707,P00001708
P00002905,P00002906
B000A1FH52,B000A1FH52-reworded
P00001257,P00001258
P009351,P009352
P00009457,P00009458
B000HZ9QBW,B000HZ9QBW-reworded
P011359,P011360
P023651,P023652
P00009533,P00009534
P00015733,P00015734
P00013961,P00013962
P010459,P010460
P000839,P000840
P022147,P022148
B0002TPC5M,B0002TPC5M-reworded
23006,202456880
P001323,P001324
P005783,P005784
P00014029,P00014030
B0002EW80E,B0002EW80E-reworded
P020719,P020720
P008891,P008892
B0002NZON8,B0002NZON8-reworded
35190,208117918
B000A7STXS,B000A7STXS-reworded
B0000B0JT5,B0000B0JT5-reworded
P015111,P015112
P00019407,P00019408
P00013531,P00013532
P00020941,P00020942
B0002VNMZM,B0002VNMZM-reworded
B000JVCB9I,B000JVCB9I-reworded
P00008763,P00008764
P00017699,P00017700
P00010555,P00010556
P00014539,P00014540
P000053,P000054
P00006539,P00006540
P00016003,P00016004
B000ND7DSQ,B000ND7DSQ-reworded
P000583,P000584
P00010253,P00010254
b000iw5kv4,http://www.google.com/base/feeds/snippets/1756203513172973882
B000COC0W0,B000COC0W0-reworded
B000MNA1VS,B000MNA1VS-reworded
P00015063,P00015064
P00019227,P00019228
P00018809,P00018810
B0002VMMZ8,B0002VMMZ8-reworded
P023811,P023812
B000EOX3I8,B000EOX3I8-reworded
b000gkxmea,http://www.google.com/base/feeds/snippets/17230198637846961402
P007875,P007876
P00010901,P00010902
P00020709,P00020710
b0001iqnc0,http://www.google.com/base/feeds/snippets/14425804478665246948
P00019967,P00019968
b0000vyk1o,http://www.google.com/base/feeds/snippets/17409160117322953940
P00009873,P00009874
P00001809,P00001810
P00003315,P00003316
P008879,P008880
B0009SV01G,B0009SV01G-reworded
34961,208114683
P00005599,P00005600
b00021lrw2,http://www.google.com/base/feeds/snippets/6591008499871907116
P005499,P005500
B00066ZO36,B00066ZO36-reworded
P007179,P007180
B0007NIZ0M,B0007NIZ0M-reworded
P00019389,P00019390
P00011455,P00011456
P00019497,P00019498
P013643,P013644
P00014777,P00014778
P00018005,P00018006
P00018065,P00018066
30585,204206934
P00003881,P00003882
P00008707,P00008708
P023395,P023396
P012107,P012108
P00015539,P00015540
B00065GX0U,B00065GX0U-reworded
33786,206854515
P00008897,P00008898
B000IGCRA2,B000IGCRA2-reworded
P017791,P017792
P00005309,P00005310
B000GHZ476,B000GHZ476-reworded
P023595,P023596
P00000909,P00000910
P00009149,P00009150
P00010819,P00010820
P00007195,P00007196
P003047,P003048
P00012633,P00012634
P00017067,P00017068
B000PHMXSA,B000PHMXSA-reworded
P00008291,P00008292
P004219,P004220
P00016057,P00016058
B0000C2VNH,B0000C2VNH-reworded
P000717,P000718
P00013077,P00013078
P00011491,P00011492
b00029bqa2,http://www.google.com/base/feeds/snippets/18431790997623472871
P00007073,P00007074
P014659,P014660
P00007295,P00007296
P00012681,P00012682
P006851,P006852
P00016131,P00016132
P00006499,P00006500
B0000VIKR4,B0000VIKR4-reworded
P00002563,P00002564
P006531,P006532
B000NC0QWM,B000NC0QWM-reworded
B000Q989O4,B000Q989O4-reworded
b00062jdka,http://www.google.com/base/feeds/snippets/9616317575612495489
B000N406H0,B000N406H0-reworded
P018159,P018160
B0002XPKS2,B0002XPKS2-reworded
17872,90145561
P020951,P020952
b0007d8es0,http://www.google.com/base/feeds/snippets/18445465727364031756
P00020567,P00020568
P00014993,P00014994
B0000865JC,B0000865JC-reworded
P018483,P018484
P00010127,P00010128
P00006403,P00006404
B000HDH0J4,B000HDH0J4-reworded
b000mgvnks,http://www.google.com/base/feeds/snippets/10851688356333529622
36123,208504432
P025051,P025052
P00004189,P00004190
b0009gd0km,http://www.google.com/base/feeds/snippets/17374298119474236406
b000b6kh38,http://www.google.com/base/feeds/snippets/18277398973089665313
P00015099,P00015100
P00003813,P00003814
P00016967,P00016968
P00002769,P00002770
B0002T6E86,B0002T6E86-reworded
B00003IRBV,B00003IRBV-reworded
B0000AFRVW,B0000AFRVW-reworded
B000FQBINC,B000FQBINC-reworded
P00012389,P00012390
P00020319,P00020320
P017979,P017980
B0009GH0L2,B0009GH0L2-reworded
P007151,P007152
P000615,P000616
P00007607,P00007608
b000068xl9,http://www.google.com/base/feeds/snippets/18398774476993389905
P00007017,P00007018
b000f7bps4,http://www.google.com/base/feeds/snippets/12516109834871224117
P00016195,P00016196
P023591,P023592
B000F74KLI,B000F74KLI-reworded
P00014997,P00014998
P022171,P022172
P00010109,P00010110
b000hkpfje,http://www.google.com/base/feeds/snippets/17501757616782483517
34848,208117930
B00078ZU6O,B00078ZU6O-reworded
P00003671,P00003672
P001389,P001390
B000PIQQYG,B000PIQQYG-reworded
P001505,P001506
P00019829,P00019830
B000035XID,B000035XID-reworded
P001127,P001128
B0002TVWOC,B0002TVWOC-reworded
P00007463,P00007464
P00003495,P00003496
P00006155,P00006156
P006043,P006044
B0000AJHZ5,B0000AJHZ5-reworded
P00001289,P00001290
P012159,P012160
B000N5NKGI,B000N5NKGI-reworded
P00011959,P00011960
P00018315,P00018316
P00013497,P00013498
34981,208504339
P00004981,P00004982
B000JFZTOI,B000JFZTOI-reworded
B0002YO2QM,B0002YO2QM-reworded
P002567,P002568
P002815,P002816
B000CAZYZO,B000CAZYZO-reworded
b000szyqam,http://www.google.com/base/feeds/snippets/18111145490199629534
P013007,P013008
P00019435,P00019436
B000FS67LS,B000FS67LS-reworded
P00018571,P00018572
P00001981,P00001982
b000r1g844,http://www.google.com/base/feeds/snippets/13637950682292849732
P00019903,P00019904
P00008909,P00008910
P011183,P011184
P00011389,P00011390
P00002609,P00002610
P00006207,P00006208
P005339,P005340
P00010359,P00010360
P008267,P008268
P004411,P004412
P00015787,P00015788
P00005199,P00005200
P00016839,P00016840
P00008711,P00008712
P00011255,P00011256
P00008871,P00008872
P00019291,P00019292
P00005717,P00005718
P00009849,P00009850
b000pdomn8,http://www.google.com/base/feeds/snippets/7403657268074522339
P00011589,P00011590
P00006475,P00006476
P00011085,P00011086
P005387,P005388
P026679,P026680
P00014391,P00014392
P021847,P021848
B000BLER5C,B000BLER5C-reworded
P016939,P016940
P006203,P006204
37045,208791919
P00019583,P00019584
B0000AWHS7,B0000AWHS7-reworded
P026255,P026256
P00012383,P00012384
P00006337,P00006338
P019983,P019984
P015323,P015324
P00004341,P00004342
P00002197,P00002198
P00017719,P00017720
B000OZC4SW,B000OZC4SW-reworded
29866,205664973
P00007269,P00007270
P00003803,P00003804
P012731,P012732
P00009261,P00009262
B000CD6770,B000CD6770-reworded
P021031,P021032
P00010761,P00010762
P020275,P020276
P00003169,P00003170
P00014363,P00014364
B0000A7K0E,B0000A7K0E-reworded
P00012711,P00012712
B0002VN8TM,B0002VN8TM-reworded
B00023LS06,B00023LS06-reworded
B00066Q0E8,B00066Q0E8-reworded
34218,208294712
P00008225,P00008226
b000nlwxii,http://www.google.com/base/feeds/snippets/18046511712294457433
B0001U1B9I,B0001U1B9I-reworded
38486,205865187
B0006I5VIW,B0006I5VIW-reworded
P023063,P023064
P00001061,P00001062
P00017011,P00017012
39054,207390496
0373387148,0373387148-reworded
P00000875,P00000876
b000jh7c6y,http://www.google.com/base/feeds/snippets/18159360858957097495
P00009807,P00009808
P001391,P001392
1580623727,1580623727-reworded
P024859,P024860
P00010211,P00010212
P006471,P006472
P00017597,P00017598
P001083,P001084
P00004663,P00004664
P008583,P008584
B0002VNATK,B0002VNATK-reworded
P014999,P015000
B0002MC40A,B0002MC40A-reworded
P00020207,P00020208
P001011,P001012
30203,208156275
P00019275,P00019276
P00016751,P00016752
P00003067,P00003068
P00006257,P00006258
P00004105,P00004106
P00009659,P00009660
34959,207383660
P00014239,P00014240
P006687,P006688
B0002YLB7U,B0002YLB7U-reworded
B0002M35I0,B0002M35I0-reworded
B000H94PDW,B000H94PDW-reworded
P00008115,P00008116
B0006G4JGO,B0006G4JGO-reworded
P001253,P001254
34727,207666379
P000301,P000302
30594,204939361
P00014597,P00014598
P00005355,P00005356
B0002T6E6I,B0002T6E6I-reworded
P00017869,P00017870
P017031,P017032
P00011277,P00011278
P016935,P016936
b0000c4dx0,http://www.google.com/base/feeds/snippets/12956485848771496004
P00018015,P00018016
29493,204549804
B000NZYHXS,B000NZYHXS-reworded
P000903,P000904
B0000C2TWO,B0000C2TWO-reworded
P00019093,P00019094
P007763,P007764
P00002349,P00002350
P00012169,P00012170
37293,209245965
P006127,P006128
b0002mg5uk,http://www.google.com/base/feeds/snippets/1267940675828545901
B000EKGX2U,B000EKGX2U-reworded
P020503,P020504
P00003957,P00003958
P00001925,P00001926
P00008849,P00008850
P00007715,P00007716
P001899,P001900
P014531,P014532
P008307,P008308
B0000C3BFN,B0000C3BFN-reworded
B0006JAMIU,B0006JAMIU-reworded
P021235,P021236
P00008749,P00008750
P00020451,P00020452
b000ndib8m,http://www.google.com/base/feeds/snippets/2927219174769865115
33630,207659194
P00007441,P00007442
b000ezmxz6,http://www.google.com/base/feeds/snippets/18127050167172376780
P009795,P009796
b00009qenn,http://www.google.com/base/feeds/snippets/9685584718207146115
P00008941,P00008942
P00011219,P00011220
B0002VNRT8,B0002VNRT8-reworded
P020115,P020116
P000545,P000546
P00001991,P00001992
P006959,P006960
32664,209975310
37652,210254965
P023635,P023636
P010043,P010044
P001687,P001688
P018447,P018448
P00005337,P00005338
B00028LH0C,B00028LH0C-reworded
P004239,P004240
B0002VNQA8,B0002VNQA8-reworded
B000ND3G7S,B000ND3G7S-reworded
P001625,P001626
P00005893,P00005894
B0009YC7KS,B0009YC7KS-reworded
b00006h3dw,http://www.google.com/base/feeds/snippets/17252201200051627446
b000jx3qxq,http://www.google.com/base/feeds/snippets/13304616444690819122
P007103,P007104
b000ov0gao,http://www.google.com/base/feeds/snippets/18371601730045221642
B000676ECK,B000676ECK-reworded
P00000059,P00000060
P00010399,P00010400
P00010765,P00010766
B0001YRXFK,B0001YRXFK-reworded
P00010679,P00010680
P000975,P000976
P00003047,P00003048
B000MVJVYI,B000MVJVYI-reworded
P00017005,P00017006
P00013093,P00013094
P000395,P000396
P001401,P001402
B0002VNUCC,B0002VNUCC-reworded
P002271,P002272
P00017301,P00017302
P019603,P019604
P00017411,P00017412
P004183,P004184
P013443,P013444
P005119,P005120
36117,206901652
P000165,P000166
P021659,P021660
B0006L9ZKO,B0006L9ZKO-reworded
P00010047,P00010048
P006799,P006800
B00029BHDI,B00029BHDI-reworded
P00013343,P00013344
P00010635,P00010636
P000513,P000514
P00002135,P00002136
b000jj4fbw,http://www.google.com/base/feeds/snippets/18427202789383020961
B000HVYPF8,B000HVYPF8-reworded
P00011391,P00011392
B00066PD9Q,B00066PD9Q-reworded
P005515,P005516
B000F23NDY,B000F23NDY-reworded
B000G5ZC20,B000G5ZC20-reworded
B000HQ8U1I,B000HQ8U1I-reworded
P00000727,P00000728
B000BNVCSU,B000BNVCSU-reworded
P00011419,P00011420
30355,206460124
B00062NSWE,B00062NSWE-reworded
P00012655,P00012656
b00023azve,http://www.google.com/base/feeds/snippets/4949402291543451335
B0006FJP7I,B0006FJP7I-reworded
B00080YHCO,B00080YHCO-reworded
P00015391,P00015392
37309,209901964
P00003933,P00003934
P00009343,P00009344
B000FGCOT4,B000FGCOT4-reworded
B0000WL106,B0000WL106-reworded
P00008773,P00008774
P000039,P000040
b000a7q6n8,http://www.google.com/base/feeds/snippets/9575830162604297862
B000IWKIRK,B000IWKIRK-reworded
P00002485,P00002486
b00005aycg,http://www.google.com/base/feeds/snippets/14590739388057248882
B000I6326K,B000I6326K-reworded
P019923,P019924
P012687,P012688
P00000185,P00000186
P018879,P018880
P026223,P026224
P000459,P000460
13155,90109367
B00066ZPPS,B00066ZPPS-reworded
B0002VNR02,B0002VNR02-reworded
P00001391,P00001392
P00006595,P00006596
P00009431,P00009432
P00003033,P00003034
P013323,P013324
P00000821,P00000822
P012343,P012344
P020099,P020100
P002123,P002124
P00005427,P00005428
B000667CKY,B000667CKY-reworded
P015251,P015252
P00008221,P00008222
b000aa878m,http://www.google.com/base/feeds/snippets/14837029540644805566
b000in8nhq,http://www.google.com/base/feeds/snippets/17790799708366999123
P00015509,P00015510
P006015,P006016
B0006OIZSO,B0006OIZSO-reworded
27853,202985798
P00003261,P00003262
P00003149,P00003150
B0009SW37Q,B0009SW37Q-reworded
P00007005,P00007006
b000g017kg,http://www.google.com/base/feeds/snippets/18405135648098652581
P00015473,P00015474
P009895,P009896
P008303,P008304
P023655,P023656
B0002TPAB8,B0002TPAB8-reworded
P00008183,P00008184
P009327,P009328
P023527,P023528
P001723,P001724
B0000866ZU,B0000866ZU-reworded
P021731,P021732
B0002NZRD0,B0002NZRD0-reworded
P00014491,P00014492
B0002XT8SA,B0002XT8SA-reworded
P00018003,P00018004
B0002FHINA,B0002FHINA-reworded
b00002sac9,http://www.google.com/base/feeds/snippets/8401993747038150345
B0002Q81TY,B0002Q81TY-reworded
P000803,P000804
29029,204679142
P021855,P021856
P00018299,P00018300
B0001YRYKE,B0001YRYKE-reworded
P000713,P000714
P024935,P024936
B00062NRNE,B00062NRNE-reworded
P00001499,P00001500
b00007m5vg,http://www.google.com/base/feeds/snippets/16901363491609477771
P023155,P023156
P00002955,P00002956
P003867,P003868
b0009i5px0,http://www.google.com/base/feeds/snippets/10713659865788525116
P00003705,P00003706
B000N8Q4JA,B000N8Q4JA-reworded
P00003443,P00003444
b000ej9w0g,http://www.google.com/base/feeds/snippets/528675562457283213
P00001807,P00001808
P00016727,P00016728
b00008mnxz,http://www.google.com/base/feeds/snippets/18389048469504944658
P000895,P000896
B000CGG8LC,B000CGG8LC-reworded
P023079,P023080
P00009367,P00009368
B0002XT8D0,B0002XT8D0-reworded
P006219,P006220
P025595,P025596
B0002VN8FG,B0002VN8FG-reworded
P00011349,P00011350
P00014141,P00014142
P00015811,P00015812
B000BJFGHW,B000BJFGHW-reworded
P017679,P017680
P00000711,P00000712
P00016345,P00016346
B000GANTLQ,B000GANTLQ-reworded
38920,206870284
P025323,P025324
P005147,P005148
P000355,P000356
P026603,P026604
B000MVYSBE,B000MVYSBE-reworded
b0000c6fjm,http://www.google.com/base/feeds/snippets/18413075895200367717
P008787,P008788
P00017463,P00017464
P011319,P011320
P00011375,P00011376
P00014073,P00014074
P00011325,P00011326
b000h14rqk,http://www.google.com/base/feeds/snippets/18177463782265275234
B0002TOZ4Q,B0002TOZ4Q-reworded
P00005511,P00005512
P023807,P023808
b000b6jasg,http://www.google.com/base/feeds/snippets/17471276055285923188
P00001553,P00001554
P012995,P012996
P00005183,P00005184
B0002VMU1Y,B0002VMU1Y-reworded
P014871,P014872
P006611,P006612
P00019675,P00019676
P021131,P021132
P00005011,P00005012
P00003579,P00003580
